1,1660053,8970
2,1000000,12290
3,1660053,8320
4,1000000,10560
5,1000000,11760
6,1660053,8850
7,1660053,1430
8,1000000,16960
9,1660053,5810
10,1660053,5160
11,1660053,3850
12,1660053,6720
13,1000000,28430
14,1660053,9260
15,1660053,7200
16,1000000,23200
17,1660053,5340
18,1000000,15420
19,1000000,13000
20,1000000,14330
21,1000000,11970
22,1000000,10550
23,1660053,6990
24,1660053,7380
25,1000000,15170
26,1660053,2950
27,1000000,24420
28,1660053,5100
29,1660053,2660
30,1000000,10720
31,1000000,28620
32,1660053,2770
33,1660053,5470
34,1660053,7670
35,1660053,7570
36,1000000,11320
37,1660053,8830
38,1660053,8580
39,1660053,5970
40,1000000,18630
41,1660053,3180
42,1660053,4800
43,1000000,16480
44,1660053,6300
45,1000000,13980
46,1660053,7880
47,1660053,4370
48,1660053,6520
49,1000000,11830
50,1660053,3830
51,1000000,13400
52,1000000,15790
53,1000000,11260
54,1000000,16330
55,1660053,6620
56,1000000,13080
57,1000000,24150
58,1660053,3440
59,1660053,9710
60,1660053,4930
61,1660053,5970
62,1660053,4980
63,1660053,7070
64,1660053,6510
65,1000000,21080
66,1660053,5700
67,1000000,10630
68,1000000,18640
69,1000000,10720
70,1000000,14580
71,1660053,9470
72,1000000,10060
73,1000000,13980
74,1660053,3740
75,1000000,11310
76,1660053,9410
77,1660053,4320
78,1660053,5100
79,1660053,8330
80,1660053,7390
81,1000000,11480
82,1660053,6620
83,1660053,6390
84,1000000,11470
85,1660053,7390
86,1000000,16930
87,1660053,6470
88,1660053,7460
89,1660053,7080
90,1000000,14250
91,1660053,4310
92,1660053,4450
93,1660053,8250
94,1660053,2710
95,1000000,25840
96,1660053,7230
97,1660053,8650
98,1000000,11490
99,1000000,12880
100,1660053,9930
101,1660053,9180
102,1660053,9630
103,1660053,7330
104,1660053,4160
105,1000000,10280
106,1660053,4150
107,1660053,9440
108,1660053,3260
109,1660053,8700
110,1000000,12690
111,1660053,8210
112,1660053,6410
113,1000000,13530
114,1660053,5920
115,1660053,7550
116,1000000,12880
117,1000000,19200
118,1000000,17700
119,1660053,6680
120,1000000,14840
121,1000000,25980
122,1000000,17020
123,1000000,10860
124,1000000,23620
125,1660053,6090
126,1660053,2100
127,1000000,10840
128,1660053,6920
129,1660053,9940
130,1000000,13580
131,1000000,11850
132,1660053,3880
133,1000000,15190
134,1660053,6020
135,1000000,10730
136,1000000,13490
137,1660053,6650
138,1000000,10640
139,1660053,6650
140,1000000,23120
141,1660053,7550
142,1660053,7050
143,1000000,11090
144,1660053,5070
145,1000000,11820
146,1000000,12700
147,1660053,5880
148,1000000,16850
149,1660053,8590
150,1000000,11210
151,1660053,6810
152,1660053,8950
153,1660053,4920
154,1660053,6430
155,1000000,16630
156,1660053,5330
157,1660053,9820
158,1660053,6470
159,1660053,8850
160,1660053,8270
161,1000000,11010
162,1660053,8160
163,1000000,12350
164,1660053,5190
165,1000000,15120
166,1000000,11030
167,1660053,8830
168,1000000,13530
169,1000000,16620
170,1660053,6190
171,1000000,11390
172,1660053,8720
173,1000000,11510
174,1660053,2730
175,1000000,13720
176,1000000,10490
177,1660053,7760
178,1660053,3180
179,1000000,10130
180,1000000,11200
181,1660053,5770
182,1660053,5120
183,1000000,70900
184,1660053,2420
185,1000000,12040
186,1660053,5450
187,1660053,4760
188,1660053,8570
189,1660053,5000
190,1000000,21900
191,1660053,5130
192,1660053,8350
193,1000000,21100
194,1000000,13640
195,1000000,14240
196,1660053,6370
197,1660053,8050
198,1000000,19560
199,1000000,24390
200,1660053,6520
201,1000000,18490
202,1000000,18850
203,1660053,8350
204,1660053,6520
205,1660053,5850
206,1000000,17610
207,1660053,8020
208,1000000,12970
209,1000000,19150
210,1660053,6750
211,1660053,8980
212,1660053,9190
213,1660053,9130
214,1660053,9220
215,1000000,18820
216,1660053,8530
217,1660053,5590
218,1000000,10200
219,1660053,4930
220,1660053,6850
221,1660053,8020
222,1660053,9990
223,1660053,6340
224,1660053,9750
225,1000000,23520
226,1000000,10140
227,1000000,19480
228,1000000,15600
229,1660053,6620
230,1000000,15230
231,1000000,21730
232,1660053,6650
233,1000000,12410
234,1660053,4900
235,1000000,21990
236,1660053,790
237,1000000,12540
238,1660053,9460
239,1660053,5240
240,1660053,8510
241,1660053,5260
242,1660053,5870
243,1000000,16680
244,1660053,9000
245,1000000,11730
246,1000000,12390
247,1660053,7920
248,1000000,12100
249,1660053,1970
250,1000000,16350
251,1660053,7620
252,1000000,13940
253,1000000,26760
254,1000000,11320
255,1660053,600
256,1660053,5310
257,1000000,11720
258,1000000,11760
259,1660053,6260
260,1000000,11030
261,1000000,12280
262,1660053,5810
263,1000000,15010
264,1000000,32040
265,1000000,10850
266,1000000,26740
267,1000000,26390
268,1000000,10950
269,1000000,11980
270,1660053,9250
271,1660053,4900
272,1000000,17030
273,1660053,8910
274,1660053,3680
275,1660053,6420
276,1660053,9830
277,1000000,17300
278,1660053,4570
279,1000000,15230
280,1000000,11910
281,1000000,24310
282,1000000,13020
283,1000000,11090
284,1660053,5490
285,1660053,4700
286,1000000,21060
287,1660053,3720
288,1000000,12850
289,1000000,10670
290,1660053,6650
291,1660053,6970
292,1660053,2160
293,1000000,10250
294,1660053,8740
295,1660053,7690
296,1660053,7040
297,1000000,11470
298,1660053,5130
299,1000000,10400
300,1000000,27130
301,1660053,9300
302,1000000,15230
303,1000000,16850
304,1660053,6260
305,1660053,4490
306,1000000,23080
307,1660053,6460
308,1000000,10370
309,1660053,5200
310,1660053,9440
311,1000000,10940
312,1660053,5040
313,1000000,10800
314,1000000,15310
315,1660053,5180
316,1000000,12930
317,1000000,22260
318,1000000,13440
319,1000000,16100
320,1000000,10520
321,1660053,7120
322,1000000,10130
323,1660053,7900
324,1660053,5770
325,1660053,4310
326,1660053,6190
327,1000000,11470
328,1660053,3200
329,1660053,4660
330,1660053,8800
331,1000000,13960
332,1000000,15270
333,1000000,10710
334,1000000,17150
335,1000000,15690
336,1660053,8490
337,1000000,34640
338,1000000,15660
339,6258,1000000
340,1660053,8070
341,1660053,4910
342,1660053,4450
343,1000000,10570
344,1660053,5470
345,1000000,14140
346,1660053,5840
347,1660053,9870
348,1000000,20160
349,1660053,8230
350,1660053,8720
351,1660053,7270
352,1660053,2830
353,1660053,2850
354,1660053,6490
355,1660053,5280
356,1000000,13740
357,1660053,5600
358,1000000,12010
359,1660053,6390
360,1000000,10580
361,1660053,8020
362,1000000,12100
363,1000000,24310
364,1660053,7860
365,1660053,2240
366,1660053,5810
367,1660053,2990
368,1660053,1550
369,1000000,12870
370,1000000,21130
371,1660053,4190
372,1660053,7240
373,1000000,18080
374,1660053,8100
375,1660053,4910
376,1660053,4930
377,1000000,64780
378,1660053,7180
379,1660053,8170
380,1660053,5100
381,1660053,5680
382,1660053,3270
383,1660053,8380
384,1660053,6190
385,1660053,6220
386,1660053,6690
387,1660053,9980
388,1660053,8480
389,1000000,22710
390,1660053,6970
391,1000000,10730
392,1000000,28790
393,1660053,7860
394,1660053,8530
395,1000000,18880
396,1000000,15680
397,1660053,8590
398,1660053,7460
399,1660053,5160
400,1660053,8230
401,1000000,10660
402,1000000,18920
403,1660053,5480
404,1660053,7920
405,1000000,31430
406,1000000,25720
407,1000000,13290
408,1000000,13810
409,1000000,28560
410,1000000,10670
411,1660053,5100
412,1000000,10570
413,1660053,5100
414,1660053,8430
415,1660053,4320
416,1660053,9510
417,1000000,21730
418,1660053,9770
419,1660053,7530
420,1000000,15630
421,1660053,6790
422,1660053,2290
423,1000000,16500
424,1660053,4870
425,1660053,9310
426,1660053,9290
427,1660053,9300
428,1660053,9410
429,1000000,10280
430,1000000,11780
431,1660053,5670
432,1660053,6460
433,1660053,4360
434,1000000,12950
435,1660053,9330
436,1000000,12870
437,1660053,9150
438,1000000,10610
439,1000000,12040
440,1660053,7510
441,1660053,8440
442,1000000,12560
443,1660053,6540
444,1660053,9540
445,1660053,3890
446,1000000,12750
447,1660053,7350
448,1660053,5720
449,1660053,4070
450,1660053,5130
451,1660053,7620
452,1660053,3280
453,1660053,6160
454,1000000,16830
455,1000000,21680
456,1000000,12100
457,1660053,6500
458,1660053,4280
459,1000000,10040
460,1660053,5720
461,1660053,5930
462,1660053,4220
463,1000000,24450
464,1000000,18200
465,1660053,8820
466,1660053,6450
467,1660053,5370
468,1000000,13480
469,1660053,3860
470,1660053,9020
471,1000000,10180
472,1000000,13460
473,1660053,9190
474,1000000,15280
475,1000000,21910
476,1000000,10460
477,1660053,9950
478,1000000,10070
479,1660053,6190
480,1660053,5610
481,1660053,6460
482,1660053,5540
483,1000000,10220
484,1660053,3850
485,1000000,14260
486,1000000,10350
487,1000000,11360
488,1000000,26290
489,1660053,8310
490,1660053,9960
491,1660053,9900
492,1660053,9490
493,1660053,8640
494,1000000,12840
495,1660053,6090
496,1000000,13370
497,1660053,7130
498,1000000,15160
499,1660053,5760
500,1000000,29100
501,1660053,7370
502,1000000,140030
503,1660053,9170
504,1660053,7260
505,1660053,5830
506,1660053,8840
507,1660053,5500
508,1000000,11440
509,1660053,7490
510,1660053,3760
511,1660053,3910
512,1000000,39810
513,1660053,9300
514,1000000,13610
515,1660053,9600
516,1660053,7000
517,1660053,3730
518,1660053,3460
519,1000000,14780
520,1660053,8070
521,1000000,74410
522,1000000,10250
523,1660053,5720
524,1000000,11710
525,1000000,13950
526,1000000,23450
527,1660053,3990
528,1660053,5040
529,1000000,11590
530,1660053,5270
531,1660053,7360
532,1000000,11160
533,1000000,11300
534,1660053,5570
535,1660053,4350
536,1660053,8090
537,1000000,12200
538,1660053,9540
539,1660053,7840
540,1000000,14750
541,1660053,8120
542,1660053,4850
543,1660053,7270
544,1660053,4160
545,1660053,7600
546,1660053,5960
547,1000000,11530
548,1660053,7210
549,1000000,12560
550,1000000,12580
551,1660053,2460
552,1660053,8400
553,1000000,24130
554,1660053,5980
555,1660053,6010
556,1000000,15240
557,1660053,8770
558,1000000,10470
559,1000000,13710
560,1660053,8430
561,1000000,11410
562,1000000,12270
563,1660053,7980
564,1660053,4400
565,1000000,40470
566,1000000,11570
567,1660053,2860
568,1660053,5780
569,1000000,13840
570,1660053,7540
571,1660053,5760
572,1660053,6870
573,1660053,5600
574,1000000,10660
575,1000000,10430
576,1660053,6390
577,1660053,3210
578,1660053,7650
579,1000000,13300
580,1660053,2700
581,1660053,8490
582,1660053,7580
583,1660053,8320
584,1660053,6140
585,1660053,4670
586,1660053,5120
587,1660053,6150
588,1660053,5270
589,1660053,7560
590,1660053,7710
591,1660053,7690
592,1660053,4060
593,1000000,10040
594,1000000,10300
595,1660053,5410
596,1660053,7420
597,1660053,5570
598,1660053,9600
599,1000000,12670
600,1000000,10180
601,1660053,5860
602,1660053,3430
603,1660053,1380
604,1660053,6040
605,1660053,8250
606,1660053,8570
607,1660053,6730
608,1660053,7580
609,1660053,7130
610,1660053,8680
611,1000000,11950
612,1000000,16780
613,1000000,10300
614,1000000,16830
615,1660053,9620
616,1660053,7140
617,1000000,20530
618,1660053,3180
619,1000000,10100
620,1660053,9530
621,1660053,5410
622,1660053,8140
623,1660053,3530
624,1660053,4820
625,1660053,9050
626,1660053,7400
627,1660053,7670
628,1000000,12340
629,1660053,4850
630,1660053,5950
631,1660053,7360
632,1660053,8620
633,1660053,4460
634,1000000,10640
635,1000000,13750
636,1000000,22890
637,1000000,10280
638,1000000,25550
639,1000000,11950
640,1000000,17000
641,1000000,12530
642,1660053,6910
643,1000000,14990
644,1660053,4470
645,1000000,13640
646,1660053,4030
647,1660053,5920
648,1000000,17280
649,1660053,5510
650,1660053,5980
651,1000000,14820
652,1000000,12490
653,1660053,4510
654,1000000,19950
655,1660053,2760
656,1660053,4220
657,1660053,3880
658,1660053,5100
659,1660053,6750
660,1000000,12720
661,1660053,6340
662,1660053,6340
663,1000000,40060
664,1000000,15100
665,1660053,9760
666,1000000,21270
667,1000000,10320
668,1660053,8480
669,1660053,5040
670,1000000,14820
671,1000000,11500
672,1660053,7510
673,1660053,9750
674,1660053,6750
675,1660053,8680
676,1000000,13810
677,1660053,4230
678,1660053,5010
679,1000000,11810
680,1660053,4290
681,1660053,7650
682,1660053,5930
683,1000000,18710
684,1660053,6940
685,1000000,10640
686,1000000,13460
687,1660053,8880
688,1660053,8690
689,1660053,5960
690,1660053,5350
691,1660053,6790
692,1660053,2480
693,1000000,12640
694,1000000,21930
695,1660053,6610
696,1000000,29090
697,1660053,4990
698,1000000,10330
699,1000000,11650
700,1660053,6740
701,1660053,7430
702,1000000,34250
703,1660053,7150
704,1660053,4010
705,1000000,14470
706,1000000,20610
707,1660053,8680
708,1000000,15230
709,1000000,11010
710,1000000,30300
711,1660053,7850
712,1660053,7830
713,1660053,7870
714,1660053,2670
715,1660053,3820
716,1660053,9860
717,1000000,12070
718,1660053,3300
719,1000000,10880
720,1000000,22960
721,1660053,8480
722,1660053,6300
723,1660053,8960
724,1000000,13330
725,1000000,21130
726,1660053,6270
727,1660053,8470
728,1000000,12500
729,1660053,5490
730,1660053,6230
731,1660053,2690
732,1660053,7230
733,1000000,22580
734,1660053,8140
735,1660053,3720
736,1000000,23170
737,1000000,12070
738,1000000,23510
739,1000000,10660
740,1660053,7740
741,1000000,12770
742,1660053,3600
743,1000000,14840
744,1660053,6290
745,1660053,5040
746,1660053,3760
747,1660053,8750
748,1660053,7190
749,1000000,13570
750,1000000,11770
751,1660053,6450
752,1660053,7870
753,1660053,9430
754,1660053,9350
755,1660053,6640
756,1000000,11260
757,1000000,10750
758,1660053,6840
759,1000000,15290
760,1660053,9310
761,1000000,12900
762,1000000,12850
763,1000000,44300
764,1660053,9180
765,1660053,9600
766,1000000,11260
767,1660053,5100
768,1000000,14920
769,1000000,17980
770,1660053,9570
771,1000000,25480
772,1660053,8620
773,1660053,9280
774,1660053,3240
775,1660053,7750
776,1660053,6690
777,1660053,7480
778,1660053,5530
779,1660053,7270
780,1000000,13500
781,1660053,3840
782,1000000,15580
783,1660053,9840
784,1660053,9980
785,1000000,10670
786,1000000,14560
787,1000000,20110
788,1660053,6660
789,1660053,7140
790,1000000,11770
791,1660053,5480
792,1660053,7750
793,1660053,5260
794,1660053,3520
795,1000000,10600
796,1660053,9010
797,1660053,8020
798,1660053,3090
799,1000000,13210
800,1660053,6440
801,1660053,4000
802,1660053,6990
803,1000000,14790
804,1660053,9160
805,1000000,12490
806,1000000,12680
807,1000000,16740
808,1660053,8450
809,1000000,12270
810,1660053,6360
811,1660053,5420
812,1000000,10030
813,1660053,9620
814,1660053,5360
815,1660053,9090
816,1660053,6970
817,1660053,6770
818,1000000,13140
819,1000000,12940
820,1660053,4060
821,1660053,7490
822,1660053,6660
823,1660053,7780
824,1660053,6930
825,1660053,9540
826,1660053,4150
827,1660053,6420
828,1000000,10940
829,1660053,7590
830,1660053,6550
831,1000000,10430
832,1660053,6280
833,6258,1000000
834,1000000,18320
835,1660053,6340
836,1000000,26010
837,1660053,6820
838,1000000,11880
839,1660053,5920
840,1000000,16900
841,1660053,6840
842,1660053,7550
843,1660053,2370
844,1660053,4150
845,1660053,7770
846,1000000,12180
847,1000000,16000
848,1000000,11940
849,1000000,11290
850,1000000,11360
851,1660053,3860
852,1660053,2770
853,1660053,5590
854,1660053,8910
855,1000000,14480
856,1660053,8650
857,1660053,6330
858,1000000,12860
859,1660053,1570
860,1000000,15980
861,1660053,2960
862,1660053,4780
863,1660053,6250
864,1000000,34070
865,1660053,9350
866,1660053,6530
867,1660053,5070
868,1660053,6940
869,1000000,13650
870,1660053,6570
871,1660053,4440
872,1660053,8160
873,1660053,9630
874,1000000,11660
875,1660053,4780
876,1660053,6080
877,1000000,11040
878,1000000,11170
879,1660053,7470
880,1660053,4380
881,1660053,4590
882,1000000,10520
883,1000000,11990
884,1660053,3200
885,1660053,3800
886,1000000,24170
887,1000000,26870
888,1660053,6290
889,1660053,8720
890,1660053,9610
891,1660053,4320
892,1000000,13190
893,1000000,14100
894,1000000,18110
895,1000000,22040
896,1000000,11250
897,1660053,5030
898,1000000,11510
899,1000000,13780
900,1660053,3560
901,1660053,6510
902,1000000,18720
903,1660053,8020
904,1660053,5570
905,1000000,11730
906,1660053,5460
907,1660053,3550
908,1660053,9420
909,1660053,6850
910,1000000,20170
911,1000000,310930
912,1000000,10610
913,1660053,7990
914,1660053,6370
915,1660053,6950
916,1660053,5100
917,1660053,7920
918,1000000,15290
919,1660053,4570
920,1000000,23120
921,1660053,6270
922,1000000,21980
923,1660053,4870
924,1000000,29560
925,1000000,14570
926,1660053,8410
927,1000000,14990
928,1000000,14320
929,1000000,14340
930,1000000,11790
931,1660053,7030
932,1660053,5060
933,1000000,20760
934,1660053,5840
935,1000000,10700
936,1000000,18120
937,1660053,6870
938,1660053,6580
939,1660053,7570
940,1660053,3650
941,1000000,10840
942,6258,1000000
943,1660053,9720
944,1000000,15030
945,1000000,10010
946,1660053,3820
947,1000000,15580
948,1660053,5060
949,1000000,10940
950,1660053,8890
951,1660053,3660
952,1660053,8550
953,1660053,7840
954,1660053,6300
955,1660053,4390
956,1660053,5860
957,1660053,9880
958,1000000,58300
959,1000000,12760
960,1000000,25950
961,1000000,10370
962,1000000,11480
963,1660053,7640
964,1660053,2210
965,1660053,5380
966,1660053,8340
967,1660053,5490
968,1660053,8460
969,1000000,22310
970,1660053,6340
971,1000000,10450
972,1000000,15460
973,1660053,7560
974,1660053,9960
975,1000000,12990
976,1660053,9030
977,1000000,30010
978,1660053,5630
979,1000000,13930
980,1000000,19620
981,1660053,9480
982,1000000,30720
983,1660053,7750
984,1660053,9820
985,1000000,153600
986,1000000,13450
987,1660053,4780
988,1660053,5440
989,1660053,6530
990,1000000,13790
991,1660053,5260
992,1000000,18150
993,1660053,4220
994,1660053,9380
995,1660053,5480
996,1000000,23260
997,1660053,3600
998,1660053,5240
999,1000000,15270
1000,1000000,30800
1001,1000000,12680
1002,1660053,3030
1003,1660053,2100
1004,1660053,8380
1005,1660053,4630
1006,1660053,6630
1007,1000000,13660
1008,1000000,10590
1009,1000000,20470
1010,1000000,11280
1011,1660053,6590
1012,1660053,5210
1013,1660053,7980
1014,1660053,8380
1015,1000000,13400
1016,1660053,4560
1017,1660053,8390
1018,1660053,4000
1019,1660053,5170
1020,1660053,5190
1021,1660053,8610
1022,1660053,2830
1023,1000000,10790
1024,1000000,24830
1025,1660053,5600
1026,1000000,11100
1027,1660053,1540
1028,1000000,22550
1029,1660053,5950
1030,1000000,11140
1031,1660053,8640
1032,1660053,8200
1033,1000000,11430
1034,1000000,42300
1035,1660053,7930
1036,1000000,13650
1037,1000000,11480
1038,1660053,9320
1039,1000000,20830
1040,1000000,13610
1041,1000000,10760
1042,1660053,9560
1043,1660053,4090
1044,1000000,10940
1045,1000000,36770
1046,1660053,8060
1047,1000000,10280
1048,1000000,12200
1049,1000000,19220
1050,1000000,18520
1051,1660053,9450
1052,1660053,6760
1053,1000000,20380
1054,1000000,11910
1055,1000000,21860
1056,1000000,11470
1057,1000000,10130
1058,1000000,66220
1059,1660053,7950
1060,1660053,9460
1061,1000000,15350
1062,1660053,6690
1063,1660053,7860
1064,1660053,8120
1065,1000000,34760
1066,1000000,10650
1067,1000000,13240
1068,1000000,19870
1069,1660053,8510
1070,1000000,16000
1071,1660053,4470
1072,1000000,11130
1073,1660053,6580
1074,1660053,7940
1075,1000000,30810
1076,1660053,4030
1077,1000000,13050
1078,1660053,7080
1079,1660053,7480
1080,1660053,7520
1081,1000000,15480
1082,1000000,23720
1083,1660053,6430
1084,1000000,10180
1085,1660053,5260
1086,1660053,6860
1087,1000000,15480
1088,1000000,13430
1089,1660053,5700
1090,1660053,6930
1091,1660053,5420
1092,1660053,4220
1093,1000000,13840
1094,1660053,6190
1095,1000000,49500
1096,1660053,4920
1097,1660053,9920
1098,1000000,10620
1099,1660053,2990
1100,1660053,7980
1101,1000000,15680
1102,1000000,11300
1103,1000000,12080
1104,1660053,9250
1105,1660053,5730
1106,1660053,8240
1107,1660053,8540
1108,1660053,6030
1109,1000000,11960
1110,1660053,6860
1111,1000000,22360
1112,1660053,7620
1113,1660053,4700
1114,1660053,6570
1115,1660053,3010
1116,1000000,17330
1117,1660053,8530
1118,1660053,4730
1119,1660053,8030
1120,1660053,9340
1121,1660053,6830
1122,1000000,11890
1123,1660053,4570
1124,1000000,10070
1125,1000000,14160
1126,1660053,9040
1127,1660053,6920
1128,1660053,8580
1129,1660053,5350
1130,1000000,12540
1131,1660053,7460
1132,1000000,38970
1133,1000000,19540
1134,1660053,3610
1135,1000000,16060
1136,1660053,9040
1137,1660053,4990
1138,1000000,17550
1139,1660053,6740
1140,1000000,21420
1141,1660053,8940
1142,1660053,3900
1143,1660053,9720
1144,1660053,6060
1145,1000000,15650
1146,1660053,4630
1147,1660053,3770
1148,1000000,11050
1149,1660053,7610
1150,1000000,12760
1151,1660053,2950
1152,1660053,8150
1153,1000000,11660
1154,1660053,3380
1155,1660053,8540
1156,1660053,3500
1157,1000000,10840
1158,1000000,12170
1159,1660053,5610
1160,1000000,10520
1161,1660053,8380
1162,1660053,7560
1163,1660053,5360
1164,1660053,8700
1165,1000000,13930
1166,1000000,15070
1167,1000000,14020
1168,1000000,11830
1169,1660053,8920
1170,1000000,42950
1171,1660053,6490
1172,1660053,6600
1173,1660053,6940
1174,1000000,11110
1175,1660053,2910
1176,1000000,39710
1177,1000000,12580
1178,1660053,4740
1179,1660053,8710
1180,1660053,4580
1181,1660053,4350
1182,1660053,9130
1183,1660053,9550
1184,1660053,7790
1185,1000000,11990
1186,1000000,10320
1187,1000000,26520
1188,1000000,12990
1189,1660053,3730
1190,1660053,4180
1191,1000000,13050
1192,1000000,10020
1193,1660053,9280
1194,1660053,6750
1195,1000000,17790
1196,1660053,7860
1197,1660053,6380
1198,1000000,14400
1199,1660053,7430
1200,1660053,3580
1201,1000000,11450
1202,1660053,6290
1203,1660053,8530
1204,1660053,5350
1205,1660053,8410
1206,1660053,8960
1207,1660053,5940
1208,1000000,11510
1209,1000000,36330
1210,1000000,12060
1211,1000000,16880
1212,1000000,12210
1213,1000000,12540
1214,1660053,4440
1215,1660053,7280
1216,1660053,2930
1217,1000000,14200
1218,1000000,12530
1219,1000000,10380
1220,1000000,11780
1221,1660053,7880
1222,1000000,43570
1223,1660053,6670
1224,1660053,9850
1225,1000000,12590
1226,1660053,5390
1227,1660053,3340
1228,1660053,9080
1229,1000000,38520
1230,1660053,2420
1231,1660053,3800
1232,1660053,1940
1233,1000000,37380
1234,1660053,8600
1235,1660053,8690
1236,1660053,8260
1237,1660053,8830
1238,1660053,6210
1239,1660053,4420
1240,1660053,7600
1241,1660053,9080
1242,1660053,9740
1243,1000000,10740
1244,1660053,7700
1245,1000000,11760
1246,1000000,13380
1247,1000000,13930
1248,1660053,4820
1249,1000000,10840
1250,1660053,8200
1251,1660053,8420
1252,1000000,16430
1253,1000000,13490
1254,1000000,22300
1255,1660053,6430
1256,1660053,8840
1257,1660053,9910
1258,1660053,9400
1259,1660053,8480
1260,1660053,4270
1261,1000000,20780
1262,1660053,4980
1263,1000000,12800
1264,1660053,2300
1265,1660053,2370
1266,1000000,16180
1267,1000000,10710
1268,1660053,6930
1269,1660053,7340
1270,1000000,15200
1271,1000000,25820
1272,1660053,3930
1273,1000000,12700
1274,1000000,17070
1275,1660053,8210
1276,1000000,11330
1277,1660053,5530
1278,1000000,27480
1279,1000000,16080
1280,1000000,18350
1281,1660053,7630
1282,1660053,4480
1283,1660053,7020
1284,1000000,13110
1285,1660053,7080
1286,1000000,11880
1287,1000000,14510
1288,1660053,9090
1289,1660053,3500
1290,1000000,13190
1291,1660053,9750
1292,1000000,12750
1293,1660053,4670
1294,1660053,5680
1295,1660053,3990
1296,1660053,4470
1297,1660053,7400
1298,1660053,8750
1299,1660053,8340
1300,1660053,9300
1301,1000000,13130
1302,1000000,10120
1303,1660053,5880
1304,1660053,8030
1305,1000000,13020
1306,1000000,10400
1307,1660053,9820
1308,1660053,4420
1309,1660053,8370
1310,1000000,10350
1311,1000000,10150
1312,1660053,9050
1313,1660053,2350
1314,1660053,3280
1315,1660053,4310
1316,1000000,12030
1317,1660053,6850
1318,1660053,2310
1319,1000000,11300
1320,1000000,12050
1321,1660053,9380
1322,1660053,5770
1323,1660053,3850
1324,1660053,4910
1325,1000000,13900
1326,1000000,25760
1327,1000000,22290
1328,1660053,7820
1329,1000000,10960
1330,1660053,6230
1331,1660053,7810
1332,1000000,13130
1333,1660053,7110
1334,1000000,10780
1335,1660053,4360
1336,1660053,8700
1337,1000000,11530
1338,1000000,14590
1339,1660053,8410
1340,1000000,24470
1341,1000000,33550
1342,1660053,3940
1343,1660053,7990
1344,1000000,17620
1345,1660053,4260
1346,1660053,4510
1347,1660053,7900
1348,1660053,7950
1349,1660053,7340
1350,1000000,10500
1351,1000000,12100
1352,1000000,18920
1353,1660053,7680
1354,1660053,4720
1355,1000000,22390
1356,1660053,2920
1357,1000000,11140
1358,1660053,1090
1359,1660053,5530
1360,1660053,9420
1361,1660053,4910
1362,1660053,4340
1363,1660053,2590
1364,1660053,8820
1365,1660053,3560
1366,1000000,12040
1367,1000000,11270
1368,1660053,6140
1369,1000000,14170
1370,1000000,13720
1371,1660053,8710
1372,1660053,9690
1373,1660053,2870
1374,1000000,11650
1375,1660053,5520
1376,1660053,9610
1377,1000000,19070
1378,1660053,8990
1379,1660053,9650
1380,1660053,4640
1381,1000000,18980
1382,1000000,17650
1383,1000000,21350
1384,1000000,18410
1385,1660053,4720
1386,1660053,4330
1387,1000000,16140
1388,1660053,3670
1389,1660053,5730
1390,1000000,12810
1391,1660053,2860
1392,1000000,39480
1393,1000000,10160
1394,1660053,9300
1395,1660053,3730
1396,1660053,6110
1397,1000000,11630
1398,1000000,15380
1399,1660053,9560
1400,1000000,15210
1401,1660053,6750
1402,1660053,9890
1403,1660053,9630
1404,1660053,9830
1405,1000000,15260
1406,1660053,9980
1407,1000000,13070
1408,1000000,10870
1409,1660053,9440
1410,1660053,6440
1411,1000000,12110
1412,1660053,8630
1413,1660053,9290
1414,1000000,12130
1415,1660053,9740
1416,1000000,18080
1417,1000000,13190
1418,1660053,8690
1419,1660053,3360
1420,1660053,5440
1421,1660053,7540
1422,1000000,12930
1423,1660053,9770
1424,1660053,8060
1425,1000000,15100
1426,1660053,1930
1427,1660053,3300
1428,1660053,8920
1429,1660053,8590
1430,1660053,8160
1431,1000000,21280
1432,1000000,13540
1433,1000000,30360
1434,1000000,11200
1435,1000000,11510
1436,1660053,6700
1437,1660053,4800
1438,1000000,14760
1439,1660053,9830
1440,1660053,8790
1441,1660053,9030
1442,1660053,1940
1443,1000000,23490
1444,1660053,3160
1445,1660053,5150
1446,1000000,10030
1447,1000000,18900
1448,1660053,8610
1449,1660053,1790
1450,1660053,8730
1451,1660053,4730
1452,1660053,8020
1453,1660053,7500
1454,1000000,18440
1455,1000000,15740
1456,1000000,14580
1457,6258,1000000
1458,1660053,5350
1459,1660053,7660
1460,1000000,11480
1461,1000000,10380
1462,1660053,9150
1463,1660053,6250
1464,1660053,9200
1465,1660053,7050
1466,1000000,10630
1467,1000000,17560
1468,1000000,30200
1469,1660053,6770
1470,1660053,6700
1471,1000000,17640
1472,1660053,5680
1473,1660053,5810
1474,1000000,22790
1475,1660053,9960
1476,1660053,4260
1477,1660053,6490
1478,1000000,13040
1479,1000000,12160
1480,1660053,7290
1481,1000000,13070
1482,1000000,13910
1483,1660053,7590
1484,1660053,5840
1485,1000000,13840
1486,1000000,15290
1487,1660053,3320
1488,1000000,12530
1489,1000000,37930
1490,1660053,6200
1491,1000000,11090
1492,1000000,16420
1493,1660053,5930
1494,1000000,10080
1495,1000000,13270
1496,1000000,17730
1497,1000000,13330
1498,1000000,11490
1499,1660053,7130
1500,1660053,4180
1501,1000000,23280
1502,1660053,6250
1503,1000000,11780
1504,1000000,13020
1505,1000000,42660
1506,1000000,14290
1507,1660053,5030
1508,1000000,16380
1509,1000000,11610
1510,1000000,33640
1511,1000000,10030
1512,1660053,8530
1513,1660053,5170
1514,1660053,4370
1515,1660053,7190
1516,6258,1000000
1517,1000000,12140
1518,1660053,7390
1519,1660053,9110
1520,1660053,7480
1521,1000000,10160
1522,1000000,13140
1523,1000000,11270
1524,1000000,13150
1525,1000000,20380
1526,1660053,7190
1527,1000000,11090
1528,1660053,8190
1529,1000000,12030
1530,1000000,10800
1531,1000000,12710
1532,1660053,4850
1533,1000000,10630
1534,1660053,9030
1535,1660053,4540
1536,1660053,8060
1537,1000000,10620
1538,1000000,19400
1539,1000000,48990
1540,1660053,2890
1541,1660053,5330
1542,1660053,2310
1543,1660053,4890
1544,1660053,4630
1545,1000000,17170
1546,1000000,17000
1547,1660053,8010
1548,1660053,4210
1549,1660053,6660
1550,1660053,9240
1551,1660053,8960
1552,1000000,27210
1553,1660053,5420
1554,1660053,5590
1555,1660053,6520
1556,1660053,5070
1557,1000000,13910
1558,1000000,14740
1559,1660053,8540
1560,1660053,8560
1561,1660053,9350
1562,1660053,4270
1563,1000000,10550
1564,1660053,6860
1565,1660053,6030
1566,1660053,8190
1567,1000000,15260
1568,1660053,5790
1569,1000000,32480
1570,1000000,15350
1571,1660053,3590
1572,1660053,8290
1573,1660053,5490
1574,1660053,5610
1575,1660053,3900
1576,1660053,5800
1577,1000000,13850
1578,1660053,9030
1579,1660053,5900
1580,1660053,9380
1581,1660053,7520
1582,1000000,22720
1583,1000000,12210
1584,1000000,10880
1585,1000000,11670
1586,1000000,13100
1587,1660053,2830
1588,1000000,12860
1589,1660053,5120
1590,1000000,17130
1591,1660053,5160
1592,1660053,5710
1593,1000000,15980
1594,1000000,12210
1595,1660053,9100
1596,1000000,32880
1597,1660053,7910
1598,1660053,6310
1599,1660053,6640
1600,1000000,15980
1601,1660053,8500
1602,1000000,11250
1603,1000000,13770
1604,1000000,17150
1605,1000000,12300
1606,1660053,4190
1607,1000000,14410
1608,1660053,8990
1609,1660053,5650
1610,1660053,5230
1611,1000000,13120
1612,1660053,9370
1613,1660053,9880
1614,1000000,19910
1615,1000000,13260
1616,1660053,4960
1617,1660053,3360
1618,1660053,5820
1619,1660053,9120
1620,1000000,46300
1621,1000000,16040
1622,1000000,23830
1623,1000000,18210
1624,1000000,10920
1625,1660053,1960
1626,1000000,16060
1627,1660053,7670
1628,1660053,8410
1629,1000000,13110
1630,1660053,7440
1631,1660053,6590
1632,1660053,7730
1633,1000000,13910
1634,1660053,8300
1635,1000000,11970
1636,1000000,17190
1637,1660053,7620
1638,1660053,5610
1639,1660053,6270
1640,1000000,14240
1641,1660053,8160
1642,1660053,9600
1643,1660053,4500
1644,1660053,4940
1645,1660053,8750
1646,1660053,6950
1647,1660053,5040
1648,1660053,9450
1649,1660053,5730
1650,1660053,6080
1651,1660053,9900
1652,1660053,5050
1653,1660053,7860
1654,1000000,11420
1655,1660053,4120
1656,1660053,9080
1657,1660053,3280
1658,1000000,47950
1659,1000000,19200
1660,1000000,11290
1661,1660053,7040
1662,1660053,7630
1663,1000000,15420
1664,1660053,8990
1665,1660053,4440
1666,1660053,4830
1667,1660053,4110
1668,1660053,9190
1669,1000000,21470
1670,1000000,27040
1671,1000000,23020
1672,1660053,5330
1673,1660053,9930
1674,1660053,8910
1675,1000000,13220
1676,1000000,13190
1677,1000000,10020
1678,1660053,7880
1679,1000000,12390
1680,1660053,4840
1681,1000000,11860
1682,1000000,10190
1683,1000000,10640
1684,1000000,11630
1685,1000000,17530
1686,1000000,18620
1687,1660053,7380
1688,1660053,7900
1689,1000000,21140
1690,1000000,17700
1691,1660053,4120
1692,1000000,59130
1693,1660053,4430
1694,1660053,8130
1695,1000000,22100
1696,1660053,5730
1697,1000000,18950
1698,1000000,10760
1699,1660053,3930
1700,1000000,14240
1701,1000000,10510
1702,1660053,2200
1703,1000000,39140
1704,1660053,3050
1705,1660053,3180
1706,1660053,3400
1707,1660053,4180
1708,1000000,11830
1709,1660053,9520
1710,1000000,13530
1711,1000000,11970
1712,1660053,5020
1713,1660053,7390
1714,1660053,4800
1715,1000000,16890
1716,1660053,7600
1717,1660053,4780
1718,1000000,14010
1719,1660053,6400
1720,1000000,16200
1721,1000000,21370
1722,1660053,6420
1723,1660053,5420
1724,1000000,15440
1725,1660053,9940
1726,1000000,11450
1727,1660053,6590
1728,1660053,5620
1729,1000000,15230
1730,1000000,12310
1731,1660053,9960
1732,1000000,17470
1733,1000000,27630
1734,1000000,32690
1735,1660053,7400
1736,1000000,10470
1737,1660053,6990
1738,1000000,19860
1739,1000000,12270
1740,1660053,4290
1741,1660053,5700
1742,1660053,6970
1743,1000000,10310
1744,1660053,9640
1745,1660053,4110
1746,1660053,7230
1747,1660053,5600
1748,1660053,9020
1749,1000000,76880
1750,1000000,17660
1751,1000000,10500
1752,1000000,17840
1753,1660053,5150
1754,1660053,8850
1755,1000000,11820
1756,1660053,5500
1757,1000000,13580
1758,1660053,7600
1759,1660053,4110
1760,1000000,13500
1761,1000000,23530
1762,1660053,7350
1763,1660053,8570
1764,1660053,8770
1765,1660053,4500
1766,1660053,2980
1767,1000000,15230
1768,1660053,7740
1769,1660053,5340
1770,1660053,2920
1771,1660053,6860
1772,1660053,5470
1773,1660053,8310
1774,1660053,7820
1775,1660053,9960
1776,1660053,7780
1777,1000000,15060
1778,1000000,50070
1779,1660053,6780
1780,1660053,7510
1781,1660053,7290
1782,1660053,6760
1783,1660053,4520
1784,1660053,4370
1785,1660053,3300
1786,1660053,8710
1787,1660053,5500
1788,1660053,9400
1789,1000000,10830
1790,1000000,12400
1791,1000000,10510
1792,1660053,3360
1793,1660053,8160
1794,1660053,6400
1795,1000000,11650
1796,1660053,8630
1797,1660053,2590
1798,1000000,11370
1799,1660053,9540
1800,1000000,56730
1801,1000000,15440
1802,1660053,7480
1803,1000000,23820
1804,6258,1000000
1805,1000000,25480
1806,1660053,6130
1807,1660053,6850
1808,1660053,8850
1809,1660053,4720
1810,1660053,8510
1811,1660053,8020
1812,1660053,6170
1813,1660053,3810
1814,1660053,5050
1815,1660053,3140
1816,1660053,6580
1817,1660053,6530
1818,1660053,5960
1819,1000000,23890
1820,1660053,8830
1821,1000000,18930
1822,1000000,24410
1823,1000000,13210
1824,1000000,22050
1825,1000000,13540
1826,1660053,1780
1827,1660053,8270
1828,1660053,9500
1829,1660053,8050
1830,1660053,9240
1831,1660053,6030
1832,1660053,3720
1833,1660053,2950
1834,1660053,7620
1835,1660053,4270
1836,1000000,10370
1837,1660053,4040
1838,1660053,4170
1839,1660053,7300
1840,1660053,3660
1841,1660053,8220
1842,1660053,6680
1843,1660053,9850
1844,1000000,10120
1845,1660053,9880
1846,1000000,18920
1847,1660053,5230
1848,1000000,11330
1849,1660053,4090
1850,1660053,6050
1851,1000000,28610
1852,1000000,12300
1853,1660053,4710
1854,1660053,5860
1855,1660053,8280
1856,1660053,4330
1857,1660053,9640
1858,1660053,3650
1859,1660053,5870
1860,1000000,11570
1861,1660053,5080
1862,1000000,17310
1863,1660053,9940
1864,1000000,21770
1865,1660053,6670
1866,1000000,10310
1867,1000000,11290
1868,1000000,13200
1869,1660053,6650
1870,1660053,9980
1871,1660053,4820
1872,1000000,17830
1873,1000000,10030
1874,1660053,6640
1875,1660053,2190
1876,1660053,6130
1877,1660053,4750
1878,1660053,5340
1879,1660053,9780
1880,1660053,4260
1881,1000000,13180
1882,1000000,27890
1883,1660053,7350
1884,1660053,7550
1885,1660053,7940
1886,1660053,6920
1887,1660053,7000
1888,1660053,1780
1889,1660053,5740
1890,1660053,4540
1891,1660053,8190
1892,1660053,8170
1893,1660053,5140
1894,1660053,7140
1895,1660053,2820
1896,1660053,8110
1897,1660053,4610
1898,1660053,6680
1899,1000000,15030
1900,1000000,14900
1901,1660053,8480
1902,1660053,5960
1903,1660053,6280
1904,1660053,8200
1905,1660053,4290
1906,1660053,8010
1907,1000000,10050
1908,1660053,4690
1909,1660053,7130
1910,1660053,7900
1911,1660053,9000
1912,1000000,19850
1913,1000000,10470
1914,1000000,15550
1915,1660053,7010
1916,1000000,20540
1917,1000000,11740
1918,1000000,12290
1919,1000000,76670
1920,1000000,14660
1921,1660053,5350
1922,1660053,6060
1923,1660053,7720
1924,1660053,3390
1925,1660053,6460
1926,1000000,15870
1927,1000000,11250
1928,1000000,46200
1929,1660053,8290
1930,1660053,7720
1931,1660053,7690
1932,1660053,7140
1933,1000000,27190
1934,1000000,12410
1935,1660053,6410
1936,1660053,4000
1937,1660053,5240
1938,1660053,9270
1939,1660053,6310
1940,1000000,10350
1941,1660053,6510
1942,1660053,9790
1943,1660053,5570
1944,1660053,6730
1945,1000000,18620
1946,1660053,9290
1947,1000000,14850
1948,1660053,5030
1949,1000000,13800
1950,1000000,17830
1951,1660053,6810
1952,1660053,5250
1953,1000000,17560
1954,1000000,15850
1955,1660053,2810
1956,1660053,3400
1957,1000000,19190
1958,1660053,6810
1959,1660053,8480
1960,1660053,6770
1961,1660053,6330
1962,1660053,5280
1963,1000000,23270
1964,1660053,3800
1965,6258,1000000
1966,1660053,6740
1967,1000000,18950
1968,1000000,19300
1969,1000000,11080
1970,1660053,8020
1971,1000000,22200
1972,1000000,14690
1973,1660053,9090
1974,1660053,8530
1975,1000000,10300
1976,1660053,6030
1977,1000000,11190
1978,1660053,7200
1979,1000000,34060
1980,1000000,11010
1981,1660053,2770
1982,1000000,13230
1983,1660053,7430
1984,1660053,8250
1985,1660053,7890
1986,1660053,6900
1987,1660053,3670
1988,1660053,9410
1989,1000000,29310
1990,1660053,7300
1991,1000000,36070
1992,1660053,5680
1993,1660053,7020
1994,1660053,3740
1995,1660053,6710
1996,1000000,11980
1997,1660053,5230
1998,1660053,5660
1999,1660053,6800
2000,1000000,12220
2001,1000000,10250
2002,1000000,19430
2003,6258,1000000
2004,1660053,6340
2005,1660053,5310
2006,1660053,6270
2007,1660053,4130
2008,1000000,12430
2009,1000000,20800
2010,1000000,13010
2011,1000000,36440
2012,1660053,5720
2013,1660053,8610
2014,1000000,12510
2015,1660053,4180
2016,1660053,6920
2017,1660053,5910
2018,1660053,7490
2019,1000000,28160
2020,1660053,8340
2021,1000000,11160
2022,1660053,3390
2023,1000000,11260
2024,1660053,5250
2025,1660053,8880
2026,1660053,3430
2027,1660053,8230
2028,1660053,4730
2029,1660053,6960
2030,1000000,25610
2031,1660053,5030
2032,1660053,5750
2033,1000000,16500
2034,1000000,12580
2035,1000000,18340
2036,1000000,14730
2037,1000000,10240
2038,1660053,8710
2039,1000000,10470
2040,1000000,11210
2041,1660053,7510
2042,1660053,7440
2043,1000000,12630
2044,1660053,5790
2045,1000000,13870
2046,1000000,10680
2047,1000000,13160
2048,1660053,5370
2049,1000000,12910
2050,1000000,13870
2051,1660053,7320
2052,1660053,8550
2053,1660053,4420
2054,1660053,5280
2055,1000000,11660
2056,1000000,11970
2057,1660053,3640
2058,1000000,30010
2059,1000000,14860
2060,1000000,11880
2061,1660053,3500
2062,1660053,4450
2063,1000000,14600
2064,1000000,15080
2065,1660053,7130
2066,1660053,5020
2067,1660053,7370
2068,1000000,15220
2069,1660053,9200
2070,1000000,34130
2071,1660053,5630
2072,1660053,5960
2073,1660053,7350
2074,1660053,4790
2075,1000000,11000
2076,1000000,10850
2077,1000000,10270
2078,1000000,10410
2079,1660053,9950
2080,1660053,9870
2081,1660053,9240
2082,1000000,12140
2083,1000000,10820
2084,1660053,3220
2085,1000000,14380
2086,1000000,11390
2087,1000000,19370
2088,1660053,4960
2089,1660053,5400
2090,1660053,6830
2091,1000000,10820
2092,1000000,23530
2093,1660053,6790
2094,1660053,6900
2095,1660053,3690
2096,1660053,8330
2097,1000000,24120
2098,1000000,10150
2099,1660053,3980
2100,1660053,6450
2101,1000000,43950
2102,1660053,7240
2103,1000000,24930
2104,1000000,20580
2105,1660053,3540
2106,1660053,2970
2107,1000000,13130
2108,1000000,11220
2109,1660053,9390
2110,1000000,13620
2111,1660053,3670
2112,1660053,7510
2113,1000000,12490
2114,1000000,12470
2115,1000000,11170
2116,1660053,6780
2117,1660053,8380
2118,1000000,13770
2119,1000000,33450
2120,1000000,25300
2121,1660053,4790
2122,1660053,5460
2123,1000000,15460
2124,1660053,4540
2125,1660053,6680
2126,1660053,4150
2127,1660053,6930
2128,1660053,4900
2129,1660053,5060
2130,1660053,8930
2131,1000000,10510
2132,1660053,9890
2133,1660053,8240
2134,1660053,3440
2135,1000000,10340
2136,1660053,8870
2137,1000000,13110
2138,1000000,24090
2139,1000000,20910
2140,1660053,3490
2141,1000000,14730
2142,1000000,12090
2143,1000000,22180
2144,1660053,5370
2145,1660053,6760
2146,1660053,7110
2147,1660053,6770
2148,1660053,4600
2149,1660053,3140
2150,1660053,7120
2151,1660053,4290
2152,1000000,11120
2153,1000000,14910
2154,1660053,4470
2155,1660053,7330
2156,1660053,3240
2157,1000000,12870
2158,1660053,8610
2159,1000000,33360
2160,1660053,7280
2161,1660053,3900
2162,1660053,4140
2163,1660053,4260
2164,1660053,7940
2165,1660053,8450
2166,1660053,4840
2167,1000000,10720
2168,1000000,11130
2169,1000000,12590
2170,1000000,20450
2171,1660053,6620
2172,1660053,4530
2173,1660053,9480
2174,1000000,18440
2175,1000000,11010
2176,1000000,12160
2177,1660053,6440
2178,1000000,10200
2179,1660053,4240
2180,1000000,12610
2181,1660053,8360
2182,1000000,12080
2183,1000000,12790
2184,1000000,14630
2185,1660053,8260
2186,1000000,10230
2187,1660053,2640
2188,1660053,8610
2189,1000000,12340
2190,1660053,3380
2191,1000000,12270
2192,1660053,7980
2193,1660053,3600
2194,1000000,14900
2195,1000000,10050
2196,1660053,4980
2197,1660053,5210
2198,1000000,10210
2199,1000000,21060
2200,1660053,4820
2201,1660053,6420
2202,1000000,13490
2203,1000000,23300
2204,1000000,12300
2205,1000000,15850
2206,1660053,8510
2207,1000000,16980
2208,1000000,82420
2209,1000000,19730
2210,1660053,6040
2211,1660053,4540
2212,1000000,12170
2213,1660053,5910
2214,1660053,7080
2215,1660053,3510
2216,1660053,8410
2217,1000000,15690
2218,1660053,7800
2219,1660053,4630
2220,1000000,17920
2221,1660053,3210
2222,1660053,8690
2223,1000000,13640
2224,1660053,8750
2225,1660053,8250
2226,1000000,15730
2227,1000000,23160
2228,1660053,4420
2229,1660053,9890
2230,1660053,7380
2231,1000000,10040
2232,1000000,11790
2233,1660053,4700
2234,1660053,5830
2235,1660053,4850
2236,1660053,9760
2237,1000000,14900
2238,1660053,3990
2239,1660053,8550
2240,1660053,6780
2241,1660053,3130
2242,1660053,9700
2243,1660053,7760
2244,1660053,6670
2245,1660053,6610
2246,1660053,3100
2247,1660053,5120
2248,1000000,16830
2249,1000000,10710
2250,1660053,5610
2251,1660053,5310
2252,1000000,14060
2253,1000000,18100
2254,1000000,10830
2255,1660053,7190
2256,1660053,8500
2257,1660053,6640
2258,1000000,11370
2259,1000000,12380
2260,1660053,8350
2261,1660053,6620
2262,1660053,1750
2263,1660053,5080
2264,1660053,8040
2265,1660053,7730
2266,1660053,7950
2267,1660053,6560
2268,1660053,6470
2269,1000000,14450
2270,1660053,5740
2271,1000000,12480
2272,1000000,17200
2273,1000000,10040
2274,1660053,1910
2275,1000000,20710
2276,1000000,22810
2277,1660053,5290
2278,1660053,3430
2279,1660053,3860
2280,1660053,6220
2281,1660053,3200
2282,6258,1000000
2283,1660053,4470
2284,1660053,7020
2285,1660053,5890
2286,1660053,2720
2287,1000000,11310
2288,1000000,10990
2289,1000000,13400
2290,1660053,1840
2291,1660053,9930
2292,1660053,5180
2293,1000000,11460
2294,1660053,9010
2295,1660053,7810
2296,1660053,8820
2297,1000000,14590
2298,1660053,8570
2299,1000000,10650
2300,1660053,7100
2301,1660053,7890
2302,1000000,20370
2303,1660053,8800
2304,1000000,20960
2305,1660053,4080
2306,1660053,5800
2307,1660053,7950
2308,1660053,7400
2309,1660053,6470
2310,1660053,4660
2311,1660053,5580
2312,1000000,10190
2313,1000000,11510
2314,1660053,9630
2315,1000000,18950
2316,1660053,8810
2317,1660053,8380
2318,1660053,8680
2319,1660053,3890
2320,1000000,14700
2321,1660053,4180
2322,1660053,2900
2323,1000000,18110
2324,1000000,22370
2325,1660053,5300
2326,1000000,11900
2327,1660053,7760
2328,1660053,7770
2329,1660053,9270
2330,1660053,5690
2331,1000000,24070
2332,1000000,10710
2333,1660053,8420
2334,1660053,5290
2335,1660053,8710
2336,1000000,19510
2337,1000000,11300
2338,1000000,15310
2339,1660053,9470
2340,1660053,6210
2341,1660053,8520
2342,1660053,5790
2343,1660053,7300
2344,1000000,10680
2345,1660053,5450
2346,1660053,3230
2347,1660053,4070
2348,1660053,5990
2349,1000000,22930
2350,1000000,10820
2351,1660053,7670
2352,1000000,13040
2353,1660053,5740
2354,1660053,8020
2355,1000000,11410
2356,1000000,11450
2357,1000000,14540
2358,1660053,9740
2359,1660053,8720
2360,1660053,6540
2361,1660053,2920
2362,1000000,12630
2363,1660053,8910
2364,1000000,12340
2365,1660053,3420
2366,1660053,9760
2367,1660053,4080
2368,1660053,8180
2369,1000000,12210
2370,1660053,6460
2371,1660053,6090
2372,1660053,5750
2373,1000000,17860
2374,1660053,6120
2375,1000000,12410
2376,1660053,9160
2377,1000000,10810
2378,1660053,2520
2379,1660053,9020
2380,1000000,11810
2381,1660053,7120
2382,1000000,18910
2383,1660053,9780
2384,1660053,7410
2385,1660053,3450
2386,1000000,13930
2387,1660053,1800
2388,1660053,6570
2389,1660053,7680
2390,1660053,6110
2391,1660053,6060
2392,1660053,9630
2393,1000000,13540
2394,1660053,9840
2395,1000000,22900
2396,1660053,8270
2397,1000000,18120
2398,1660053,6520
2399,1660053,8940
2400,1000000,36770
2401,1660053,6550
2402,1000000,19430
2403,1660053,9330
2404,1660053,5280
2405,1000000,12200
2406,1660053,3490
2407,1000000,19660
2408,1000000,10160
2409,1660053,6120
2410,1660053,6620
2411,1660053,7770
2412,1660053,9340
2413,1660053,5640
2414,1000000,11190
2415,1660053,8100
2416,1000000,10070
2417,1660053,3260
2418,1000000,12760
2419,1660053,6410
2420,1660053,9580
2421,1660053,2670
2422,1000000,10360
2423,1660053,7700
2424,1660053,8090
2425,1660053,3440
2426,1000000,10430
2427,1660053,7150
2428,1660053,4990
2429,1000000,13440
2430,1660053,4130
2431,1000000,31350
2432,1000000,14240
2433,1660053,5360
2434,1660053,9130
2435,1660053,6570
2436,1000000,12150
2437,1660053,5320
2438,1660053,9390
2439,1660053,9980
2440,1660053,4800
2441,1000000,18740
2442,1660053,6910
2443,1000000,14900
2444,1660053,6300
2445,1660053,9210
2446,1660053,5260
2447,1660053,6980
2448,1000000,10550
2449,1000000,10550
2450,1660053,6090
2451,1660053,4990
2452,1660053,6090
2453,1660053,8910
2454,1660053,9470
2455,1660053,8860
2456,1000000,10460
2457,1000000,11470
2458,1000000,19840
2459,1660053,4320
2460,1660053,6450
2461,1000000,58400
2462,1660053,3450
2463,1000000,26800
2464,1660053,9360
2465,1660053,4690
2466,1660053,3780
2467,1660053,1840
2468,1000000,11740
2469,1660053,7380
2470,1000000,11340
2471,1660053,7050
2472,1000000,14460
2473,1660053,7890
2474,6258,1000000
2475,1000000,12270
2476,1660053,6850
2477,1660053,4560
2478,1000000,15580
2479,1000000,11670
2480,1000000,18370
2481,1660053,9460
2482,1660053,9620
2483,1660053,4640
2484,1660053,5300
2485,1000000,33610
2486,1660053,8410
2487,1660053,9350
2488,1000000,10930
2489,1660053,6920
2490,1660053,7290
2491,1660053,8660
2492,1000000,16340
2493,1660053,7000
2494,1000000,11470
2495,1000000,13770
2496,1660053,9780
2497,1660053,8850
2498,1000000,11740
2499,1660053,4200
2500,1000000,42320
2501,1660053,8580
2502,1660053,3370
2503,1660053,5310
2504,1000000,27950
2505,1000000,16140
2506,1660053,6610
2507,1000000,11200
2508,1000000,14350
2509,1660053,9500
2510,1660053,6840
2511,1660053,8970
2512,1000000,14490
2513,1660053,3900
2514,1000000,12590
2515,1660053,8100
2516,1660053,7710
2517,1000000,13910
2518,1000000,12550
2519,1000000,10180
2520,1660053,5860
2521,1660053,3870
2522,1660053,7870
2523,1000000,11260
2524,1000000,25940
2525,1000000,14550
2526,1000000,17580
2527,1660053,7500
2528,1660053,6740
2529,1660053,8840
2530,1000000,15920
2531,1660053,5680
2532,1660053,3160
2533,1660053,3170
2534,1660053,3210
2535,1660053,6630
2536,1660053,4530
2537,1000000,17510
2538,1000000,11550
2539,1660053,5220
2540,1000000,14080
2541,1660053,9180
2542,1660053,4880
2543,1660053,2000
2544,1660053,8930
2545,1000000,30080
2546,1000000,11930
2547,1000000,12140
2548,1660053,9160
2549,1660053,3730
2550,1660053,9300
2551,1660053,2770
2552,1660053,7230
2553,1660053,3680
2554,1660053,7390
2555,1000000,16160
2556,1000000,16130
2557,1660053,3510
2558,1000000,20570
2559,1660053,6110
2560,1000000,14130
2561,1660053,6890
2562,1660053,4730
2563,1000000,29560
2564,1000000,13680
2565,1000000,24950
2566,1000000,12470
2567,1000000,13730
2568,1660053,8400
2569,1660053,4660
2570,1000000,19900
2571,1660053,6900
2572,1660053,8580
2573,1660053,6570
2574,1660053,4970
2575,1660053,3180
2576,1660053,3030
2577,1000000,21640
2578,1000000,10570
2579,1000000,15150
2580,1660053,8130
2581,1660053,6940
2582,1660053,6070
2583,1660053,6330
2584,1000000,14850
2585,1660053,6120
2586,1660053,5530
2587,1660053,3210
2588,1660053,6680
2589,1000000,11270
2590,1660053,7740
2591,1000000,19660
2592,1000000,13990
2593,1660053,7880
2594,6258,1000000
2595,1000000,13310
2596,1660053,3950
2597,1660053,4050
2598,1660053,8410
2599,1660053,6350
2600,1660053,9990
2601,1660053,1790
2602,1000000,10080
2603,1000000,12110
2604,1660053,5870
2605,1660053,9090
2606,1660053,9220
2607,1660053,3540
2608,1000000,67280
2609,1660053,7590
2610,1660053,3470
2611,6258,1000000
2612,1660053,3510
2613,1660053,7420
2614,1660053,7850
2615,1660053,9160
2616,1660053,8290
2617,1660053,9650
2618,1000000,13450
2619,1000000,10930
2620,1660053,9530
2621,1000000,13720
2622,1000000,16480
2623,1660053,7100
2624,1660053,6680
2625,1660053,6650
2626,1000000,11270
2627,1660053,7620
2628,1660053,8840
2629,1000000,14130
2630,1660053,6510
2631,1000000,11920
2632,1660053,7590
2633,1660053,9760
2634,1660053,7550
2635,1660053,5080
2636,1000000,10690
2637,1660053,3800
2638,1660053,9650
2639,1660053,8450
2640,1000000,12160
2641,1660053,6580
2642,1660053,6130
2643,1660053,8240
2644,1660053,8610
2645,1660053,7320
2646,1660053,8190
2647,1000000,17140
2648,1000000,11260
2649,1000000,14830
2650,1660053,7390
2651,1000000,15260
2652,1660053,4580
2653,1660053,5420
2654,1660053,5810
2655,1660053,2920
2656,1660053,3840
2657,1660053,8280
2658,1000000,19610
2659,1000000,25810
2660,1660053,8170
2661,1660053,7390
2662,1000000,12190
2663,1000000,10400
2664,1660053,6120
2665,1000000,15390
2666,1000000,12010
2667,1000000,11090
2668,1000000,19940
2669,1000000,10220
2670,1660053,3480
2671,1660053,7810
2672,1660053,3270
2673,1000000,17680
2674,1660053,6640
2675,1000000,16610
2676,1660053,8470
2677,1660053,1930
2678,1660053,8910
2679,1660053,9670
2680,1660053,2970
2681,1000000,15340
2682,1000000,11560
2683,1000000,19130
2684,1660053,4350
2685,1660053,8270
2686,1660053,4620
2687,1000000,20050
2688,1660053,5430
2689,1000000,13690
2690,1000000,14780
2691,1000000,32230
2692,1660053,6660
2693,1000000,13250
2694,1660053,4350
2695,1000000,13060
2696,1000000,26020
2697,1000000,77890
2698,1660053,6300
2699,1660053,6440
2700,1000000,21710
2701,1000000,34410
2702,1660053,7060
2703,1660053,8090
2704,1000000,22110
2705,1660053,3550
2706,1000000,23100
2707,1660053,7660
2708,1000000,16980
2709,1000000,16240
2710,1000000,15140
2711,1000000,13170
2712,1660053,9230
2713,1000000,11390
2714,1660053,7280
2715,1660053,4700
2716,1000000,20120
2717,1000000,21340
2718,1000000,59440
2719,1660053,6350
2720,1000000,10070
2721,1000000,60010
2722,1660053,7340
2723,1000000,11040
2724,1660053,8830
2725,1000000,13520
2726,1660053,3370
2727,1660053,3520
2728,1000000,15010
2729,1000000,13100
2730,1660053,6350
2731,1660053,4540
2732,1660053,9950
2733,1660053,8970
2734,1660053,8210
2735,1660053,4670
2736,1660053,7090
2737,1660053,9360
2738,1000000,11060
2739,1660053,9230
2740,1000000,11360
2741,1000000,18060
2742,1000000,11030
2743,1000000,30590
2744,1000000,13460
2745,1000000,13160
2746,1660053,5640
2747,1660053,9060
2748,1660053,9790
2749,1000000,10430
2750,1660053,6270
2751,1660053,7400
2752,1000000,10130
2753,1000000,13220
2754,1660053,6800
2755,1660053,2460
2756,1660053,6380
2757,1000000,36110
2758,1660053,9480
2759,1000000,13900
2760,1660053,5070
2761,1000000,18770
2762,1000000,10720
2763,1660053,8190
2764,1660053,7710
2765,1000000,14840
2766,1660053,5990
2767,1000000,10080
2768,1000000,13160
2769,1660053,5340
2770,1000000,22910
2771,1000000,10760
2772,1000000,20190
2773,1660053,8160
2774,1660053,9230
2775,1660053,1720
2776,1660053,7030
2777,1660053,8840
2778,1000000,22090
2779,1660053,5340
2780,1660053,7820
2781,1660053,5590
2782,1000000,17760
2783,1000000,14410
2784,1000000,12740
2785,1660053,6270
2786,1000000,11790
2787,1660053,7370
2788,1660053,9780
2789,1660053,5110
2790,1660053,7940
2791,1660053,5780
2792,1000000,21780
2793,1660053,3000
2794,1660053,8650
2795,1000000,12380
2796,1000000,10600
2797,1660053,6370
2798,1660053,7240
2799,1000000,11460
2800,1000000,22140
2801,1660053,9990
2802,1660053,7430
2803,1660053,7500
2804,1000000,25160
2805,1660053,7290
2806,1660053,7930
2807,1000000,19730
2808,1660053,6150
2809,1000000,14860
2810,1660053,3880
2811,1660053,7640
2812,1000000,10430
2813,1660053,5240
2814,1000000,13830
2815,1000000,16170
2816,1000000,10080
2817,1000000,13560
2818,1660053,7370
2819,1660053,4890
2820,1660053,7790
2821,1660053,9160
2822,1660053,9300
2823,1000000,23220
2824,1660053,4790
2825,1000000,14100
2826,1660053,9590
2827,1660053,9900
2828,1660053,4770
2829,1660053,7640
2830,1000000,11800
2831,1660053,8570
2832,1660053,8530
2833,1660053,7220
2834,1660053,7430
2835,1660053,8900
2836,1660053,7680
2837,1660053,6410
2838,1660053,3080
2839,1000000,17940
2840,1660053,9190
2841,1660053,6820
2842,1660053,4980
2843,1660053,6820
2844,1660053,4390
2845,1660053,8200
2846,1660053,9910
2847,1000000,20270
2848,1000000,18820
2849,1000000,20080
2850,1000000,11980
2851,1000000,16340
2852,1660053,3580
2853,1660053,5270
2854,1000000,15480
2855,1660053,8510
2856,1660053,9480
2857,1000000,18600
2858,1660053,5580
2859,1660053,8930
2860,1660053,7210
2861,1660053,4880
2862,1660053,7780
2863,1000000,19410
2864,1000000,10600
2865,1660053,8350
2866,1660053,5340
2867,1000000,12970
2868,1660053,9840
2869,1660053,8660
2870,1000000,19060
2871,1660053,2340
2872,1000000,18480
2873,1660053,3840
2874,1660053,3190
2875,1660053,8740
2876,1000000,18080
2877,1000000,11440
2878,1660053,8040
2879,1660053,6390
2880,1000000,13320
2881,1000000,10680
2882,1660053,6140
2883,1660053,8150
2884,1660053,8420
2885,1660053,6860
2886,1660053,5750
2887,1000000,11140
2888,1660053,5440
2889,1000000,53650
2890,1660053,7820
2891,1000000,24470
2892,1000000,14330
2893,1000000,25210
2894,1000000,20090
2895,1660053,4680
2896,1660053,9270
2897,1000000,12240
2898,1660053,5900
2899,1000000,10650
2900,1000000,11580
2901,1660053,8090
2902,1000000,10410
2903,1660053,6610
2904,1000000,14020
2905,1660053,4600
2906,1660053,4140
2907,1000000,12160
2908,1660053,2720
2909,1660053,1960
2910,1660053,8940
2911,1660053,3690
2912,1660053,6190
2913,1000000,18370
2914,1000000,12690
2915,1660053,5490
2916,1000000,15440
2917,1000000,15290
2918,1660053,2580
2919,1660053,8960
2920,1660053,7520
2921,1660053,2960
2922,1000000,62080
2923,1660053,5290
2924,1000000,12820
2925,1660053,4770
2926,1000000,12480
2927,1000000,12480
2928,1660053,2920
2929,1660053,5840
2930,1000000,11630
2931,1660053,5770
2932,1000000,20340
2933,1000000,10200
2934,1000000,12250
2935,1660053,8150
2936,1660053,9840
2937,1000000,15150
2938,1000000,12910
2939,1000000,12200
2940,1000000,13800
2941,1000000,27440
2942,1660053,6580
2943,1000000,19530
2944,1660053,8720
2945,1000000,27960
2946,1000000,17710
2947,1000000,15360
2948,1000000,12040
2949,1660053,6580
2950,1660053,3410
2951,1660053,8390
2952,1660053,6880
2953,1660053,8190
2954,1660053,4850
2955,1000000,13070
2956,1660053,6580
2957,1000000,12450
2958,1000000,14300
2959,1660053,7530
2960,1000000,16410
2961,1660053,7660
2962,1660053,6500
2963,1660053,6230
2964,1660053,9840
2965,1660053,9480
2966,1660053,7390
2967,1000000,27150
2968,1660053,5370
2969,1660053,8920
2970,1000000,12640
2971,1000000,51700
2972,1660053,7350
2973,1000000,12460
2974,1660053,5270
2975,1660053,7310
2976,1000000,12410
2977,1000000,15640
2978,1660053,9270
2979,1660053,6470
2980,1000000,14920
2981,1660053,4140
2982,1660053,8240
2983,1660053,6710
2984,1660053,5850
2985,1660053,8180
2986,1660053,6970
2987,1660053,3460
2988,1000000,11250
2989,1660053,5640
2990,1000000,17990
2991,1660053,9720
2992,1000000,10650
2993,1660053,3570
2994,1660053,6230
2995,1000000,19030
2996,1660053,6070
2997,1660053,6250
2998,1660053,8890
2999,1660053,8130
3000,1660053,7180
3001,1000000,11610
3002,1000000,20790
3003,1000000,14130
3004,1660053,4960
3005,1000000,14620
3006,1660053,4090
3007,1000000,28750
3008,1660053,7780
3009,1660053,5560
3010,1660053,2990
3011,1000000,24970
3012,1660053,3310
3013,1000000,10000
3014,1000000,17240
3015,1000000,12880
3016,1660053,5720
3017,1660053,8390
3018,1000000,49360
3019,1660053,1510
3020,1000000,13770
3021,1660053,8690
3022,1660053,2910
3023,1660053,7770
3024,1000000,16520
3025,1660053,3600
3026,1660053,8760
3027,1000000,51290
3028,1000000,31700
3029,1660053,3920
3030,1000000,14160
3031,1000000,11440
3032,1000000,11780
3033,1660053,6230
3034,1660053,8230
3035,1660053,4580
3036,1660053,9440
3037,1000000,14740
3038,1000000,10300
3039,1000000,17430
3040,1000000,23310
3041,1660053,3500
3042,1660053,2560
3043,1000000,13210
3044,1660053,8930
3045,1000000,11170
3046,1000000,31220
3047,1000000,12310
3048,1000000,14950
3049,1660053,7400
3050,1000000,18540
3051,1660053,4900
3052,1660053,6560
3053,1660053,8340
3054,1660053,5270
3055,1660053,5590
3056,1000000,21590
3057,1000000,12040
3058,1000000,13900
3059,1000000,13510
3060,1000000,10320
3061,1660053,7540
3062,1000000,14220
3063,1660053,5360
3064,1660053,8560
3065,1660053,6630
3066,1000000,10130
3067,1660053,7550
3068,1000000,23500
3069,1660053,6330
3070,1660053,3240
3071,1000000,11660
3072,1660053,2610
3073,1000000,24120
3074,1000000,11610
3075,1660053,4760
3076,1000000,10410
3077,1000000,11570
3078,1660053,8560
3079,1000000,10560
3080,1000000,11970
3081,1660053,4230
3082,1000000,10130
3083,1660053,8490
3084,1000000,12420
3085,1660053,6590
3086,1660053,5150
3087,1660053,5940
3088,1000000,10530
3089,1660053,9390
3090,1000000,15370
3091,1660053,4830
3092,1000000,23200
3093,1660053,6330
3094,1660053,8510
3095,1660053,2140
3096,1660053,6130
3097,1000000,15440
3098,1660053,9060
3099,1660053,4840
3100,1660053,4890
3101,1660053,5710
3102,1660053,4150
3103,1660053,2520
3104,1660053,7840
3105,1660053,8800
3106,1000000,18430
3107,1000000,13170
3108,1000000,12010
3109,1660053,8100
3110,1000000,11640
3111,1000000,10260
3112,1660053,5920
3113,1660053,5530
3114,1000000,11430
3115,1660053,4130
3116,1660053,8290
3117,1000000,14510
3118,1000000,10710
3119,1000000,30380
3120,1660053,6990
3121,1000000,24130
3122,1000000,17040
3123,1000000,11630
3124,1660053,5100
3125,1000000,24070
3126,1000000,223560
3127,1660053,4880
3128,1660053,7760
3129,1000000,10900
3130,1000000,10620
3131,1000000,18350
3132,1660053,8010
3133,1660053,5970
3134,1660053,6380
3135,1660053,7880
3136,1660053,8860
3137,1000000,12120
3138,1000000,12410
3139,1000000,19540
3140,1660053,4890
3141,1660053,5080
3142,1660053,8030
3143,1000000,15690
3144,1000000,25850
3145,1660053,6720
3146,1660053,7360
3147,1660053,8960
3148,1000000,11910
3149,1660053,9370
3150,1000000,24070
3151,1000000,18240
3152,1660053,4680
3153,1000000,13950
3154,1000000,12730
3155,1000000,11870
3156,1660053,9350
3157,1660053,630
3158,1660053,4500
3159,1660053,6920
3160,1660053,9870
3161,1660053,6830
3162,1000000,19040
3163,1000000,27930
3164,1000000,10200
3165,1000000,15630
3166,1000000,10350
3167,1000000,14280
3168,1660053,5350
3169,1660053,8050
3170,1000000,11330
3171,1660053,7990
3172,1660053,9980
3173,1000000,10970
3174,1660053,5810
3175,1660053,6550
3176,1000000,46580
3177,1660053,4780
3178,1000000,11600
3179,1660053,5110
3180,1660053,6530
3181,1000000,12910
3182,1660053,3780
3183,1000000,15790
3184,1660053,4250
3185,1660053,5740
3186,1000000,17220
3187,1000000,12400
3188,1660053,9240
3189,1660053,7160
3190,1660053,7480
3191,1000000,13370
3192,1660053,3970
3193,1660053,7150
3194,1000000,15190
3195,1660053,7090
3196,1660053,8550
3197,1660053,5460
3198,1660053,9770
3199,1660053,8690
3200,1660053,9340
3201,1660053,6470
3202,1660053,7540
3203,1660053,7760
3204,1660053,6330
3205,1660053,6790
3206,1660053,2620
3207,1000000,13820
3208,1660053,9110
3209,1000000,10390
3210,1660053,9560
3211,1000000,11030
3212,1660053,4380
3213,1000000,10860
3214,1660053,7200
3215,1000000,15820
3216,1660053,3770
3217,1000000,16400
3218,1660053,4060
3219,1660053,2580
3220,1660053,5760
3221,1660053,5380
3222,1000000,13300
3223,1000000,18320
3224,1000000,10370
3225,1660053,6690
3226,1660053,4720
3227,1000000,10810
3228,1000000,11830
3229,1660053,9320
3230,1000000,15780
3231,1000000,27450
3232,1660053,6980
3233,1000000,31040
3234,1660053,6910
3235,1660053,8490
3236,1660053,5070
3237,1660053,8690
3238,1660053,1350
3239,1660053,8960
3240,1660053,3340
3241,1000000,12740
3242,1660053,9010
3243,1000000,12930
3244,1000000,10650
3245,1000000,13970
3246,1660053,7020
3247,1000000,15800
3248,1660053,4310
3249,1660053,9580
3250,1000000,30590
3251,1660053,6600
3252,1000000,17000
3253,1000000,12400
3254,1660053,7770
3255,1660053,8240
3256,1000000,27040
3257,1660053,5070
3258,1660053,7620
3259,1660053,7760
3260,1000000,20280
3261,1660053,7820
3262,1660053,9830
3263,1660053,6120
3264,1660053,9250
3265,1000000,11880
3266,1660053,6100
3267,1660053,5010
3268,1660053,6190
3269,1000000,19810
3270,1660053,8670
3271,1000000,10620
3272,1000000,12710
3273,1660053,8030
3274,1660053,6450
3275,1660053,2940
3276,1000000,13340
3277,1660053,9420
3278,1000000,15120
3279,1660053,4000
3280,1000000,16530
3281,1660053,4090
3282,1660053,5320
3283,1660053,4890
3284,1660053,6960
3285,1660053,8780
3286,1000000,14520
3287,1660053,7650
3288,1660053,8350
3289,1660053,5280
3290,1660053,5790
3291,1000000,13160
3292,1000000,24030
3293,1660053,4830
3294,1660053,8800
3295,1660053,4560
3296,1000000,12660
3297,1660053,3140
3298,1000000,26410
3299,1000000,10530
3300,1660053,9660
3301,1660053,9300
3302,1660053,7340
3303,1660053,8510
3304,1000000,18700
3305,1000000,13350
3306,1660053,7390
3307,1000000,15910
3308,1660053,3120
3309,1000000,27550
3310,1000000,10350
3311,1660053,7830
3312,1000000,11590
3313,1000000,12850
3314,1660053,6090
3315,1660053,5100
3316,1660053,6560
3317,1000000,15290
3318,1000000,18350
3319,1660053,6870
3320,1000000,14860
3321,1660053,7760
3322,1000000,10070
3323,1660053,8770
3324,1000000,17680
3325,1660053,6680
3326,1660053,4500
3327,1000000,19350
3328,1660053,6570
3329,1000000,15760
3330,1660053,3890
3331,1000000,13160
3332,1660053,7200
3333,1660053,2490
3334,1000000,12880
3335,1660053,5220
3336,1660053,6730
3337,1000000,14120
3338,1000000,11620
3339,1660053,7210
3340,1000000,49640
3341,1660053,8490
3342,1000000,24290
3343,1000000,15230
3344,1660053,3500
3345,1660053,6890
3346,1660053,8710
3347,1000000,13520
3348,1000000,11430
3349,1000000,10090
3350,1660053,8720
3351,1000000,14590
3352,1660053,5880
3353,1000000,10810
3354,1000000,12730
3355,1660053,7120
3356,1000000,10430
3357,1000000,18230
3358,1660053,5210
3359,1660053,8670
3360,1000000,10890
3361,1000000,16450
3362,1000000,15660
3363,1660053,6870
3364,1660053,9500
3365,1000000,23100
3366,1660053,7560
3367,1000000,11480
3368,1660053,5990
3369,1000000,173110
3370,1000000,15040
3371,1000000,26020
3372,1000000,16910
3373,1000000,14040
3374,1000000,10390
3375,1660053,3770
3376,1660053,7680
3377,1000000,14100
3378,1660053,8460
3379,1000000,24240
3380,1660053,4190
3381,1660053,7610
3382,1000000,10320
3383,1660053,8750
3384,1660053,6560
3385,1660053,9370
3386,1660053,9760
3387,1000000,10270
3388,1000000,11540
3389,1660053,3040
3390,1000000,14190
3391,1660053,4750
3392,1000000,23950
3393,1660053,8630
3394,1660053,3230
3395,1660053,5490
3396,1660053,8750
3397,1000000,16940
3398,1000000,10130
3399,1660053,5410
3400,1000000,19520
3401,1660053,6890
3402,1000000,16520
3403,1660053,6250
3404,1660053,5530
3405,1660053,8520
3406,1000000,58000
3407,1000000,16540
3408,1000000,13300
3409,1660053,5430
3410,1660053,7080
3411,1660053,9170
3412,1000000,11650
3413,1000000,24050
3414,1660053,8090
3415,1000000,10330
3416,1660053,8620
3417,1660053,4780
3418,1660053,6210
3419,1000000,10990
3420,1660053,4590
3421,1660053,4420
3422,1660053,8360
3423,1660053,3600
3424,1000000,26540
3425,1660053,5670
3426,1000000,14270
3427,1660053,3330
3428,1660053,4020
3429,1660053,6060
3430,1660053,7110
3431,1660053,3260
3432,1660053,5080
3433,1660053,3810
3434,1000000,10730
3435,1000000,15470
3436,1000000,19990
3437,1000000,14320
3438,1000000,12160
3439,1000000,15620
3440,1660053,9340
3441,1660053,9440
3442,1000000,10750
3443,1660053,4450
3444,1000000,12550
3445,1000000,10770
3446,1000000,14340
3447,1660053,5800
3448,1660053,4530
3449,1660053,4930
3450,1000000,21930
3451,1000000,22900
3452,1000000,10720
3453,1000000,24040
3454,1000000,18070
3455,1660053,3830
3456,1000000,13440
3457,1000000,13690
3458,1000000,16350
3459,1000000,16860
3460,1660053,5060
3461,1660053,2770
3462,1660053,9000
3463,1000000,25750
3464,1000000,25250
3465,1660053,5610
3466,1000000,10140
3467,1660053,9250
3468,1000000,10200
3469,1660053,8520
3470,1660053,5450
3471,1660053,5920
3472,1660053,5820
3473,1660053,6310
3474,1000000,10980
3475,1660053,6190
3476,1660053,6160
3477,1660053,7990
3478,1660053,6650
3479,1660053,4670
3480,1660053,9520
3481,1660053,5630
3482,1660053,4760
3483,1660053,9760
3484,1000000,11690
3485,1660053,7560
3486,1000000,11790
3487,1660053,6400
3488,1660053,7540
3489,1000000,25320
3490,1660053,5220
3491,1660053,3850
3492,1660053,9900
3493,1000000,18520
3494,1660053,6790
3495,1660053,6130
3496,1660053,8620
3497,1660053,5420
3498,1660053,6210
3499,1660053,9370
3500,1660053,4630
3501,1660053,9440
3502,1000000,23970
3503,1000000,13320
3504,1000000,39750
3505,6258,1000000
3506,1660053,9700
3507,1660053,7060
3508,1660053,5980
3509,1660053,4430
3510,1000000,25610
3511,1000000,10620
3512,1660053,5780
3513,1000000,12600
3514,1000000,16230
3515,1000000,10490
3516,1000000,51490
3517,1000000,40510
3518,1660053,8130
3519,1660053,5400
3520,1660053,6080
3521,1660053,3080
3522,1660053,8230
3523,1000000,11350
3524,1000000,10630
3525,1660053,7880
3526,1660053,4450
3527,1000000,10360
3528,1000000,12790
3529,1000000,13810
3530,1660053,6490
3531,1660053,4070
3532,1660053,6130
3533,1660053,6340
3534,1660053,5690
3535,1000000,15170
3536,1000000,17750
3537,1660053,8440
3538,1000000,10250
3539,1660053,7260
3540,1660053,3870
3541,1660053,4240
3542,1660053,8520
3543,1660053,6340
3544,1660053,4440
3545,1000000,10380
3546,1000000,10240
3547,1660053,6170
3548,1000000,15180
3549,1660053,8020
3550,1660053,7820
3551,1660053,9770
3552,1000000,44800
3553,1000000,18990
3554,1660053,8240
3555,1000000,12200
3556,1000000,15320
3557,1000000,14460
3558,1660053,7940
3559,1660053,6960
3560,1660053,5240
3561,1000000,12810
3562,1000000,11620
3563,1000000,14430
3564,1000000,14830
3565,1660053,6190
3566,1000000,14700
3567,1000000,17570
3568,1660053,7620
3569,1660053,7950
3570,1660053,6270
3571,1000000,10030
3572,1000000,13590
3573,1660053,5060
3574,6258,1000000
3575,1000000,10620
3576,1000000,15730
3577,1000000,15060
3578,1660053,4600
3579,1660053,7540
3580,1660053,4830
3581,1660053,3990
3582,1000000,16530
3583,1660053,7370
3584,1000000,42010
3585,1660053,7050
3586,1660053,6270
3587,1000000,80990
3588,1000000,16210
3589,1000000,15840
3590,1660053,9210
3591,1660053,7660
3592,1000000,15480
3593,1660053,2070
3594,1660053,6780
3595,1660053,8310
3596,1660053,4780
3597,1660053,3030
3598,1660053,9140
3599,1000000,14110
3600,1000000,17310
3601,1000000,10870
3602,1000000,11150
3603,1660053,6980
3604,1000000,10690
3605,1660053,2740
3606,1000000,22750
3607,1000000,15460
3608,1660053,4110
3609,1660053,7810
3610,1000000,12270
3611,1660053,5530
3612,1000000,10170
3613,1000000,18670
3614,1660053,8470
3615,1000000,13140
3616,1660053,2300
3617,1660053,5220
3618,1660053,7200
3619,1000000,14850
3620,1660053,3570
3621,1660053,4240
3622,1000000,13020
3623,1660053,4660
3624,1000000,16270
3625,1000000,11960
3626,1660053,4550
3627,1660053,8340
3628,1660053,6040
3629,1000000,10420
3630,1660053,7750
3631,1660053,9930
3632,1660053,7890
3633,1660053,3870
3634,1000000,11270
3635,1000000,12040
3636,1660053,9750
3637,1660053,6450
3638,1660053,7480
3639,1000000,11810
3640,1000000,13480
3641,1000000,13330
3642,1660053,4420
3643,1660053,5790
3644,1000000,15180
3645,1660053,9680
3646,1000000,14890
3647,1000000,13360
3648,1660053,8040
3649,1660053,8170
3650,1660053,3830
3651,1660053,8450
3652,1660053,8040
3653,1660053,4480
3654,1000000,13420
3655,1000000,10080
3656,1000000,12600
3657,1000000,17350
3658,1660053,6390
3659,1660053,2810
3660,1660053,2100
3661,1660053,3790
3662,1000000,14200
3663,1000000,21410
3664,1000000,21020
3665,1660053,8220
3666,1660053,9720
3667,1660053,3100
3668,1000000,10880
3669,1000000,17600
3670,1000000,19730
3671,1660053,7500
3672,1660053,7300
3673,1660053,8100
3674,1660053,5220
3675,1660053,5230
3676,1000000,18900
3677,1000000,16570
3678,6258,1000000
3679,1000000,10110
3680,1660053,6550
3681,1660053,8670
3682,1660053,7660
3683,1000000,10800
3684,1000000,10780
3685,1660053,2770
3686,1000000,13150
3687,1000000,41920
3688,1000000,14140
3689,1660053,3770
3690,1660053,8280
3691,1660053,3400
3692,1660053,7170
3693,1660053,6660
3694,1660053,8630
3695,1000000,14910
3696,1660053,8480
3697,1660053,5440
3698,1000000,12530
3699,1660053,6480
3700,1000000,14820
3701,1660053,8000
3702,1660053,2890
3703,1660053,5120
3704,1660053,8210
3705,1000000,13720
3706,1000000,10710
3707,1660053,5450
3708,1660053,2230
3709,1660053,5510
3710,1000000,10630
3711,1000000,24000
3712,1660053,9090
3713,1000000,14950
3714,1000000,11660
3715,1000000,16230
3716,1660053,3800
3717,1000000,10250
3718,1660053,9910
3719,1660053,7330
3720,1660053,4720
3721,1660053,5480
3722,1000000,18510
3723,1000000,11190
3724,1660053,1580
3725,1000000,10460
3726,1660053,5100
3727,1660053,7630
3728,1660053,8270
3729,1000000,11460
3730,1000000,10110
3731,1660053,9730
3732,1660053,7500
3733,1000000,25290
3734,1000000,10910
3735,1660053,7370
3736,1000000,10750
3737,1000000,21500
3738,1660053,2560
3739,1660053,7150
3740,1000000,20540
3741,1000000,13920
3742,1660053,6350
3743,1000000,13230
3744,1660053,5840
3745,1660053,5060
3746,1660053,7470
3747,1660053,7840
3748,1000000,17060
3749,1000000,10330
3750,1000000,10780
3751,1660053,5110
3752,1000000,30920
3753,1660053,6630
3754,1660053,2890
3755,1660053,9670
3756,1660053,6200
3757,1000000,13370
3758,1660053,4360
3759,1660053,6970
3760,1000000,12100
3761,1000000,11760
3762,1660053,8910
3763,1660053,9300
3764,1660053,4860
3765,1660053,9790
3766,1660053,8200
3767,1660053,4330
3768,1660053,8490
3769,1660053,9740
3770,1660053,7770
3771,1660053,1520
3772,1660053,4970
3773,1660053,7070
3774,1660053,9470
3775,1660053,8450
3776,1000000,16650
3777,1000000,24050
3778,1000000,18460
3779,1660053,5140
3780,1660053,4210
3781,1000000,13910
3782,1000000,24410
3783,1000000,16040
3784,1000000,10110
3785,1660053,9110
3786,1660053,6520
3787,1660053,9980
3788,1000000,13910
3789,1000000,28050
3790,1000000,24320
3791,1660053,4440
3792,1660053,6400
3793,1000000,17350
3794,1000000,24810
3795,1660053,5760
3796,1660053,2650
3797,1660053,7080
3798,1660053,4730
3799,1660053,7180
3800,1000000,10170
3801,1660053,6910
3802,1660053,4840
3803,1660053,9270
3804,1660053,8450
3805,1660053,9320
3806,1660053,4350
3807,1660053,9760
3808,1660053,2220
3809,1000000,10620
3810,1660053,3710
3811,1660053,5540
3812,1000000,11250
3813,1000000,17200
3814,1660053,4100
3815,1660053,5160
3816,1000000,13430
3817,1000000,85210
3818,1000000,17100
3819,1660053,9100
3820,1000000,12120
3821,1660053,8540
3822,1000000,53850
3823,1000000,19060
3824,1660053,7480
3825,1660053,7460
3826,1660053,5660
3827,1660053,4980
3828,1000000,16820
3829,6258,1000000
3830,1660053,6150
3831,1000000,12590
3832,1660053,5130
3833,1660053,4640
3834,1000000,10510
3835,1660053,9360
3836,1660053,8750
3837,1000000,11340
3838,1000000,10240
3839,1660053,8260
3840,1000000,10420
3841,1660053,4600
3842,1000000,17760
3843,1660053,7930
3844,1000000,13970
3845,1000000,28350
3846,1660053,3620
3847,1660053,3590
3848,1660053,5770
3849,1660053,6160
3850,1660053,7490
3851,1660053,6330
3852,1660053,5490
3853,1660053,5990
3854,1660053,8400
3855,1660053,5230
3856,1660053,9880
3857,1660053,8290
3858,1000000,12920
3859,1660053,6480
3860,1000000,40240
3861,1000000,11090
3862,1660053,6410
3863,1660053,8400
3864,1000000,13120
3865,1000000,17760
3866,1000000,17690
3867,1000000,11030
3868,1000000,18870
3869,1660053,7590
3870,1660053,9670
3871,1000000,72370
3872,1000000,14770
3873,1660053,4480
3874,1000000,17300
3875,1660053,9640
3876,1660053,9220
3877,1660053,3040
3878,1000000,13600
3879,1660053,3320
3880,1660053,5730
3881,1660053,7540
3882,1000000,15210
3883,1660053,5460
3884,1000000,10100
3885,1660053,5820
3886,1660053,3170
3887,1660053,7030
3888,1660053,9810
3889,1000000,18290
3890,1000000,12950
3891,1000000,70340
3892,1660053,5130
3893,1660053,5390
3894,1000000,13640
3895,1660053,8330
3896,1000000,20960
3897,1660053,8440
3898,1660053,4680
3899,1660053,2890
3900,1660053,8010
3901,1000000,22820
3902,1000000,18900
3903,1660053,6870
3904,1660053,9000
3905,1660053,5910
3906,1660053,6930
3907,1660053,7460
3908,1660053,3110
3909,1660053,8990
3910,1660053,8520
3911,1000000,23520
3912,1000000,13580
3913,1000000,13950
3914,1660053,3040
3915,1000000,14240
3916,1660053,6470
3917,1000000,10070
3918,1660053,5930
3919,1660053,7770
3920,1000000,22600
3921,1660053,9850
3922,1660053,5270
3923,1000000,12110
3924,1000000,20570
3925,1660053,6770
3926,1660053,4330
3927,1660053,9420
3928,1660053,5210
3929,1660053,6180
3930,1660053,7990
3931,1000000,20020
3932,1000000,14230
3933,1000000,10280
3934,1000000,18820
3935,1000000,19180
3936,1000000,11450
3937,1000000,15070
3938,1660053,2110
3939,1660053,5380
3940,1660053,2950
3941,1660053,4970
3942,1660053,4020
3943,1000000,11550
3944,1660053,3630
3945,1660053,8540
3946,1660053,7390
3947,1660053,5630
3948,1000000,13720
3949,1000000,93210
3950,1660053,9980
3951,1660053,8060
3952,1660053,4410
3953,1660053,7660
3954,1660053,8020
3955,1000000,21770
3956,1000000,17150
3957,1000000,13220
3958,1000000,10780
3959,1660053,9440
3960,1000000,17650
3961,1660053,1910
3962,1660053,5650
3963,1000000,12320
3964,1660053,8840
3965,1000000,33690
3966,1000000,19990
3967,1660053,8650
3968,1000000,10170
3969,1660053,4170
3970,1000000,14540
3971,1660053,8730
3972,1660053,7250
3973,1660053,7370
3974,1660053,3540
3975,1000000,17780
3976,1000000,20260
3977,1660053,8720
3978,1000000,21520
3979,1660053,9380
3980,1660053,4310
3981,1660053,9940
3982,1000000,17010
3983,1660053,8010
3984,1660053,9500
3985,1660053,5970
3986,1660053,6990
3987,1660053,8530
3988,1000000,24920
3989,1660053,9330
3990,1660053,4390
3991,1660053,5410
3992,1000000,17370
3993,1000000,12330
3994,1660053,7650
3995,1660053,9620
3996,1660053,9760
3997,1000000,12940
3998,1660053,6230
3999,1660053,8520
4000,1660053,4820
4001,1660053,4190
4002,1660053,3840
4003,1660053,6010
4004,1000000,12500
4005,1660053,6960
4006,1660053,8180
4007,1660053,9090
4008,1660053,5880
4009,1000000,20540
4010,1000000,22880
4011,1660053,5160
4012,1000000,23500
4013,1660053,8380
4014,1000000,14630
4015,1000000,36790
4016,1000000,12090
4017,1000000,18330
4018,1660053,8770
4019,1660053,6940
4020,1000000,10260
4021,1660053,2140
4022,1000000,10230
4023,1000000,16600
4024,1000000,13410
4025,1000000,15980
4026,1000000,27850
4027,1660053,4100
4028,1660053,6960
4029,1660053,8710
4030,1660053,7900
4031,1000000,12580
4032,1660053,4740
4033,1000000,13620
4034,1000000,19720
4035,1660053,8340
4036,1660053,4340
4037,1660053,7620
4038,1660053,5740
4039,6258,1000000
4040,1660053,7910
4041,1660053,1540
4042,1000000,20080
4043,1660053,3220
4044,1660053,6740
4045,1660053,9360
4046,1660053,7730
4047,1000000,10130
4048,1000000,22100
4049,1000000,13360
4050,1660053,5810
4051,1660053,4520
4052,1000000,15370
4053,1660053,6790
4054,1660053,5930
4055,1660053,4670
4056,1660053,3670
4057,1000000,10970
4058,1000000,20650
4059,1000000,11340
4060,1660053,5380
4061,1660053,5870
4062,1000000,11500
4063,1660053,8290
4064,1660053,2580
4065,1660053,6000
4066,1660053,5470
4067,1000000,13580
4068,1660053,4100
4069,1660053,4590
4070,1660053,4220
4071,1000000,17500
4072,1000000,12500
4073,1660053,5940
4074,1660053,5950
4075,1660053,9470
4076,1660053,5390
4077,1000000,14380
4078,1000000,21440
4079,1000000,16290
4080,1000000,10090
4081,1660053,6470
4082,1660053,9520
4083,1000000,32000
4084,1660053,7830
4085,1660053,5300
4086,1660053,8400
4087,1660053,8690
4088,1000000,16530
4089,1000000,10990
4090,1660053,4810
4091,1660053,8320
4092,1000000,12400
4093,1000000,36450
4094,1000000,11530
4095,1660053,2650
4096,1660053,3670
4097,1000000,10360
4098,1660053,8690
4099,1660053,6680
4100,1000000,10560
4101,1660053,6630
4102,1660053,6940
4103,1660053,6860
4104,1660053,6560
4105,1000000,17890
4106,1660053,7640
4107,1660053,9480
4108,1000000,34120
4109,1660053,4620
4110,1660053,7040
4111,1000000,13110
4112,1000000,10200
4113,1660053,5460
4114,1660053,6080
4115,1660053,3000
4116,1000000,17090
4117,1660053,5750
4118,1000000,13010
4119,1000000,11590
4120,1660053,6370
4121,1000000,13740
4122,1000000,12500
4123,1660053,3150
4124,1660053,8760
4125,1000000,40020
4126,1000000,12460
4127,1660053,3690
4128,1660053,6590
4129,1660053,7490
4130,1000000,14910
4131,1000000,16380
4132,1660053,5220
4133,1000000,15350
4134,1660053,5770
4135,1000000,11750
4136,1000000,17000
4137,1660053,3670
4138,1660053,3560
4139,1000000,18170
4140,1000000,10010
4141,1000000,25260
4142,1000000,14220
4143,1660053,7420
4144,1000000,10770
4145,1660053,7760
4146,1660053,5790
4147,1660053,7490
4148,1660053,4470
4149,1000000,14560
4150,1000000,12180
4151,1660053,3760
4152,1660053,8640
4153,1660053,3680
4154,1660053,4400
4155,1000000,18800
4156,1000000,13360
4157,1000000,13410
4158,1660053,6590
4159,1660053,6860
4160,1000000,10610
4161,1660053,8500
4162,1660053,4970
4163,1000000,10890
4164,1660053,9080
4165,1660053,4860
4166,1660053,6850
4167,1660053,4440
4168,1660053,8560
4169,1000000,12230
4170,1660053,4960
4171,1660053,2810
4172,1000000,27260
4173,1660053,2410
4174,1000000,11140
4175,1660053,7580
4176,1660053,2210
4177,1660053,6850
4178,1660053,3260
4179,1000000,14530
4180,1660053,3930
4181,1660053,8820
4182,1000000,18590
4183,1000000,16840
4184,1000000,14010
4185,1660053,8290
4186,1660053,1390
4187,1000000,16100
4188,1660053,6620
4189,1660053,9070
4190,1660053,6200
4191,1000000,16410
4192,1660053,6230
4193,1660053,6630
4194,1000000,10630
4195,1000000,18340
4196,1000000,16740
4197,1660053,4300
4198,1660053,2440
4199,1000000,87390
4200,1000000,13270
4201,1000000,12530
4202,1660053,3190
4203,1000000,11000
4204,1000000,10350
4205,1000000,13020
4206,1000000,11660
4207,1660053,4760
4208,1660053,5960
4209,1660053,4070
4210,1660053,9910
4211,1660053,8420
4212,1660053,7670
4213,1660053,8170
4214,1660053,2540
4215,1660053,4070
4216,1000000,40060
4217,1660053,5440
4218,1660053,8060
4219,1660053,7060
4220,1660053,5600
4221,1000000,26330
4222,1660053,8010
4223,1660053,6640
4224,1660053,7030
4225,1000000,13360
4226,1000000,20650
4227,1000000,16020
4228,1000000,15440
4229,1660053,3220
4230,1660053,4320
4231,1000000,39510
4232,1000000,15470
4233,1660053,6640
4234,1660053,4380
4235,1660053,6660
4236,1660053,4420
4237,1660053,2710
4238,1660053,5810
4239,1660053,7080
4240,1660053,3830
4241,1660053,7600
4242,1660053,3820
4243,1660053,9360
4244,1000000,14820
4245,1660053,3610
4246,1000000,10060
4247,1660053,6310
4248,1000000,15960
4249,1660053,6560
4250,1000000,16610
4251,1000000,12010
4252,1660053,6230
4253,1000000,12460
4254,1660053,5600
4255,1000000,17710
4256,1000000,24910
4257,1660053,4130
4258,1000000,12870
4259,1660053,7500
4260,1660053,5220
4261,1000000,17330
4262,1660053,3150
4263,1660053,6070
4264,1660053,7980
4265,1660053,8660
4266,1660053,7670
4267,1660053,4220
4268,1660053,9420
4269,1000000,17350
4270,1660053,4450
4271,1660053,4040
4272,1000000,13280
4273,1660053,6730
4274,1000000,19730
4275,1660053,3510
4276,1660053,6600
4277,1000000,23140
4278,1000000,12490
4279,1660053,6520
4280,1000000,20450
4281,1000000,12640
4282,1660053,7710
4283,1660053,5320
4284,1000000,10420
4285,1660053,8270
4286,1660053,6080
4287,1660053,2580
4288,1660053,6370
4289,1660053,7790
4290,6258,1000000
4291,1000000,13020
4292,1660053,8910
4293,1660053,9300
4294,1660053,7520
4295,1660053,6510
4296,1000000,39930
4297,1660053,6880
4298,1000000,10060
4299,1000000,12400
4300,1660053,4290
4301,1660053,7900
4302,1660053,9200
4303,1000000,53510
4304,1660053,7750
4305,1660053,8170
4306,1660053,4210
4307,1000000,18030
4308,1660053,8130
4309,1660053,8410
4310,1000000,16050
4311,1000000,11010
4312,1000000,10140
4313,1660053,6370
4314,1000000,10230
4315,1660053,7240
4316,1000000,11370
4317,1660053,5440
4318,1000000,11830
4319,1660053,7310
4320,1000000,11330
4321,1660053,9250
4322,1000000,12500
4323,1660053,4310
4324,1000000,14170
4325,1660053,2800
4326,1660053,7770
4327,1000000,12070
4328,1660053,5070
4329,1000000,14120
4330,1660053,9230
4331,1660053,4110
4332,1000000,27280
4333,1000000,18310
4334,1000000,24000
4335,1660053,2100
4336,1000000,12280
4337,1660053,3920
4338,1660053,5620
4339,1660053,6940
4340,1000000,12690
4341,1000000,20880
4342,1660053,9620
4343,1660053,5920
4344,1660053,3350
4345,1000000,17730
4346,1000000,15530
4347,1660053,3160
4348,1660053,8510
4349,1000000,18830
4350,1660053,2240
4351,1660053,4250
4352,1000000,13850
4353,1000000,10820
4354,1660053,3780
4355,1660053,6610
4356,1660053,6790
4357,1660053,2850
4358,1660053,9650
4359,1660053,3570
4360,1000000,12200
4361,1000000,19840
4362,1000000,12320
4363,1000000,28640
4364,1660053,5730
4365,1660053,8250
4366,1660053,9720
4367,1000000,13370
4368,1660053,6030
4369,1660053,8030
4370,1660053,3170
4371,1000000,26010
4372,1660053,8540
4373,1660053,7680
4374,1660053,3620
4375,1660053,6760
4376,1000000,19400
4377,1000000,13810
4378,1660053,2370
4379,1000000,59200
4380,1660053,7380
4381,1000000,10500
4382,1660053,6440
4383,1660053,1120
4384,1660053,4000
4385,1660053,2220
4386,1660053,5390
4387,1660053,5270
4388,1000000,20280
4389,1660053,8300
4390,1000000,10230
4391,1000000,11510
4392,1660053,3100
4393,1660053,4760
4394,1660053,3000
4395,1000000,34240
4396,1660053,7750
4397,1000000,14290
4398,1660053,4970
4399,1660053,3870
4400,1660053,6600
4401,1660053,8650
4402,1660053,8990
4403,1000000,11470
4404,1660053,8610
4405,1660053,5230
4406,1000000,48470
4407,1660053,6290
4408,1000000,31650
4409,1660053,8970
4410,1000000,10310
4411,1000000,11490
4412,1000000,10930
4413,1000000,10970
4414,1660053,9830
4415,1000000,10530
4416,1660053,5810
4417,1000000,26820
4418,1000000,10010
4419,1660053,2840
4420,1660053,9410
4421,1000000,10170
4422,1000000,12230
4423,1000000,13750
4424,1000000,10040
4425,1000000,29840
4426,1000000,14180
4427,1660053,6760
4428,1000000,11280
4429,1000000,12330
4430,1660053,8390
4431,1660053,6390
4432,1660053,3210
4433,1660053,9430
4434,1000000,20410
4435,1660053,5510
4436,1660053,5650
4437,1660053,5180
4438,1660053,8460
4439,1660053,3200
4440,1000000,10290
4441,1000000,15910
4442,1000000,12190
4443,1000000,68050
4444,1660053,4350
4445,1660053,5020
4446,1660053,3710
4447,1000000,12560
4448,1660053,9790
4449,1000000,33880
4450,1660053,8560
4451,1000000,12260
4452,1660053,5880
4453,1000000,11260
4454,1660053,4420
4455,1660053,5330
4456,1660053,7200
4457,1000000,15890
4458,1660053,8880
4459,1660053,9170
4460,1000000,15360
4461,1660053,6680
4462,1660053,8580
4463,1660053,8330
4464,1000000,10970
4465,1660053,5740
4466,1660053,7170
4467,1660053,7470
4468,1000000,14360
4469,1000000,10510
4470,1000000,33550
4471,1000000,13530
4472,1660053,9590
4473,1660053,6900
4474,1000000,30240
4475,1660053,4200
4476,1660053,4730
4477,1000000,33810
4478,1660053,6570
4479,1660053,4020
4480,1660053,5800
4481,1660053,3090
4482,1000000,13190
4483,1000000,17270
4484,1660053,9740
4485,1000000,15570
4486,1660053,5300
4487,1000000,10030
4488,1660053,8400
4489,1660053,4030
4490,1000000,16380
4491,1000000,13870
4492,1000000,16250
4493,1660053,3760
4494,1660053,6210
4495,1660053,4280
4496,1660053,4010
4497,1660053,3750
4498,1660053,6780
4499,1660053,8140
4500,1000000,34170
4501,1000000,14250
4502,1000000,13250
4503,1660053,6590
4504,1660053,6570
4505,1660053,8320
4506,1660053,5850
4507,1660053,5340
4508,1000000,13440
4509,1000000,12880
4510,1660053,9730
4511,1000000,21400
4512,1000000,29230
4513,1000000,10300
4514,1660053,2860
4515,1660053,5680
4516,1000000,15720
4517,1660053,3080
4518,1660053,5670
4519,1000000,15070
4520,1000000,12450
4521,1000000,18280
4522,1660053,9900
4523,1660053,5130
4524,1660053,8800
4525,1000000,14740
4526,1000000,10970
4527,1660053,3700
4528,1000000,14770
4529,1660053,8370
4530,1000000,23490
4531,1660053,6000
4532,1660053,5640
4533,1660053,9100
4534,1000000,14190
4535,1660053,3410
4536,1000000,10910
4537,1660053,2680
4538,1660053,5560
4539,1000000,10410
4540,1000000,13040
4541,1660053,9090
4542,1000000,12820
4543,1660053,6900
4544,1000000,11730
4545,1660053,7160
4546,6258,1000000
4547,1660053,6460
4548,1000000,21740
4549,1000000,12660
4550,1660053,7330
4551,1660053,5790
4552,1660053,6710
4553,1660053,5890
4554,1660053,6630
4555,1660053,5600
4556,1000000,16140
4557,1660053,9380
4558,1660053,6310
4559,1660053,8290
4560,1660053,7670
4561,1000000,10890
4562,1660053,8440
4563,1660053,6390
4564,1660053,5380
4565,1660053,6990
4566,1660053,9030
4567,1660053,4880
4568,1000000,24900
4569,1660053,9890
4570,1660053,1490
4571,1000000,17530
4572,1660053,4120
4573,1000000,21770
4574,1660053,8560
4575,1660053,7490
4576,1000000,58520
4577,1660053,8530
4578,1000000,10200
4579,1660053,3430
4580,1660053,5730
4581,1660053,6320
4582,1000000,14700
4583,1000000,21010
4584,1000000,52620
4585,1000000,14560
4586,1660053,5480
4587,1660053,8160
4588,1660053,7300
4589,1660053,3850
4590,1000000,11400
4591,1660053,8030
4592,1660053,4310
4593,1660053,3430
4594,1000000,13350
4595,1000000,10850
4596,1000000,20480
4597,1000000,13670
4598,1000000,10610
4599,1660053,8570
4600,1660053,2530
4601,1660053,6620
4602,1660053,7250
4603,1660053,7730
4604,1000000,10010
4605,1000000,30720
4606,1660053,2750
4607,1000000,10710
4608,1660053,3000
4609,1660053,9500
4610,1000000,19310
4611,1000000,43030
4612,1660053,5750
4613,1660053,2990
4614,1660053,8900
4615,1660053,5360
4616,1000000,10290
4617,1660053,4250
4618,1660053,7720
4619,1660053,2450
4620,1660053,8290
4621,1000000,10530
4622,1660053,4390
4623,1000000,15180
4624,1660053,4540
4625,1660053,9260
4626,1660053,7570
4627,1660053,8190
4628,1000000,11100
4629,1660053,6780
4630,1660053,5390
4631,1000000,16390
4632,1000000,13690
4633,1660053,5170
4634,1000000,12430
4635,1660053,7130
4636,1000000,13730
4637,1000000,13890
4638,1000000,21180
4639,1660053,5690
4640,1000000,15770
4641,1660053,8250
4642,1660053,6390
4643,1000000,11670
4644,1000000,10340
4645,1000000,19710
4646,1660053,4070
4647,1660053,3130
4648,1660053,9300
4649,1660053,9960
4650,1660053,9340
4651,1000000,11140
4652,1000000,16840
4653,1660053,8350
4654,1660053,4560
4655,1660053,9080
4656,1660053,8920
4657,1660053,5410
4658,1660053,7070
4659,1000000,15620
4660,1660053,4100
4661,1660053,9590
4662,1000000,13370
4663,1660053,3540
4664,1000000,10070
4665,1660053,6110
4666,1660053,8840
4667,1660053,6520
4668,1660053,9440
4669,1000000,15290
4670,1660053,7510
4671,1000000,11510
4672,1660053,3540
4673,1000000,11960
4674,1000000,14470
4675,1000000,16560
4676,1000000,10090
4677,1000000,18770
4678,1660053,3580
4679,1660053,9890
4680,1660053,3710
4681,1660053,8200
4682,1000000,16230
4683,1660053,7230
4684,1660053,2270
4685,1660053,3600
4686,1660053,5750
4687,1000000,12730
4688,1660053,4220
4689,1660053,3910
4690,1660053,8240
4691,1660053,9300
4692,1660053,3460
4693,1660053,6000
4694,1000000,21560
4695,1000000,13540
4696,1000000,16870
4697,1660053,7190
4698,1660053,5080
4699,1660053,6390
4700,1660053,9820
4701,1660053,5150
4702,1660053,8400
4703,1660053,4790
4704,1660053,6160
4705,1000000,15440
4706,1660053,3570
4707,1000000,21770
4708,1660053,9910
4709,1660053,3690
4710,1000000,19540
4711,1660053,2170
4712,1000000,17950
4713,1660053,8040
4714,1660053,7120
4715,1660053,7200
4716,1000000,16590
4717,1000000,10400
4718,1660053,7180
4719,1000000,16550
4720,1660053,7500
4721,1660053,4100
4722,1000000,10780
4723,1660053,8390
4724,1000000,17130
4725,1000000,14740
4726,1000000,15100
4727,1660053,4140
4728,1660053,2540
4729,1000000,18240
4730,1660053,8550
4731,1660053,7460
4732,1660053,8020
4733,1660053,4520
4734,1660053,4480
4735,1000000,16350
4736,1660053,4810
4737,1660053,5830
4738,1660053,5560
4739,1660053,9380
4740,1660053,5860
4741,1660053,6860
4742,1000000,10100
4743,1660053,8870
4744,1660053,5990
4745,1000000,15620
4746,1000000,57730
4747,1000000,10330
4748,1000000,10780
4749,1660053,2990
4750,1660053,7210
4751,1000000,14050
4752,1000000,17490
4753,1660053,2640
4754,1660053,2830
4755,1660053,7520
4756,1660053,4660
4757,1660053,8980
4758,1660053,3340
4759,1660053,3900
4760,1660053,6220
4761,1660053,4500
4762,1660053,6090
4763,1660053,6550
4764,1660053,4940
4765,1660053,8120
4766,1000000,10450
4767,1000000,15870
4768,1660053,7640
4769,1660053,1420
4770,1000000,10590
4771,1660053,4970
4772,1000000,26360
4773,1660053,4510
4774,1660053,6040
4775,1000000,10460
4776,1660053,9280
4777,1000000,10120
4778,1660053,5150
4779,1660053,5210
4780,1660053,4110
4781,1660053,6770
4782,1000000,13440
4783,1660053,8960
4784,1000000,10540
4785,1660053,7130
4786,1000000,18160
4787,1000000,126310
4788,1000000,14630
4789,1660053,8650
4790,1660053,6130
4791,1660053,5130
4792,1660053,6790
4793,1660053,6790
4794,1660053,3690
4795,1000000,13510
4796,1660053,8320
4797,1660053,6980
4798,1660053,7400
4799,1660053,9080
4800,1000000,16640
4801,1660053,9340
4802,1000000,12360
4803,1660053,3350
4804,1660053,7100
4805,1660053,8340
4806,1000000,11930
4807,1660053,3530
4808,1000000,10120
4809,1660053,7200
4810,1000000,25600
4811,1660053,5900
4812,1660053,7220
4813,1000000,13120
4814,1000000,13970
4815,1000000,16560
4816,1660053,9730
4817,1660053,6330
4818,1660053,4970
4819,1660053,9960
4820,1660053,6620
4821,1000000,23620
4822,1000000,14080
4823,1000000,65070
4824,1660053,9040
4825,1660053,9650
4826,1000000,18720
4827,1660053,9760
4828,1000000,10240
4829,1660053,6290
4830,1660053,6490
4831,1000000,16150
4832,1660053,6980
4833,1660053,6690
4834,1660053,4720
4835,1660053,5130
4836,1660053,9350
4837,1660053,8100
4838,1660053,6220
4839,1000000,19690
4840,1000000,12500
4841,1000000,13030
4842,1000000,17310
4843,1660053,9280
4844,1660053,5890
4845,1660053,9430
4846,1000000,12090
4847,1660053,4730
4848,1000000,10790
4849,1660053,9130
4850,1000000,10940
4851,1660053,8360
4852,1000000,11660
4853,1660053,8450
4854,1660053,6040
4855,1660053,3220
4856,1000000,10230
4857,1660053,4300
4858,1660053,8160
4859,1660053,5600
4860,1000000,10640
4861,1660053,5320
4862,1660053,6720
4863,1000000,21520
4864,1660053,9870
4865,1660053,8660
4866,1660053,5180
4867,1660053,8090
4868,1660053,890
4869,1000000,10210
4870,1000000,12310
4871,1660053,6220
4872,1660053,8170
4873,1660053,6550
4874,1660053,7720
4875,1660053,8340
4876,1000000,25560
4877,1660053,8680
4878,1000000,11660
4879,1660053,8780
4880,1000000,16150
4881,1660053,6680
4882,1000000,20910
4883,1660053,3490
4884,1000000,14650
4885,1000000,10600
4886,1660053,2530
4887,1000000,10680
4888,1000000,10130
4889,1660053,5670
4890,1000000,20040
4891,1000000,26090
4892,1660053,3010
4893,1660053,8980
4894,1660053,5000
4895,1660053,4950
4896,1000000,13440
4897,1660053,3880
4898,1660053,7240
4899,1660053,7030
4900,1000000,18280
4901,1000000,18080
4902,1660053,9380
4903,1660053,6460
4904,1000000,12140
4905,1660053,6390
4906,1660053,9730
4907,1000000,18570
4908,1660053,8720
4909,1660053,8660
4910,1000000,11840
4911,1000000,32400
4912,1660053,8450
4913,1000000,11520
4914,1000000,31970
4915,1660053,9670
4916,1000000,12600
4917,1660053,5570
4918,1000000,10020
4919,1660053,8000
4920,1000000,16900
4921,1000000,11370
4922,1660053,8370
4923,1660053,2950
4924,1000000,35640
4925,1660053,7590
4926,1000000,19140
4927,1660053,8570
4928,1660053,8520
4929,1660053,7330
4930,1000000,10160
4931,1000000,15360
4932,1000000,31890
4933,1000000,49390
4934,1000000,11370
4935,1000000,11900
4936,1660053,6330
4937,1000000,28120
4938,1660053,6090
4939,1660053,5030
4940,1000000,10600
4941,1660053,6630
4942,1660053,7510
4943,1660053,8210
4944,1000000,11880
4945,1000000,12590
4946,1000000,10520
4947,1000000,12150
4948,1660053,4970
4949,1660053,4120
4950,1000000,12370
4951,1000000,43910
4952,1660053,8120
4953,1660053,4040
4954,1660053,4620
4955,1000000,12960
4956,1000000,11830
4957,1000000,30180
4958,1660053,4140
4959,1000000,18770
4960,1000000,11510
4961,1660053,8290
4962,1000000,10150
4963,1000000,10070
4964,1660053,6520
4965,1660053,5420
4966,1660053,5150
4967,1000000,16720
4968,1660053,3260
4969,1000000,15860
4970,1660053,3610
4971,1660053,9470
4972,1660053,9990
4973,1660053,9790
4974,1000000,13360
4975,1660053,7190
4976,1000000,16030
4977,1660053,5120
4978,1000000,14910
4979,1000000,11350
4980,1660053,9380
4981,1000000,11240
4982,1000000,19350
4983,1660053,2920
4984,1660053,5960
4985,1000000,17130
4986,1000000,24120
4987,1660053,6290
4988,1000000,18640
4989,1660053,8390
4990,1000000,16420
4991,1000000,31840
4992,1660053,7070
4993,1660053,9720
4994,1660053,5050
4995,1000000,10340
4996,1660053,9850
4997,1660053,7390
4998,1660053,6260
4999,1000000,21360
5000,1000000,10780
5001,1000000,16070
5002,1000000,10530
5003,1660053,7690
5004,1660053,5390
5005,1660053,4670
5006,1000000,12270
5007,1000000,13820
5008,1660053,9820
5009,1660053,8990
5010,1660053,9200
5011,1000000,11050
5012,1660053,7330
5013,1660053,8980
5014,1660053,9650
5015,1660053,3080
5016,1000000,11560
5017,1660053,9290
5018,1000000,15210
5019,1660053,5050
5020,1660053,9610
5021,1000000,18360
5022,1660053,6150
5023,1660053,8830
5024,1660053,3530
5025,1000000,12270
5026,1660053,6170
5027,1660053,7950
5028,1660053,4620
5029,1000000,39050
5030,1000000,15640
5031,1660053,9730
5032,1000000,59600
5033,1660053,6630
5034,1000000,11690
5035,1660053,4500
5036,1000000,11730
5037,1660053,8260
5038,1660053,5290
5039,1660053,5440
5040,1660053,6850
5041,1660053,6720
5042,1660053,5040
5043,1660053,2960
5044,1660053,6320
5045,1660053,8530
5046,1660053,7580
5047,1660053,5350
5048,1660053,7560
5049,1000000,10020
5050,1000000,24030
5051,1660053,8020
5052,1000000,20190
5053,1660053,7730
5054,1660053,4130
5055,1660053,6720
5056,1660053,8830
5057,1660053,4800
5058,1660053,8890
5059,1000000,16310
5060,1660053,2270
5061,1660053,3600
5062,1000000,18680
5063,1000000,18440
5064,1000000,10050
5065,1000000,21170
5066,1660053,8390
5067,1660053,7790
5068,1660053,5060
5069,1000000,13390
5070,1660053,4410
5071,1000000,16750
5072,1000000,69080
5073,1660053,8340
5074,1660053,5850
5075,1000000,11100
5076,1000000,21680
5077,1660053,9490
5078,1660053,3090
5079,1660053,4130
5080,1660053,9980
5081,1000000,17190
5082,1660053,7970
5083,1000000,13090
5084,1000000,13080
5085,1660053,3680
5086,1660053,8680
5087,1660053,6300
5088,1000000,11260
5089,1000000,10830
5090,1660053,8580
5091,1660053,6890
5092,1000000,10490
5093,1660053,5050
5094,1000000,25450
5095,1660053,8500
5096,1000000,10840
5097,1660053,5670
5098,1660053,8740
5099,1660053,7140
5100,1000000,16140
5101,1660053,7750
5102,1660053,8180
5103,1000000,26200
5104,1000000,11010
5105,1660053,7680
5106,1660053,3190
5107,1000000,12270
5108,1000000,26700
5109,1000000,24290
5110,1000000,10780
5111,1660053,6680
5112,1660053,5930
5113,1000000,14850
5114,1000000,10870
5115,1660053,3430
5116,1660053,9340
5117,1000000,14800
5118,1660053,5000
5119,1000000,17150
5120,1660053,4520
5121,1660053,4790
5122,1000000,16300
5123,1000000,16270
5124,1000000,24080
5125,1660053,5830
5126,1000000,14990
5127,1000000,10220
5128,1000000,15570
5129,1660053,5600
5130,1660053,4840
5131,1000000,12240
5132,1000000,10450
5133,1660053,6240
5134,1660053,9460
5135,1660053,9900
5136,1660053,8450
5137,1660053,7270
5138,1660053,3330
5139,1000000,24850
5140,1000000,16390
5141,1660053,7410
5142,1660053,9640
5143,1000000,12100
5144,1660053,5120
5145,1660053,2130
5146,1000000,11510
5147,1000000,14910
5148,1660053,9110
5149,1000000,10100
5150,1660053,4960
5151,1660053,9220
5152,1660053,9600
5153,1000000,14870
5154,1000000,12130
5155,1660053,7740
5156,1000000,11870
5157,1660053,8200
5158,1000000,10150
5159,1660053,5010
5160,1000000,15220
5161,1660053,7260
5162,1660053,6760
5163,1660053,6610
5164,1000000,27280
5165,1000000,20210
5166,1000000,10620
5167,1660053,3700
5168,1660053,5230
5169,1660053,8500
5170,1660053,8910
5171,1660053,9660
5172,1660053,7510
5173,6258,1000000
5174,1660053,4600
5175,1660053,7660
5176,1000000,28370
5177,1000000,13030
5178,1660053,4790
5179,1000000,14060
5180,1660053,7290
5181,1660053,9040
5182,1000000,22640
5183,1660053,9730
5184,1660053,7180
5185,1660053,2810
5186,1000000,11920
5187,1660053,8740
5188,1660053,3700
5189,1660053,9820
5190,1000000,13230
5191,1000000,10430
5192,1660053,9450
5193,1660053,5560
5194,1000000,40210
5195,1000000,11110
5196,1660053,9510
5197,1660053,5110
5198,1660053,940
5199,1660053,7680
5200,1000000,11400
5201,1660053,3660
5202,1000000,11790
5203,1000000,29450
5204,1000000,20090
5205,1660053,4800
5206,1000000,14050
5207,1660053,7280
5208,1660053,4770
5209,1000000,12970
5210,1660053,5950
5211,1660053,9520
5212,1000000,15930
5213,1660053,5770
5214,1660053,9480
5215,1660053,7670
5216,1000000,14490
5217,1660053,4850
5218,1660053,9240
5219,1000000,13670
5220,1660053,7590
5221,1000000,14900
5222,1660053,3560
5223,1000000,13620
5224,1000000,16990
5225,1660053,9900
5226,1660053,8800
5227,1000000,11730
5228,1000000,10200
5229,1660053,7060
5230,1660053,7450
5231,1000000,13950
5232,6258,1000000
5233,1660053,6920
5234,1000000,14630
5235,1660053,7440
5236,1000000,23810
5237,1660053,9490
5238,1660053,5360
5239,1000000,16920
5240,1660053,9740
5241,1660053,5190
5242,1000000,14390
5243,1660053,6160
5244,1660053,7100
5245,1000000,11660
5246,1660053,5820
5247,1660053,6450
5248,1000000,28060
5249,1000000,25790
5250,1000000,17800
5251,1000000,24160
5252,1660053,7320
5253,1660053,3950
5254,1000000,20130
5255,1660053,5060
5256,1000000,12190
5257,1000000,10040
5258,1000000,10900
5259,1660053,1630
5260,1000000,11940
5261,1000000,25730
5262,1000000,13160
5263,1000000,17100
5264,1000000,15660
5265,1000000,28170
5266,1660053,6580
5267,1000000,12400
5268,1660053,7290
5269,1660053,4950
5270,1000000,12210
5271,1660053,9060
5272,1000000,11770
5273,1660053,8120
5274,1660053,5290
5275,1000000,35700
5276,1660053,7830
5277,1660053,5670
5278,1000000,12270
5279,1660053,9180
5280,1000000,12630
5281,1660053,6520
5282,1000000,17910
5283,1000000,20850
5284,1660053,9030
5285,1660053,4780
5286,1660053,3570
5287,1660053,2830
5288,1000000,23040
5289,1000000,41040
5290,1660053,3760
5291,1000000,12660
5292,1000000,12050
5293,1660053,4640
5294,1660053,5470
5295,1660053,5630
5296,1000000,20910
5297,1660053,4410
5298,1660053,7200
5299,1000000,10400
5300,1660053,8660
5301,1000000,23330
5302,1000000,19080
5303,1660053,2470
5304,1660053,3530
5305,1660053,6850
5306,1000000,14510
5307,1660053,3640
5308,1660053,4250
5309,1000000,25180
5310,1660053,8710
5311,1660053,5190
5312,1000000,16190
5313,1000000,11700
5314,1000000,10320
5315,1660053,7870
5316,1660053,8730
5317,1000000,22380
5318,1660053,6070
5319,1660053,3820
5320,1000000,12020
5321,1660053,5430
5322,1000000,11190
5323,1660053,4050
5324,1660053,7470
5325,1660053,6750
5326,1660053,9890
5327,1000000,26710
5328,1660053,5210
5329,1660053,3490
5330,1000000,19100
5331,1660053,9390
5332,1660053,6230
5333,1000000,18680
5334,1660053,9230
5335,1000000,25310
5336,1660053,7880
5337,1660053,4840
5338,1660053,6720
5339,1660053,3980
5340,1000000,14410
5341,1660053,9040
5342,1660053,7350
5343,1000000,13600
5344,1660053,7330
5345,1000000,37350
5346,1000000,11260
5347,1000000,13370
5348,1660053,8270
5349,1660053,9130
5350,1660053,1320
5351,1000000,12120
5352,1000000,20290
5353,1000000,17330
5354,1660053,7850
5355,1660053,9430
5356,1660053,4190
5357,1660053,9620
5358,1660053,6990
5359,1000000,10420
5360,1660053,7290
5361,1660053,9410
5362,1000000,20340
5363,1000000,13920
5364,1000000,33700
5365,1660053,4840
5366,1660053,8260
5367,1660053,7170
5368,1660053,3940
5369,1660053,6690
5370,1660053,8340
5371,1660053,9280
5372,1660053,2040
5373,1660053,4320
5374,1660053,6790
5375,1000000,11240
5376,1000000,11460
5377,1660053,2840
5378,1000000,17410
5379,1000000,19100
5380,1000000,12100
5381,1000000,10820
5382,1660053,4290
5383,1660053,5900
5384,1000000,14940
5385,1000000,20810
5386,1660053,9160
5387,1660053,9750
5388,1000000,10980
5389,1660053,8400
5390,1660053,6070
5391,1660053,6650
5392,1660053,5730
5393,1000000,12920
5394,1660053,3870
5395,1000000,14150
5396,1660053,6700
5397,1660053,9780
5398,1660053,1900
5399,1660053,7760
5400,1000000,24080
5401,1000000,16110
5402,1660053,7090
5403,1660053,6110
5404,1660053,4010
5405,1660053,8540
5406,1660053,7690
5407,1660053,2830
5408,1000000,18160
5409,1660053,3990
5410,1000000,18740
5411,1000000,15130
5412,1660053,6930
5413,1660053,7210
5414,1660053,2830
5415,1660053,7900
5416,1660053,7230
5417,1000000,13040
5418,1660053,8840
5419,1660053,5130
5420,1660053,6500
5421,1000000,11880
5422,6258,1000000
5423,1660053,6820
5424,1660053,9290
5425,1660053,3710
5426,1660053,4460
5427,1000000,25550
5428,1000000,13780
5429,1000000,10010
5430,1660053,3740
5431,1000000,20790
5432,1660053,1700
5433,1000000,23560
5434,1000000,12260
5435,1660053,5830
5436,1000000,22010
5437,1660053,4180
5438,1000000,19910
5439,1000000,15890
5440,1000000,11540
5441,1660053,8060
5442,1000000,20830
5443,1660053,6510
5444,1660053,4490
5445,1660053,6120
5446,1660053,8950
5447,1000000,15210
5448,1660053,6450
5449,1660053,3850
5450,1660053,5610
5451,1660053,9440
5452,1660053,6360
5453,1660053,5990
5454,1660053,6400
5455,1660053,1460
5456,1660053,940
5457,1660053,2960
5458,1660053,2920
5459,1660053,8010
5460,1660053,6880
5461,1660053,4890
5462,1000000,19100
5463,1660053,6960
5464,1660053,6850
5465,1660053,4810
5466,1660053,5020
5467,1660053,9740
5468,1000000,11920
5469,1000000,13230
5470,1660053,7390
5471,1000000,11510
5472,1660053,5880
5473,1660053,8360
5474,1000000,10490
5475,1000000,12720
5476,1660053,9290
5477,1000000,17080
5478,1660053,7310
5479,1000000,13830
5480,1000000,11890
5481,1000000,21730
5482,1000000,22450
5483,1660053,3980
5484,1660053,5890
5485,1000000,10800
5486,1000000,17860
5487,1000000,43510
5488,1660053,4290
5489,1000000,11110
5490,1000000,11600
5491,1000000,12590
5492,1000000,10120
5493,1660053,6760
5494,1660053,4580
5495,1000000,16770
5496,1000000,13020
5497,1000000,13140
5498,1000000,12420
5499,1660053,5180
5500,1660053,3010
5501,1000000,36630
5502,1000000,10180
5503,1000000,13010
5504,1660053,4470
5505,1660053,5160
5506,1000000,12500
5507,1660053,5760
5508,1000000,15630
5509,1660053,4550
5510,1660053,8220
5511,1000000,10790
5512,1000000,17570
5513,1660053,5290
5514,1000000,11780
5515,1000000,12280
5516,1000000,18080
5517,1000000,29770
5518,1660053,8450
5519,1000000,44330
5520,1000000,10580
5521,1000000,18940
5522,1000000,10840
5523,1000000,10900
5524,1660053,8220
5525,1000000,11740
5526,1660053,3670
5527,1660053,9590
5528,1000000,32180
5529,1660053,5720
5530,1660053,9870
5531,1000000,16990
5532,1000000,16970
5533,1000000,18710
5534,1660053,5090
5535,1660053,9050
5536,1660053,7210
5537,1660053,3470
5538,1000000,14320
5539,1000000,22530
5540,1660053,8260
5541,1000000,13310
5542,1660053,3280
5543,1660053,7280
5544,1000000,13400
5545,1000000,40410
5546,1660053,5670
5547,1660053,9980
5548,1000000,21990
5549,1660053,3510
5550,1000000,15310
5551,1660053,5220
5552,1000000,10520
5553,1660053,4810
5554,1660053,4630
5555,1660053,5130
5556,1000000,10360
5557,1660053,2450
5558,1000000,19530
5559,1000000,11560
5560,1660053,4130
5561,1660053,7960
5562,1000000,12080
5563,1000000,25970
5564,1660053,7460
5565,1000000,16980
5566,1660053,5920
5567,1660053,6410
5568,1000000,15620
5569,1000000,11850
5570,1660053,9310
5571,1000000,10000
5572,1660053,4020
5573,1660053,5140
5574,1000000,11100
5575,1660053,4260
5576,1000000,13150
5577,1660053,4040
5578,1660053,8470
5579,1000000,16980
5580,1000000,11490
5581,1000000,19810
5582,1660053,5880
5583,1660053,8430
5584,1000000,13230
5585,1000000,12120
5586,1660053,7220
5587,1000000,12590
5588,1660053,8450
5589,1000000,10920
5590,1660053,8780
5591,1000000,12380
5592,1660053,7450
5593,1660053,8900
5594,1000000,22110
5595,1660053,9850
5596,1000000,10730
5597,1000000,16930
5598,1660053,2760
5599,1660053,5330
5600,1660053,7700
5601,1660053,5830
5602,1660053,6620
5603,1000000,24660
5604,1660053,4680
5605,1000000,19770
5606,1660053,4830
5607,1660053,1760
5608,1660053,4970
5609,1660053,7920
5610,1000000,16420
5611,1000000,12710
5612,1000000,13310
5613,1660053,6750
5614,1000000,12660
5615,1000000,13580
5616,1000000,15670
5617,1660053,6950
5618,1000000,17390
5619,1000000,11740
5620,1660053,2360
5621,1660053,5380
5622,1660053,7120
5623,1000000,13250
5624,1000000,13770
5625,1000000,10550
5626,1000000,21480
5627,1660053,5720
5628,1000000,17650
5629,1660053,6760
5630,1660053,5820
5631,1660053,2040
5632,1000000,13220
5633,1000000,59540
5634,1660053,6570
5635,1660053,8120
5636,1660053,2650
5637,1000000,16660
5638,1000000,12700
5639,1660053,7600
5640,1000000,18030
5641,1000000,10080
5642,1000000,19490
5643,1660053,2430
5644,1000000,16280
5645,1660053,7440
5646,1000000,37290
5647,1660053,9080
5648,1660053,7990
5649,1000000,10790
5650,1660053,8120
5651,1660053,6140
5652,1000000,11110
5653,1000000,10670
5654,1000000,11710
5655,1660053,9110
5656,1000000,12660
5657,1660053,6280
5658,1660053,2860
5659,1660053,7540
5660,1000000,39790
5661,1660053,3910
5662,1000000,11690
5663,1660053,2360
5664,1660053,2680
5665,1660053,6560
5666,1000000,10520
5667,1000000,33550
5668,1660053,3430
5669,1000000,19320
5670,1000000,14480
5671,1660053,8500
5672,1660053,3480
5673,1660053,8140
5674,1000000,12850
5675,1660053,8230
5676,1660053,7640
5677,1000000,14650
5678,1000000,20500
5679,1000000,20320
5680,1660053,9820
5681,1000000,11720
5682,1660053,4250
5683,1000000,11250
5684,1000000,14060
5685,1660053,5310
5686,1000000,10430
5687,1660053,2720
5688,1000000,15020
5689,1000000,27340
5690,1660053,3760
5691,1000000,20620
5692,1660053,6370
5693,1000000,10150
5694,1660053,4540
5695,1000000,11340
5696,1000000,16760
5697,1660053,9120
5698,1000000,15800
5699,1660053,5880
5700,1000000,59830
5701,1000000,18310
5702,1000000,13230
5703,1000000,16830
5704,1000000,11000
5705,1660053,5430
5706,1000000,13810
5707,1000000,16220
5708,1660053,6640
5709,1660053,9980
5710,1660053,6530
5711,1660053,7520
5712,1000000,14710
5713,1000000,10820
5714,1000000,17130
5715,1660053,5590
5716,1000000,10180
5717,1660053,5150
5718,1660053,1980
5719,1000000,12200
5720,1660053,7340
5721,1660053,3930
5722,1660053,5970
5723,1000000,16700
5724,1660053,2850
5725,1660053,4210
5726,1660053,5950
5727,1660053,8600
5728,1660053,3090
5729,1000000,14070
5730,1000000,16940
5731,1660053,2500
5732,1660053,6400
5733,1660053,7530
5734,1660053,6080
5735,1000000,10520
5736,1660053,7530
5737,1660053,6920
5738,1660053,4570
5739,1000000,17930
5740,1000000,11740
5741,1660053,3280
5742,1000000,20980
5743,1000000,11200
5744,1660053,3110
5745,1000000,15420
5746,1660053,8820
5747,1660053,2900
5748,1000000,20680
5749,1660053,2790
5750,1000000,12530
5751,1660053,4380
5752,1000000,26390
5753,1000000,11130
5754,1660053,9510
5755,1000000,15990
5756,1000000,10120
5757,1660053,7660
5758,1660053,9230
5759,1000000,39720
5760,1660053,9940
5761,1000000,19100
5762,1660053,5830
5763,1660053,5370
5764,1000000,20250
5765,1660053,9060
5766,1660053,5220
5767,1000000,14930
5768,1000000,15560
5769,1000000,10900
5770,1660053,9000
5771,1660053,6470
5772,1660053,8100
5773,1660053,9650
5774,1000000,24730
5775,1000000,15520
5776,1000000,10110
5777,1660053,6420
5778,1660053,7560
5779,1000000,11500
5780,1660053,5250
5781,1660053,9600
5782,1660053,4510
5783,1000000,19640
5784,1000000,22890
5785,1660053,2980
5786,1660053,9480
5787,1000000,11990
5788,1660053,5770
5789,1000000,11250
5790,1000000,20330
5791,1000000,17560
5792,1660053,8270
5793,1000000,36510
5794,1660053,4160
5795,1000000,10390
5796,1660053,9770
5797,1000000,23420
5798,1660053,7930
5799,1000000,19630
5800,1660053,8410
5801,1660053,2880
5802,1660053,3860
5803,1660053,4040
5804,1660053,7500
5805,1660053,5970
5806,1000000,11080
5807,1000000,13590
5808,1660053,2940
5809,1660053,3710
5810,1660053,8510
5811,1660053,3450
5812,1000000,11660
5813,1660053,6200
5814,1660053,7950
5815,1000000,12860
5816,1660053,9910
5817,1000000,11050
5818,1000000,10330
5819,1000000,20630
5820,1660053,2310
5821,1660053,4020
5822,1000000,10450
5823,1660053,3720
5824,1660053,8980
5825,1660053,6230
5826,1000000,10430
5827,1660053,7590
5828,1000000,19630
5829,1000000,21520
5830,1660053,5300
5831,1660053,6890
5832,1660053,3460
5833,1000000,17790
5834,1660053,5520
5835,1660053,9800
5836,1000000,21850
5837,1000000,10700
5838,1660053,4280
5839,1660053,3010
5840,1000000,13190
5841,1000000,15450
5842,1000000,50280
5843,1660053,3930
5844,1660053,5600
5845,1660053,9720
5846,1000000,13170
5847,1000000,12540
5848,1660053,6540
5849,1660053,9790
5850,1660053,5180
5851,1000000,14570
5852,1000000,10740
5853,1660053,7960
5854,1660053,8050
5855,1660053,4130
5856,1660053,5720
5857,1660053,8990
5858,1660053,5570
5859,1660053,9360
5860,1660053,5280
5861,1660053,5160
5862,1660053,7740
5863,1000000,17760
5864,1000000,14930
5865,1660053,9000
5866,1000000,20130
5867,1000000,16840
5868,1660053,1540
5869,1660053,4430
5870,1000000,13290
5871,1000000,14080
5872,1000000,13310
5873,1000000,10520
5874,1660053,7320
5875,1660053,4380
5876,1000000,12240
5877,1660053,4740
5878,1000000,15110
5879,1000000,16270
5880,1660053,9520
5881,1000000,16490
5882,1000000,10800
5883,1000000,13520
5884,1660053,9950
5885,1660053,5560
5886,1660053,2880
5887,1660053,2540
5888,1660053,9270
5889,1660053,4830
5890,1000000,10630
5891,1660053,2310
5892,1000000,12780
5893,1660053,7520
5894,1000000,19260
5895,1660053,950
5896,1000000,51410
5897,1660053,3350
5898,1660053,9490
5899,1660053,5500
5900,1660053,4360
5901,1660053,5980
5902,6258,1000000
5903,1660053,4320
5904,1660053,7930
5905,1660053,9190
5906,1000000,17360
5907,1000000,24580
5908,1000000,19800
5909,1660053,5330
5910,1000000,17740
5911,1660053,5510
5912,1000000,13840
5913,1000000,11260
5914,1660053,4820
5915,1660053,6510
5916,1660053,4240
5917,1660053,7160
5918,1000000,15840
5919,1660053,5150
5920,1660053,8180
5921,1660053,9340
5922,1000000,14060
5923,1660053,4740
5924,1000000,11180
5925,1660053,5770
5926,1000000,13500
5927,1660053,9040
5928,1660053,5030
5929,1000000,11880
5930,1660053,4000
5931,1000000,14890
5932,1660053,4280
5933,1660053,2810
5934,1000000,13370
5935,1660053,5410
5936,1660053,8870
5937,1660053,7630
5938,1660053,7370
5939,1000000,10320
5940,1660053,5400
5941,1660053,3920
5942,1000000,10350
5943,1000000,14050
5944,1000000,31870
5945,6258,1000000
5946,1000000,13480
5947,1660053,7600
5948,1660053,2820
5949,1660053,6460
5950,1660053,5380
5951,1000000,13930
5952,1660053,6650
5953,1000000,12820
5954,1660053,9410
5955,1000000,10470
5956,1660053,5900
5957,1000000,11530
5958,1660053,6070
5959,1000000,10140
5960,1660053,5500
5961,1660053,8040
5962,1660053,2210
5963,1000000,24220
5964,1660053,3790
5965,1660053,7650
5966,1000000,11090
5967,1660053,7930
5968,1000000,11370
5969,1660053,2160
5970,1660053,8140
5971,1660053,7360
5972,1660053,9980
5973,1660053,8000
5974,1000000,13870
5975,1660053,6390
5976,1000000,11170
5977,1000000,13040
5978,1000000,10050
5979,1660053,4710
5980,1660053,4590
5981,1660053,8540
5982,1660053,9230
5983,1000000,18590
5984,1660053,5710
5985,1660053,8830
5986,1660053,4580
5987,1660053,5070
5988,1000000,10190
5989,1000000,11120
5990,1660053,3590
5991,1000000,28780
5992,1000000,13210
5993,1000000,18910
5994,1000000,15660
5995,1660053,8510
5996,1660053,5280
5997,1660053,4950
5998,1000000,26030
5999,1000000,11520
6000,1000000,15610
6001,1660053,4270
6002,1660053,7600
6003,1660053,5970
6004,1000000,10220
6005,1000000,12300
6006,1660053,2450
6007,1660053,5480
6008,1660053,6580
6009,1000000,10970
6010,1000000,12960
6011,1660053,7610
6012,1660053,8960
6013,1660053,8100
6014,1660053,5080
6015,1000000,17060
6016,1000000,10950
6017,1000000,16740
6018,1660053,8690
6019,1000000,14560
6020,1660053,6120
6021,1660053,5480
6022,1660053,1100
6023,1660053,8110
6024,1000000,15310
6025,1000000,24430
6026,1000000,10660
6027,1660053,4940
6028,1000000,13110
6029,1660053,7860
6030,1660053,8000
6031,1000000,18120
6032,1660053,6990
6033,1000000,33090
6034,1660053,7440
6035,1660053,4930
6036,1660053,8000
6037,1000000,15820
6038,1660053,5910
6039,1660053,8510
6040,1660053,9740
6041,1660053,1540
6042,1660053,7600
6043,1660053,5200
6044,1000000,10050
6045,1660053,9890
6046,1660053,9960
6047,1000000,11770
6048,1660053,3470
6049,1660053,6570
6050,1660053,6440
6051,1000000,17010
6052,1660053,5860
6053,1000000,11340
6054,1660053,6740
6055,1000000,25370
6056,1660053,6760
6057,1000000,10020
6058,1660053,4690
6059,1660053,9690
6060,1660053,6490
6061,1660053,8260
6062,1660053,5630
6063,1000000,19530
6064,1660053,7960
6065,1660053,2840
6066,1000000,11990
6067,1660053,8880
6068,1000000,10710
6069,1660053,7780
6070,1000000,13970
6071,1000000,11690
6072,1660053,9750
6073,1660053,8370
6074,1660053,7000
6075,1000000,12790
6076,1000000,14760
6077,1660053,8970
6078,1000000,21260
6079,1660053,5540
6080,1660053,7170
6081,1660053,9770
6082,1000000,39130
6083,1000000,47840
6084,1660053,3220
6085,1660053,6940
6086,1660053,8790
6087,1000000,11170
6088,1000000,30130
6089,6258,1000000
6090,1660053,6290
6091,1000000,19260
6092,1660053,4430
6093,1660053,8710
6094,1000000,10860
6095,1660053,8580
6096,1000000,11400
6097,1660053,9580
6098,1660053,6310
6099,1000000,19060
6100,1660053,3770
6101,1660053,9170
6102,1660053,8100
6103,1000000,15770
6104,1660053,8510
6105,1660053,4960
6106,1000000,89080
6107,1660053,4560
6108,1660053,4860
6109,1660053,7160
6110,1660053,6310
6111,1000000,13890
6112,1660053,8360
6113,1660053,4130
6114,1660053,2010
6115,1000000,11440
6116,1660053,4650
6117,1660053,2320
6118,1660053,6990
6119,1000000,12940
6120,1660053,6950
6121,1660053,6680
6122,1660053,6160
6123,1000000,16190
6124,1000000,14310
6125,1660053,4640
6126,1660053,6990
6127,1660053,6780
6128,1000000,10490
6129,1660053,4810
6130,1660053,7760
6131,1000000,10780
6132,1660053,4210
6133,1660053,6330
6134,1660053,9560
6135,1000000,16790
6136,1660053,7460
6137,1660053,3260
6138,1660053,8410
6139,1000000,14550
6140,1000000,14120
6141,1000000,23260
6142,1000000,14200
6143,1000000,37570
6144,1660053,7090
6145,1660053,6690
6146,1000000,13380
6147,1660053,6960
6148,1000000,19100
6149,1000000,14360
6150,1660053,9550
6151,1660053,9170
6152,1660053,8420
6153,1660053,9770
6154,1660053,5630
6155,1660053,5890
6156,1000000,12730
6157,1660053,5510
6158,1000000,13420
6159,1660053,8260
6160,1000000,10390
6161,1000000,16000
6162,1000000,16080
6163,1000000,27410
6164,1660053,4510
6165,1000000,19780
6166,1660053,7430
6167,1000000,24760
6168,1660053,8090
6169,1660053,8880
6170,1660053,2890
6171,1660053,8870
6172,1660053,5210
6173,1660053,2860
6174,1660053,4260
6175,1000000,27930
6176,1660053,3250
6177,1660053,6200
6178,1000000,18030
6179,1000000,12540
6180,1000000,19980
6181,1660053,8560
6182,1000000,25080
6183,1000000,29330
6184,1660053,8460
6185,1660053,6250
6186,1660053,1720
6187,1660053,6390
6188,1660053,9420
6189,1660053,4190
6190,1660053,4900
6191,1660053,2480
6192,1660053,3470
6193,1660053,5620
6194,1000000,12570
6195,1660053,7180
6196,1000000,32400
6197,1000000,18250
6198,1660053,5330
6199,1660053,5500
6200,1000000,11640
6201,1660053,4190
6202,1660053,8690
6203,1660053,8950
6204,1660053,5900
6205,1660053,6850
6206,1660053,5210
6207,1000000,11800
6208,1660053,9400
6209,1660053,5280
6210,1660053,7120
6211,1660053,3160
6212,1660053,3610
6213,1000000,11870
6214,1660053,6040
6215,1660053,9200
6216,1660053,5690
6217,1000000,16300
6218,1660053,7000
6219,1660053,8230
6220,1000000,11380
6221,1660053,5070
6222,1660053,5280
6223,1660053,9970
6224,1660053,6130
6225,1000000,10490
6226,1000000,12770
6227,1000000,10390
6228,1000000,10020
6229,1660053,9540
6230,1000000,10560
6231,1000000,10800
6232,1000000,10170
6233,1000000,10140
6234,1660053,3970
6235,1660053,8000
6236,1660053,9120
6237,1660053,9860
6238,1000000,12670
6239,1660053,5570
6240,1660053,5190
6241,1660053,8220
6242,1660053,7850
6243,1660053,6580
6244,1660053,2150
6245,1000000,11410
6246,1000000,17180
6247,1000000,11150
6248,1660053,3000
6249,1000000,11720
6250,1000000,16870
6251,1000000,15930
6252,1660053,4130
6253,1000000,12060
6254,1660053,5080
6255,1660053,2080
6256,1660053,9640
6257,1000000,12020
6258,1000000,11030
6259,1000000,17650
6260,1660053,8130
6261,1660053,4420
6262,1660053,8900
6263,1660053,8260
6264,1000000,10270
6265,1000000,12850
6266,1000000,19270
6267,1000000,12910
6268,1000000,18320
6269,1660053,4200
6270,1660053,7560
6271,1000000,10050
6272,1000000,11130
6273,1000000,13370
6274,1660053,5600
6275,1000000,10110
6276,1660053,7480
6277,1000000,13040
6278,1660053,7160
6279,1000000,11810
6280,1660053,9320
6281,1000000,12520
6282,1660053,3560
6283,1660053,5770
6284,1000000,12400
6285,1660053,5740
6286,1000000,20050
6287,1660053,4430
6288,1000000,19140
6289,1000000,11330
6290,1000000,10540
6291,1000000,10130
6292,1660053,8180
6293,1660053,4800
6294,1660053,6370
6295,1660053,6080
6296,1000000,59990
6297,1660053,5240
6298,1000000,10980
6299,1660053,5040
6300,1000000,14060
6301,1660053,6870
6302,1000000,11950
6303,1660053,9260
6304,1000000,21940
6305,1000000,16620
6306,1660053,2100
6307,1660053,8710
6308,1000000,17240
6309,1000000,25190
6310,1000000,13670
6311,1660053,8600
6312,1000000,22730
6313,1660053,4980
6314,1000000,19100
6315,1000000,17460
6316,1000000,20170
6317,1660053,1790
6318,1660053,8170
6319,1000000,13680
6320,1660053,8010
6321,1660053,6730
6322,1000000,14210
6323,1000000,16500
6324,1660053,9250
6325,1000000,11050
6326,1000000,10000
6327,1660053,5980
6328,1000000,10180
6329,1000000,21040
6330,1660053,4880
6331,1000000,15820
6332,1660053,2510
6333,1660053,3720
6334,1000000,12760
6335,1000000,10620
6336,1000000,11890
6337,1660053,7630
6338,1660053,7040
6339,1660053,4870
6340,1660053,3100
6341,1660053,5920
6342,1000000,20350
6343,1660053,7090
6344,1660053,9300
6345,1660053,9630
6346,1660053,9040
6347,1660053,5010
6348,1000000,14000
6349,1660053,6430
6350,1000000,14980
6351,1000000,13700
6352,1000000,13460
6353,1660053,4030
6354,1000000,15340
6355,1000000,17190
6356,1660053,5820
6357,1660053,6110
6358,1000000,16630
6359,1000000,13720
6360,1000000,24690
6361,1660053,7630
6362,1000000,18390
6363,1000000,12710
6364,1660053,4650
6365,1000000,25350
6366,1000000,10990
6367,1660053,7100
6368,1000000,11500
6369,1000000,13190
6370,1660053,4850
6371,1660053,5730
6372,1660053,9920
6373,1660053,3340
6374,1660053,2990
6375,1000000,11850
6376,1660053,4300
6377,1660053,7450
6378,1000000,21360
6379,1660053,5340
6380,1000000,16090
6381,1660053,3210
6382,1660053,9970
6383,1000000,13600
6384,1660053,8100
6385,1660053,6520
6386,1660053,6620
6387,1660053,2160
6388,1000000,26800
6389,1660053,8280
6390,1660053,7520
6391,1000000,14560
6392,1660053,6470
6393,1000000,10640
6394,1000000,14650
6395,1000000,13020
6396,1660053,3090
6397,1000000,12670
6398,1000000,13530
6399,1000000,12180
6400,1660053,5650
6401,1660053,5990
6402,1660053,7990
6403,1660053,9300
6404,1000000,10280
6405,1660053,9620
6406,1660053,9650
6407,1660053,8260
6408,1660053,6310
6409,1000000,18010
6410,1660053,9080
6411,1000000,16090
6412,1660053,5050
6413,1660053,6540
6414,1660053,4410
6415,1000000,10430
6416,1000000,22830
6417,1000000,13070
6418,1000000,75520
6419,1000000,11760
6420,1000000,21000
6421,1000000,10730
6422,1660053,7020
6423,1660053,3570
6424,1660053,6890
6425,1660053,5720
6426,1660053,5050
6427,1660053,5020
6428,1000000,16700
6429,1660053,6520
6430,1000000,12710
6431,1000000,16920
6432,1000000,19450
6433,1660053,6650
6434,1660053,6820
6435,1660053,7610
6436,1000000,13750
6437,1000000,10880
6438,1000000,13790
6439,1000000,21340
6440,1660053,6360
6441,1660053,5340
6442,1660053,5510
6443,1660053,9500
6444,1000000,14760
6445,1660053,4700
6446,1000000,14230
6447,1660053,6600
6448,1660053,3740
6449,1000000,10200
6450,1660053,6380
6451,1000000,12660
6452,1660053,5170
6453,1000000,11020
6454,1000000,10140
6455,1660053,9260
6456,1000000,13080
6457,1000000,12010
6458,1000000,18990
6459,1000000,12390
6460,1660053,4980
6461,1000000,19080
6462,1000000,21920
6463,1660053,8170
6464,1660053,6010
6465,1660053,8730
6466,1660053,8160
6467,1660053,8600
6468,1000000,14910
6469,1000000,10140
6470,1660053,9010
6471,1660053,9170
6472,1660053,1270
6473,1660053,9430
6474,1660053,6780
6475,1000000,14860
6476,1660053,4170
6477,1000000,10340
6478,1660053,3500
6479,1660053,4900
6480,1660053,1930
6481,1660053,9670
6482,1660053,5660
6483,1000000,10310
6484,1000000,11840
6485,1000000,16230
6486,1000000,11710
6487,1660053,8820
6488,1000000,16850
6489,1660053,8830
6490,1000000,13550
6491,1660053,4290
6492,1660053,6850
6493,1660053,8000
6494,1000000,19920
6495,1660053,6920
6496,1660053,7140
6497,1660053,6660
6498,1660053,4850
6499,1660053,5820
6500,1000000,21220
6501,1000000,12210
6502,1660053,1900
6503,1660053,9320
6504,1660053,5730
6505,1660053,4940
6506,1000000,11010
6507,1000000,19320
6508,1000000,12230
6509,1660053,7570
6510,1000000,15970
6511,1000000,10800
6512,1660053,6630
6513,1000000,15460
6514,1660053,8450
6515,1660053,5830
6516,1660053,5060
6517,1000000,20590
6518,1000000,22110
6519,1660053,3890
6520,1660053,5570
6521,1660053,7000
6522,1660053,8780
6523,1660053,7270
6524,1660053,7610
6525,1660053,9200
6526,1000000,10940
6527,1660053,2010
6528,1000000,27780
6529,1000000,47400
6530,1000000,14690
6531,1000000,17860
6532,1660053,6650
6533,1660053,7200
6534,1660053,4160
6535,1000000,11850
6536,1000000,18660
6537,1660053,6410
6538,1000000,12480
6539,1660053,2750
6540,1000000,15950
6541,1660053,5220
6542,1660053,8400
6543,1000000,20980
6544,1000000,11710
6545,1000000,22770
6546,1000000,13040
6547,1660053,3460
6548,1000000,16700
6549,1660053,8210
6550,1000000,14730
6551,1000000,19440
6552,1000000,15850
6553,1660053,3300
6554,1660053,9890
6555,1660053,5780
6556,1000000,10430
6557,1660053,3740
6558,1000000,21970
6559,1660053,9940
6560,1000000,14280
6561,1000000,10460
6562,1000000,12310
6563,1000000,28590
6564,1660053,4720
6565,1660053,3900
6566,1660053,9980
6567,1660053,5380
6568,1660053,7320
6569,1660053,5960
6570,1660053,6910
6571,1000000,10790
6572,1000000,17050
6573,1660053,7570
6574,1660053,5190
6575,1660053,4840
6576,1660053,9100
6577,1660053,5610
6578,1660053,6260
6579,1660053,5770
6580,1000000,10760
6581,1000000,10070
6582,1000000,13680
6583,1660053,4710
6584,1000000,10960
6585,1660053,9410
6586,1660053,6910
6587,1000000,13360
6588,1660053,9990
6589,1660053,7590
6590,1660053,7630
6591,1000000,11630
6592,1660053,5580
6593,1660053,8520
6594,1660053,7220
6595,1000000,12400
6596,1000000,16070
6597,1660053,7670
6598,1660053,9280
6599,1660053,2080
6600,1660053,5620
6601,1660053,6320
6602,1000000,13020
6603,1660053,4310
6604,1000000,17160
6605,1660053,6770
6606,1660053,4920
6607,1660053,9570
6608,1660053,9870
6609,1660053,8740
6610,1000000,18670
6611,1660053,7800
6612,1660053,3900
6613,1000000,18730
6614,1000000,11310
6615,1000000,15110
6616,1660053,5200
6617,1660053,7220
6618,1000000,12660
6619,1000000,11320
6620,1000000,14930
6621,1000000,13170
6622,1660053,7550
6623,1000000,29560
6624,1660053,5520
6625,1660053,5510
6626,1000000,20740
6627,1660053,8300
6628,1660053,6700
6629,1000000,14900
6630,1660053,9490
6631,1000000,11050
6632,1000000,14600
6633,1000000,23940
6634,1000000,70920
6635,1660053,7880
6636,1000000,12370
6637,1660053,3210
6638,1660053,9030
6639,1660053,9800
6640,1660053,2570
6641,1000000,11530
6642,1660053,2930
6643,1660053,8450
6644,1660053,4590
6645,1000000,19120
6646,1660053,8400
6647,1660053,2530
6648,1660053,7400
6649,1000000,23200
6650,1660053,6530
6651,1000000,18090
6652,1000000,12680
6653,1660053,6420
6654,1660053,9430
6655,1660053,7340
6656,1660053,4610
6657,1000000,11350
6658,1660053,9330
6659,1000000,10000
6660,1000000,24600
6661,1000000,11730
6662,1660053,9900
6663,1660053,6220
6664,1660053,6780
6665,1660053,6560
6666,1660053,8360
6667,1000000,17590
6668,1000000,15630
6669,1000000,10600
6670,1660053,9550
6671,1000000,20570
6672,1660053,9060
6673,1000000,10460
6674,1000000,12600
6675,1660053,5800
6676,1000000,17860
6677,1660053,9410
6678,1000000,14540
6679,1660053,5910
6680,1660053,4830
6681,1000000,22730
6682,1660053,7210
6683,1000000,12830
6684,1660053,3550
6685,1660053,6250
6686,1660053,8100
6687,1660053,9780
6688,1000000,15270
6689,1000000,11310
6690,1660053,8080
6691,1660053,7560
6692,1660053,8010
6693,1660053,9530
6694,1660053,5790
6695,1660053,2970
6696,1660053,9950
6697,1000000,27880
6698,1000000,10220
6699,1660053,2580
6700,1660053,7700
6701,1000000,20690
6702,1000000,16390
6703,1000000,18190
6704,1000000,17830
6705,1660053,9530
6706,1000000,10450
6707,1660053,7070
6708,1000000,12450
6709,1000000,12110
6710,1660053,4480
6711,1660053,3970
6712,1660053,9980
6713,1660053,6470
6714,1000000,15880
6715,1660053,9380
6716,1000000,12550
6717,1660053,7260
6718,1660053,2830
6719,1660053,6860
6720,1000000,14640
6721,1000000,13490
6722,1660053,3200
6723,1660053,5000
6724,1660053,5770
6725,1660053,5160
6726,1660053,3570
6727,1000000,13490
6728,1660053,6120
6729,1660053,2580
6730,1000000,17610
6731,1660053,8310
6732,1660053,9870
6733,1000000,11820
6734,1660053,7870
6735,1660053,3270
6736,1660053,5060
6737,1660053,6100
6738,1660053,9430
6739,1000000,11920
6740,1000000,11500
6741,1660053,7290
6742,1000000,17110
6743,1660053,5480
6744,1000000,11260
6745,1660053,3990
6746,1660053,1450
6747,1660053,7620
6748,1660053,4920
6749,1000000,13240
6750,1000000,10540
6751,1660053,4950
6752,1000000,10860
6753,1000000,11420
6754,1660053,6430
6755,1000000,11950
6756,1660053,5380
6757,1000000,11760
6758,1660053,4810
6759,1660053,9630
6760,1000000,17440
6761,1660053,7360
6762,1000000,10420
6763,1000000,16760
6764,1000000,15270
6765,1660053,9320
6766,1000000,11430
6767,1000000,12060
6768,1000000,12930
6769,1000000,23200
6770,1660053,4430
6771,1660053,3160
6772,1660053,6620
6773,1660053,5200
6774,1000000,10790
6775,1660053,5800
6776,1660053,2860
6777,1000000,10900
6778,1000000,12200
6779,1000000,16110
6780,1000000,10600
6781,1000000,11610
6782,1000000,16450
6783,1660053,8250
6784,1660053,7090
6785,1660053,4940
6786,1000000,10150
6787,1000000,13390
6788,1660053,8430
6789,1000000,11070
6790,1660053,3050
6791,1660053,8490
6792,1000000,11840
6793,1660053,9210
6794,1660053,6370
6795,1660053,7080
6796,1000000,10170
6797,1660053,8330
6798,1000000,10160
6799,1000000,58080
6800,1000000,11640
6801,1660053,7710
6802,1000000,17380
6803,1660053,8530
6804,1000000,21790
6805,1000000,18840
6806,1660053,4350
6807,1000000,18070
6808,1660053,7560
6809,1660053,5460
6810,1660053,5680
6811,1000000,16110
6812,1660053,6170
6813,1660053,4820
6814,1660053,6040
6815,1660053,2030
6816,1000000,13200
6817,1000000,12430
6818,1660053,9390
6819,1000000,11990
6820,1660053,4840
6821,1000000,11980
6822,1660053,8510
6823,1660053,7350
6824,1660053,9890
6825,1660053,8320
6826,1000000,13060
6827,1660053,5830
6828,1660053,9100
6829,1000000,10770
6830,1660053,6080
6831,1000000,22250
6832,1000000,35820
6833,1660053,6400
6834,1660053,4020
6835,1000000,14310
6836,1660053,9380
6837,1000000,15060
6838,1660053,5220
6839,1000000,39670
6840,1660053,7550
6841,1660053,9680
6842,1660053,7450
6843,1660053,3590
6844,1660053,3850
6845,1660053,7170
6846,1660053,8540
6847,1660053,8950
6848,1000000,20800
6849,1000000,30420
6850,1000000,41370
6851,1000000,10160
6852,1000000,10910
6853,1660053,7770
6854,1660053,3020
6855,1660053,7320
6856,1000000,11890
6857,1000000,11930
6858,1660053,2950
6859,1660053,2020
6860,1660053,8430
6861,1660053,8650
6862,1660053,5520
6863,1000000,19190
6864,1660053,7890
6865,1000000,77040
6866,1660053,5030
6867,1660053,4500
6868,1000000,25210
6869,1660053,8560
6870,1660053,6890
6871,1000000,25870
6872,1660053,4520
6873,1660053,7690
6874,1000000,13250
6875,1000000,17990
6876,1000000,10830
6877,1000000,11570
6878,1660053,4370
6879,1660053,3540
6880,1660053,5870
6881,1000000,20840
6882,1660053,6370
6883,1660053,8870
6884,1660053,7800
6885,1000000,20450
6886,1660053,8600
6887,1660053,3380
6888,1000000,15020
6889,1660053,6860
6890,1660053,5570
6891,1660053,5130
6892,1660053,2870
6893,1660053,5230
6894,1660053,7200
6895,1660053,6030
6896,1000000,15010
6897,1000000,11360
6898,1660053,5080
6899,1660053,6220
6900,1660053,9940
6901,1660053,6060
6902,1660053,8480
6903,1660053,5450
6904,1000000,12190
6905,1000000,11940
6906,1660053,6270
6907,1660053,6270
6908,1660053,4380
6909,1000000,11500
6910,1660053,7350
6911,1660053,9090
6912,1000000,23590
6913,1660053,8430
6914,1660053,2930
6915,1660053,8260
6916,1000000,25020
6917,1000000,10690
6918,1000000,16210
6919,1000000,10740
6920,1660053,2710
6921,1660053,9840
6922,1000000,18820
6923,1660053,8570
6924,1000000,10860
6925,1660053,8320
6926,1660053,9720
6927,1660053,7250
6928,1000000,15450
6929,1000000,10890
6930,1660053,4290
6931,1660053,8510
6932,1000000,35800
6933,1000000,23880
6934,1660053,5830
6935,1000000,15250
6936,1000000,31770
6937,1000000,10960
6938,1660053,8850
6939,1660053,7510
6940,1660053,4420
6941,1660053,3510
6942,1000000,32540
6943,1660053,4200
6944,1660053,5830
6945,1660053,7300
6946,1660053,9410
6947,1000000,17660
6948,1000000,10920
6949,1000000,28820
6950,1660053,4250
6951,1660053,4420
6952,1000000,13340
6953,1660053,2430
6954,1000000,14680
6955,1000000,10410
6956,1000000,16600
6957,1000000,20100
6958,1000000,11390
6959,1660053,4680
6960,1660053,4540
6961,1660053,4660
6962,1000000,14080
6963,1000000,18950
6964,1000000,14680
6965,1000000,27100
6966,1660053,5110
6967,1660053,7270
6968,1660053,4590
6969,1660053,9320
6970,1660053,6790
6971,1660053,6960
6972,1660053,6440
6973,1660053,7140
6974,1660053,8110
6975,1000000,14000
6976,1660053,7410
6977,1660053,7170
6978,1660053,8280
6979,1000000,22140
6980,1660053,6120
6981,1000000,27330
6982,1660053,7010
6983,1660053,6520
6984,1000000,18730
6985,1000000,10850
6986,1000000,32770
6987,1660053,9700
6988,1660053,4830
6989,1000000,12890
6990,1000000,11150
6991,1660053,7160
6992,1660053,6550
6993,1000000,12320
6994,1000000,14390
6995,1660053,8700
6996,1660053,8320
6997,1660053,8620
6998,1000000,11400
6999,1660053,8550
7000,1000000,10950
7001,1660053,7410
7002,1660053,6830
7003,1660053,6660
7004,1660053,7910
7005,1660053,1580
7006,1000000,20340
7007,1000000,32600
7008,1660053,2770
7009,1660053,9220
7010,1000000,36320
7011,1660053,6140
7012,1660053,8260
7013,1660053,4270
7014,1000000,26890
7015,1000000,14670
7016,1660053,7850
7017,1660053,9660
7018,1660053,7120
7019,1000000,11730
7020,1660053,4260
7021,1660053,9900
7022,1660053,7200
7023,1000000,10430
7024,1000000,13210
7025,1660053,8810
7026,1660053,5270
7027,1660053,2780
7028,1000000,10680
7029,1660053,5680
7030,1000000,19390
7031,1660053,4470
7032,1660053,9190
7033,1660053,7250
7034,1660053,8690
7035,1660053,6540
7036,1660053,6790
7037,1000000,10600
7038,1000000,14570
7039,1660053,7700
7040,1660053,7160
7041,1000000,10010
7042,1660053,7930
7043,1660053,9090
7044,1000000,15750
7045,1660053,7410
7046,1660053,5040
7047,1000000,14780
7048,1000000,16770
7049,1660053,8990
7050,1660053,5650
7051,1000000,20170
7052,1660053,5360
7053,1660053,7320
7054,1660053,3270
7055,1000000,11950
7056,1660053,6550
7057,1000000,11060
7058,1000000,11270
7059,1660053,6180
7060,1660053,9480
7061,1660053,8280
7062,1660053,7840
7063,1000000,12470
7064,1000000,34840
7065,1000000,12320
7066,1000000,11840
7067,1660053,8730
7068,1000000,11820
7069,1000000,13490
7070,1660053,5190
7071,1000000,13340
7072,1660053,2170
7073,1000000,12190
7074,1660053,4120
7075,1000000,19210
7076,1660053,4220
7077,1000000,10530
7078,1660053,6210
7079,1660053,8680
7080,1660053,8250
7081,1000000,10600
7082,1000000,12150
7083,1660053,9050
7084,1000000,12380
7085,1660053,6510
7086,1660053,5540
7087,1000000,153910
7088,1660053,8200
7089,1000000,23860
7090,1660053,6540
7091,1660053,8060
7092,1000000,13720
7093,1660053,9130
7094,1660053,5930
7095,1660053,6570
7096,1660053,3000
7097,1000000,15540
7098,1660053,4680
7099,1000000,10960
7100,1660053,7370
7101,1000000,14290
7102,1660053,6920
7103,1000000,21370
7104,1000000,15150
7105,1660053,6420
7106,1660053,8230
7107,1660053,5070
7108,1000000,12500
7109,1660053,1330
7110,1000000,25280
7111,1660053,6690
7112,1660053,8550
7113,1000000,13530
7114,1000000,13740
7115,1000000,10460
7116,1660053,8370
7117,1660053,6100
7118,1660053,5780
7119,1000000,20460
7120,1660053,3250
7121,1660053,4450
7122,1000000,12510
7123,1000000,10900
7124,1660053,4270
7125,1660053,8660
7126,1000000,13610
7127,1660053,5750
7128,1000000,17830
7129,1660053,6200
7130,1660053,8780
7131,1660053,9670
7132,1660053,9010
7133,1660053,3690
7134,1660053,7840
7135,1660053,3430
7136,1000000,10610
7137,1000000,10320
7138,1000000,11050
7139,1660053,9820
7140,1000000,11280
7141,1000000,11890
7142,1000000,15670
7143,1660053,8340
7144,1000000,19850
7145,1660053,9020
7146,1000000,11760
7147,1000000,14760
7148,1660053,6060
7149,1660053,3290
7150,1660053,9410
7151,1660053,5420
7152,1660053,7650
7153,1000000,18260
7154,1660053,7540
7155,1660053,7140
7156,1000000,15290
7157,1660053,2190
7158,1660053,6620
7159,1660053,5420
7160,1660053,7520
7161,1660053,4520
7162,1000000,16220
7163,1660053,6620
7164,1660053,7710
7165,1660053,8630
7166,1000000,12640
7167,1660053,9180
7168,1000000,18080
7169,1000000,17880
7170,1660053,8290
7171,1000000,28770
7172,1000000,33810
7173,1000000,16380
7174,1660053,8580
7175,1660053,8210
7176,1660053,7280
7177,1000000,11770
7178,1000000,11530
7179,1000000,12340
7180,1660053,4540
7181,1000000,15350
7182,1000000,11710
7183,1660053,7000
7184,1660053,5510
7185,1660053,6390
7186,1660053,6950
7187,1000000,18810
7188,1660053,8220
7189,1660053,6970
7190,1000000,14460
7191,1660053,9190
7192,1660053,5380
7193,1660053,5510
7194,1660053,7520
7195,1660053,4840
7196,1000000,15200
7197,1000000,11710
7198,1660053,6130
7199,1660053,8230
7200,1660053,8130
7201,1660053,9830
7202,1660053,6910
7203,1660053,3860
7204,1660053,7190
7205,1000000,13000
7206,1660053,5660
7207,1000000,11310
7208,1000000,11320
7209,1660053,4550
7210,1000000,15000
7211,1660053,8440
7212,1660053,9310
7213,1660053,3640
7214,1000000,19380
7215,1000000,14340
7216,1660053,4840
7217,1000000,15610
7218,1660053,3030
7219,1660053,6370
7220,1660053,9520
7221,1660053,4820
7222,1660053,9920
7223,1660053,4350
7224,1000000,18210
7225,1660053,4530
7226,1660053,4690
7227,1660053,9160
7228,1000000,10160
7229,1000000,15470
7230,1660053,2630
7231,1660053,4170
7232,1000000,12350
7233,1000000,20750
7234,1000000,16670
7235,1000000,15800
7236,1000000,21560
7237,1000000,11750
7238,1000000,92090
7239,1000000,11630
7240,1660053,7760
7241,1660053,3220
7242,1660053,8650
7243,1000000,16160
7244,1000000,13030
7245,1660053,5120
7246,1660053,5640
7247,1660053,3580
7248,1660053,9780
7249,1660053,8970
7250,1660053,6390
7251,1000000,22460
7252,1660053,6630
7253,1000000,19540
7254,1000000,14370
7255,1000000,18000
7256,1660053,9460
7257,1000000,16270
7258,1660053,3160
7259,1660053,9750
7260,1000000,26170
7261,1660053,9890
7262,1000000,10210
7263,1660053,4200
7264,1000000,14430
7265,1660053,6380
7266,1000000,13430
7267,1660053,4420
7268,1660053,2880
7269,1000000,12490
7270,1000000,10650
7271,1000000,11030
7272,1660053,7490
7273,1000000,18930
7274,1000000,16420
7275,1000000,12730
7276,1000000,13480
7277,1000000,12260
7278,1660053,2780
7279,1660053,4600
7280,1000000,18730
7281,1660053,6840
7282,1660053,3710
7283,1660053,3330
7284,1000000,12590
7285,1660053,5580
7286,1660053,6860
7287,1660053,3460
7288,1660053,4830
7289,1000000,16170
7290,1660053,3470
7291,1000000,11180
7292,1660053,6050
7293,1000000,10590
7294,1660053,5580
7295,1000000,12390
7296,1660053,9330
7297,1000000,16710
7298,1660053,2090
7299,1660053,7900
7300,1660053,6630
7301,1000000,15160
7302,1660053,6900
7303,1660053,4200
7304,1000000,22700
7305,1660053,9090
7306,1000000,16640
7307,1660053,6570
7308,1660053,6040
7309,1660053,5380
7310,1660053,8220
7311,1660053,8560
7312,1660053,9620
7313,1660053,7040
7314,1000000,15330
7315,1000000,10870
7316,1660053,8620
7317,1000000,13690
7318,1000000,11180
7319,1660053,2220
7320,1660053,2940
7321,1660053,5190
7322,1660053,8020
7323,1660053,6150
7324,1000000,12970
7325,1000000,14020
7326,1660053,7640
7327,1000000,11410
7328,1660053,7920
7329,1660053,4690
7330,1660053,6470
7331,1660053,6910
7332,1660053,8000
7333,1000000,15280
7334,1660053,4230
7335,1000000,10460
7336,1000000,10620
7337,1000000,18770
7338,1000000,15520
7339,1660053,6090
7340,1660053,4270
7341,1000000,11000
7342,1660053,7100
7343,1660053,7880
7344,1660053,6770
7345,1660053,8190
7346,1660053,8250
7347,1660053,5550
7348,1660053,9300
7349,1660053,4780
7350,1000000,17090
7351,1000000,14750
7352,1660053,5060
7353,1000000,13020
7354,1000000,31660
7355,1000000,19070
7356,1000000,10380
7357,1000000,13810
7358,1660053,5450
7359,1000000,16830
7360,1660053,5160
7361,1000000,288400
7362,1000000,30250
7363,1000000,11110
7364,1660053,9480
7365,1000000,17340
7366,1660053,4020
7367,1660053,7630
7368,1660053,5670
7369,1000000,18020
7370,1000000,11430
7371,1660053,9750
7372,1000000,10080
7373,1660053,6370
7374,1660053,5370
7375,1660053,9720
7376,1000000,17820
7377,1660053,5880
7378,1660053,6510
7379,1660053,7870
7380,1660053,9550
7381,1660053,2020
7382,1000000,12040
7383,1660053,7570
7384,1660053,4360
7385,1000000,10880
7386,1000000,11810
7387,1660053,9310
7388,1660053,8790
7389,1660053,3570
7390,1660053,3270
7391,1660053,5460
7392,1660053,5480
7393,1000000,12160
7394,1660053,3010
7395,1660053,5850
7396,1000000,14150
7397,1000000,20330
7398,1000000,17880
7399,1660053,8160
7400,1660053,7440
7401,1660053,4750
7402,1660053,8070
7403,1000000,15880
7404,1000000,12510
7405,1000000,17240
7406,1660053,4200
7407,1660053,7060
7408,1000000,10240
7409,1660053,7270
7410,1000000,17230
7411,1000000,35310
7412,1660053,8470
7413,1660053,6560
7414,1000000,16750
7415,1660053,7470
7416,1660053,6220
7417,1000000,13880
7418,1000000,13800
7419,1000000,11020
7420,1000000,25980
7421,1000000,21010
7422,1660053,4610
7423,1660053,5210
7424,1660053,3850
7425,1000000,20170
7426,1660053,2700
7427,1000000,14940
7428,1660053,8800
7429,1660053,5310
7430,1660053,1580
7431,1660053,8760
7432,1660053,4980
7433,1000000,11830
7434,1000000,17820
7435,1660053,2820
7436,1000000,11320
7437,1660053,9230
7438,1000000,11660
7439,1660053,9910
7440,1660053,5340
7441,1660053,5220
7442,1000000,12280
7443,1000000,10200
7444,1000000,12070
7445,1000000,34420
7446,1000000,10840
7447,1660053,3920
7448,1660053,4880
7449,1000000,16340
7450,1660053,9990
7451,1660053,8280
7452,1660053,7920
7453,1000000,20660
7454,1660053,8530
7455,1000000,10240
7456,1660053,7870
7457,1000000,14230
7458,1000000,14020
7459,1660053,7190
7460,1660053,8410
7461,1660053,9740
7462,1000000,20020
7463,1660053,4710
7464,1000000,14380
7465,1660053,8720
7466,1660053,9900
7467,1000000,16110
7468,1000000,12810
7469,1660053,6480
7470,1000000,25500
7471,1660053,8080
7472,1660053,4550
7473,1000000,11720
7474,1000000,11210
7475,1000000,11380
7476,1000000,10660
7477,1660053,8550
7478,1000000,10480
7479,1660053,4920
7480,1660053,8570
7481,1000000,10300
7482,1660053,8730
7483,1660053,7540
7484,1000000,12630
7485,1000000,11940
7486,1660053,8770
7487,1000000,17840
7488,1660053,4990
7489,1000000,20750
7490,1660053,6260
7491,1660053,8280
7492,1000000,11560
7493,1000000,11300
7494,1660053,5010
7495,1000000,32230
7496,1660053,5590
7497,1000000,10510
7498,1660053,6880
7499,1000000,17850
7500,1660053,8580
7501,1000000,11190
7502,1660053,9770
7503,1660053,7320
7504,1660053,7400
7505,1000000,11210
7506,1000000,49160
7507,1660053,5870
7508,1660053,6270
7509,1660053,8660
7510,1000000,11660
7511,1660053,8150
7512,1660053,8790
7513,1000000,17410
7514,1000000,14390
7515,1660053,5690
7516,1660053,6360
7517,1000000,13060
7518,1660053,6040
7519,1000000,17260
7520,1000000,18080
7521,1000000,27770
7522,1660053,6600
7523,1660053,4510
7524,1000000,12960
7525,1000000,12720
7526,1660053,5420
7527,1660053,6690
7528,1000000,11680
7529,1660053,8080
7530,1660053,9780
7531,1000000,15450
7532,1660053,9670
7533,1660053,4510
7534,1000000,11580
7535,1000000,10750
7536,1000000,11780
7537,1660053,5950
7538,1660053,3340
7539,1660053,3770
7540,1000000,16050
7541,1000000,14680
7542,1000000,16220
7543,1000000,26520
7544,1660053,5580
7545,1660053,9140
7546,1000000,14830
7547,1660053,9820
7548,1660053,500
7549,1660053,6260
7550,1660053,6190
7551,1000000,10830
7552,1000000,15480
7553,1660053,7260
7554,1000000,12560
7555,1000000,11070
7556,1000000,12910
7557,1000000,10410
7558,1660053,6260
7559,1000000,15010
7560,1000000,10840
7561,1660053,4670
7562,1000000,19810
7563,1660053,9500
7564,1660053,4280
7565,1000000,23930
7566,1660053,5370
7567,1660053,8200
7568,1000000,12660
7569,1660053,9240
7570,1000000,27130
7571,1660053,6360
7572,1000000,15370
7573,1660053,5630
7574,1660053,7460
7575,1660053,8430
7576,1660053,5390
7577,1000000,16600
7578,1660053,9540
7579,1000000,13510
7580,1660053,3320
7581,1660053,7810
7582,1000000,11580
7583,1660053,4330
7584,1660053,5660
7585,1000000,10830
7586,1660053,7690
7587,1660053,1540
7588,1000000,13460
7589,1000000,13190
7590,1660053,6810
7591,1660053,5970
7592,1660053,3780
7593,1660053,8170
7594,1000000,16340
7595,1000000,11480
7596,1660053,6480
7597,1000000,12440
7598,1660053,4730
7599,1660053,6240
7600,1660053,8770
7601,1660053,6520
7602,1660053,2500
7603,1660053,6810
7604,1000000,27040
7605,1660053,7480
7606,1660053,4940
7607,1660053,3940
7608,1000000,15650
7609,1660053,8940
7610,1660053,7430
7611,1000000,22680
7612,1000000,12680
7613,1660053,7820
7614,1000000,24680
7615,1660053,9020
7616,1000000,15100
7617,1660053,9140
7618,1660053,4340
7619,1660053,7760
7620,1660053,5230
7621,1660053,8110
7622,1660053,3570
7623,1000000,10590
7624,1000000,19280
7625,1000000,12160
7626,1660053,5560
7627,1000000,13690
7628,1000000,22860
7629,1000000,23940
7630,1660053,6640
7631,1000000,14440
7632,1660053,3770
7633,1000000,10980
7634,1660053,7170
7635,1000000,38300
7636,1660053,8350
7637,1660053,4590
7638,1000000,21530
7639,1000000,17160
7640,1660053,2000
7641,1660053,8620
7642,1000000,25420
7643,1660053,4970
7644,1000000,16200
7645,1000000,22230
7646,1660053,9380
7647,1000000,19110
7648,1660053,8810
7649,1660053,9150
7650,1660053,7150
7651,1660053,9560
7652,1660053,8820
7653,1000000,20770
7654,1000000,36860
7655,1660053,9720
7656,1660053,4690
7657,1660053,6290
7658,1000000,10240
7659,1660053,7210
7660,1660053,6120
7661,1000000,11620
7662,1660053,4490
7663,1660053,2420
7664,1000000,14860
7665,1000000,13230
7666,1660053,2400
7667,1660053,8950
7668,1660053,7900
7669,1000000,12760
7670,1660053,7240
7671,1000000,17570
7672,1660053,9560
7673,1660053,5710
7674,1000000,12940
7675,1660053,9410
7676,1660053,6540
7677,1000000,12160
7678,1660053,3660
7679,1000000,11360
7680,1000000,10020
7681,1660053,7240
7682,1660053,6430
7683,1660053,7800
7684,1000000,15670
7685,1000000,12320
7686,1000000,11620
7687,1000000,30160
7688,1000000,10080
7689,1000000,28440
7690,1000000,13470
7691,1660053,4170
7692,1660053,6470
7693,1000000,10350
7694,1660053,7220
7695,1660053,5280
7696,1000000,10690
7697,1660053,5640
7698,1000000,26990
7699,1660053,9740
7700,1660053,7670
7701,1660053,7960
7702,1660053,7840
7703,1660053,6230
7704,1660053,8580
7705,1660053,6980
7706,1660053,2940
7707,1660053,6840
7708,1660053,6450
7709,1660053,8870
7710,1660053,7920
7711,1660053,4920
7712,1660053,4120
7713,1660053,7390
7714,1000000,12820
7715,1660053,6580
7716,1660053,4840
7717,1000000,12740
7718,1660053,2750
7719,1000000,14140
7720,1000000,13470
7721,1660053,7120
7722,1660053,3440
7723,1000000,15300
7724,1660053,8030
7725,1000000,10300
7726,1000000,12930
7727,1660053,4530
7728,1000000,27870
7729,1660053,5340
7730,1660053,5920
7731,1660053,8450
7732,1660053,8100
7733,1660053,4650
7734,1000000,13250
7735,1660053,8430
7736,1660053,7430
7737,1000000,17830
7738,1660053,4920
7739,1660053,6040
7740,1660053,7500
7741,1660053,4650
7742,1000000,13630
7743,1660053,3590
7744,1000000,33480
7745,1000000,11350
7746,1660053,1730
7747,1000000,10970
7748,1660053,4530
7749,1660053,5400
7750,1660053,2690
7751,1660053,8060
7752,1660053,9400
7753,1660053,8730
7754,1660053,7860
7755,1000000,51970
7756,1660053,6760
7757,1660053,7340
7758,1660053,5350
7759,1660053,9310
7760,1000000,30720
7761,1000000,14920
7762,1000000,42590
7763,1660053,6570
7764,1660053,6800
7765,1000000,16120
7766,1000000,20340
7767,1000000,10960
7768,1660053,2820
7769,1660053,8780
7770,1000000,45690
7771,1000000,12480
7772,1660053,7490
7773,1660053,7730
7774,1000000,115690
7775,1660053,9460
7776,1000000,13320
7777,1660053,8220
7778,1660053,8800
7779,1000000,13290
7780,1660053,8570
7781,1000000,22220
7782,1000000,34660
7783,1000000,15400
7784,1000000,11900
7785,1660053,9700
7786,1660053,8980
7787,1000000,17060
7788,1000000,11080
7789,1660053,8060
7790,1000000,10310
7791,1660053,3400
7792,1660053,8240
7793,1660053,5070
7794,1660053,6180
7795,1660053,7600
7796,1000000,14910
7797,1660053,6910
7798,1000000,31630
7799,1660053,7540
7800,1660053,3560
7801,1000000,13360
7802,1660053,2950
7803,1660053,9940
7804,1000000,10190
7805,1000000,10440
7806,1000000,26730
7807,1660053,7590
7808,1660053,8290
7809,1660053,4140
7810,1660053,7210
7811,1660053,7580
7812,6258,1000000
7813,1660053,6010
7814,1660053,6390
7815,1660053,7600
7816,1000000,26680
7817,1660053,5070
7818,1660053,7530
7819,1000000,12260
7820,1660053,5970
7821,1000000,16020
7822,1000000,12180
7823,1660053,7060
7824,1000000,15320
7825,1660053,5960
7826,1000000,10180
7827,1000000,10550
7828,1660053,4420
7829,1660053,7730
7830,1660053,6800
7831,1660053,7210
7832,1660053,4420
7833,1660053,5200
7834,1000000,11970
7835,1000000,19400
7836,1000000,14210
7837,1660053,3810
7838,1660053,3470
7839,1000000,36490
7840,1000000,12850
7841,1000000,15390
7842,1000000,11470
7843,1660053,9360
7844,1660053,4110
7845,1660053,8510
7846,1000000,21270
7847,1660053,5780
7848,1660053,7570
7849,1000000,85950
7850,1660053,4930
7851,1660053,4530
7852,1660053,7370
7853,1660053,9010
7854,1660053,7210
7855,1000000,10450
7856,1660053,3010
7857,1660053,4910
7858,1000000,17520
7859,1660053,6150
7860,1000000,11860
7861,1000000,11720
7862,1000000,10000
7863,1660053,8060
7864,1000000,14690
7865,1660053,6610
7866,1000000,10390
7867,1660053,7200
7868,1660053,3560
7869,1000000,10180
7870,1000000,26090
7871,1000000,39870
7872,1660053,2890
7873,1660053,6370
7874,1000000,18970
7875,1000000,10130
7876,1000000,14600
7877,1000000,16580
7878,1660053,6380
7879,1660053,3780
7880,1660053,5790
7881,1660053,7180
7882,1660053,9350
7883,1660053,6700
7884,1660053,4580
7885,1000000,10860
7886,1000000,12080
7887,1660053,9830
7888,1000000,11870
7889,1000000,18430
7890,1660053,5550
7891,1000000,63450
7892,1000000,13390
7893,1000000,16240
7894,1000000,12810
7895,1000000,18680
7896,1000000,12470
7897,1000000,16310
7898,1000000,28070
7899,1660053,4500
7900,1000000,15440
7901,1660053,8840
7902,1000000,14810
7903,1660053,5980
7904,1660053,7210
7905,1000000,11940
7906,1660053,4740
7907,1660053,1200
7908,1000000,12760
7909,1660053,9720
7910,1000000,14170
7911,1000000,10070
7912,1660053,5670
7913,1000000,14180
7914,1000000,15400
7915,1000000,10870
7916,1000000,10560
7917,1000000,13750
7918,1000000,11090
7919,1660053,9390
7920,1000000,10240
7921,1000000,83900
7922,1000000,10840
7923,1660053,9690
7924,1000000,18610
7925,1000000,10240
7926,1660053,6120
7927,1000000,16850
7928,1660053,2480
7929,1660053,8060
7930,1660053,5750
7931,1660053,8940
7932,1660053,3850
7933,1000000,11100
7934,1660053,7560
7935,1000000,11770
7936,1660053,7360
7937,1000000,13360
7938,1660053,7700
7939,1660053,5760
7940,1660053,2400
7941,1660053,3260
7942,1000000,15810
7943,1660053,4220
7944,1660053,7860
7945,1000000,10920
7946,1660053,2680
7947,1000000,15140
7948,1000000,14390
7949,1000000,18160
7950,1000000,19080
7951,1660053,7130
7952,1660053,5520
7953,1660053,4630
7954,1660053,7790
7955,1000000,30350
7956,1000000,13780
7957,1000000,14480
7958,1000000,15700
7959,1660053,9490
7960,1660053,8360
7961,1660053,8620
7962,1660053,8820
7963,1660053,8190
7964,1660053,3990
7965,1660053,2990
7966,1000000,13630
7967,1660053,6090
7968,1660053,7210
7969,1000000,14010
7970,1660053,8340
7971,1660053,7260
7972,1000000,10220
7973,1660053,7010
7974,1660053,9630
7975,1000000,18690
7976,1660053,9330
7977,1660053,6560
7978,1660053,3620
7979,1660053,9960
7980,1000000,47570
7981,1660053,8570
7982,1000000,50110
7983,1000000,15200
7984,1660053,6340
7985,1000000,13720
7986,1000000,10150
7987,1000000,12390
7988,1660053,5140
7989,1000000,13550
7990,1000000,14870
7991,1000000,10180
7992,1000000,11980
7993,1660053,3730
7994,1660053,6670
7995,1000000,23600
7996,1000000,19640
7997,1660053,5610
7998,1660053,8240
7999,1000000,10620
8000,1660053,9930
8001,1660053,2010
8002,1000000,12360
8003,1000000,10150
8004,1000000,17270
8005,1000000,21430
8006,1000000,10770
8007,1000000,11130
8008,1000000,34600
8009,1660053,7030
8010,1660053,3620
8011,1660053,5280
8012,1660053,7300
8013,1660053,5280
8014,1660053,4380
8015,1660053,9050
8016,1000000,25110
8017,1000000,35200
8018,1000000,31910
8019,1000000,15200
8020,1660053,6070
8021,1660053,7240
8022,1660053,9130
8023,1660053,7210
8024,1000000,16040
8025,1660053,7770
8026,1000000,10040
8027,1660053,9120
8028,1000000,11800
8029,1660053,9460
8030,1000000,14060
8031,1000000,82550
8032,1000000,16280
8033,1660053,3110
8034,1000000,22430
8035,1000000,13710
8036,1660053,3770
8037,1660053,5560
8038,1000000,14030
8039,1000000,12580
8040,1000000,26070
8041,1660053,6610
8042,1660053,4250
8043,1000000,18480
8044,1660053,5010
8045,1000000,11680
8046,1660053,7100
8047,1660053,4990
8048,1000000,14090
8049,1000000,10900
8050,1660053,9860
8051,1660053,7490
8052,1660053,7990
8053,1000000,52130
8054,1000000,11850
8055,1660053,8130
8056,1660053,3790
8057,1660053,8420
8058,1660053,3100
8059,1660053,2990
8060,1000000,14720
8061,1660053,4330
8062,1660053,4550
8063,1660053,8000
8064,1000000,13180
8065,1660053,9820
8066,1660053,6600
8067,1660053,7290
8068,6258,1000000
8069,1660053,9550
8070,1660053,8340
8071,1660053,7600
8072,1660053,6530
8073,1660053,8010
8074,1000000,30100
8075,1000000,10980
8076,1000000,13690
8077,1660053,7830
8078,1660053,5510
8079,1000000,15820
8080,1000000,11170
8081,1000000,34640
8082,1000000,13180
8083,1000000,12470
8084,1000000,13250
8085,1660053,6170
8086,1000000,22850
8087,1000000,14750
8088,1000000,12160
8089,1660053,3950
8090,1000000,10560
8091,1000000,12760
8092,1660053,7940
8093,1000000,13040
8094,1660053,6320
8095,1000000,15680
8096,1660053,6380
8097,1000000,12660
8098,1000000,10340
8099,1000000,10700
8100,1660053,7650
8101,1000000,10950
8102,1660053,4770
8103,1660053,8220
8104,1660053,5950
8105,1000000,12810
8106,1660053,6250
8107,1660053,4670
8108,1660053,4780
8109,1660053,8030
8110,1660053,8710
8111,1660053,6530
8112,1000000,13130
8113,1000000,10750
8114,1660053,6790
8115,1000000,10750
8116,1000000,13920
8117,1660053,7220
8118,1660053,4440
8119,1000000,19080
8120,1000000,11740
8121,1660053,6340
8122,1660053,6360
8123,1000000,16560
8124,1000000,34770
8125,1000000,10440
8126,1000000,12860
8127,1000000,10480
8128,1660053,6270
8129,1660053,7190
8130,1660053,6680
8131,1660053,9000
8132,1660053,9040
8133,1000000,10600
8134,1660053,8370
8135,1660053,8990
8136,1660053,7290
8137,1000000,17110
8138,1660053,5310
8139,1660053,8040
8140,1000000,17900
8141,1660053,7620
8142,1660053,7010
8143,1660053,8480
8144,1000000,11930
8145,1660053,6200
8146,1660053,8640
8147,1660053,5110
8148,1000000,15090
8149,1660053,3120
8150,1000000,17150
8151,1000000,11260
8152,1000000,10550
8153,1660053,4860
8154,1660053,3760
8155,1660053,9790
8156,1660053,5470
8157,1000000,10650
8158,1660053,4420
8159,1000000,10490
8160,1000000,13640
8161,1660053,9380
8162,1000000,37480
8163,1000000,14750
8164,1000000,10590
8165,1660053,5480
8166,1000000,11380
8167,1660053,7430
8168,1000000,10870
8169,1660053,8810
8170,1660053,7750
8171,1660053,6330
8172,1660053,4650
8173,1660053,4100
8174,1000000,14280
8175,1000000,13940
8176,1000000,12450
8177,1000000,17470
8178,1660053,7400
8179,1000000,11510
8180,1660053,4630
8181,1660053,8610
8182,1000000,11170
8183,1000000,12580
8184,1660053,8800
8185,1660053,5820
8186,1660053,5070
8187,1000000,12530
8188,1660053,7440
8189,1000000,10040
8190,1660053,6770
8191,1660053,7050
8192,1660053,9790
8193,1660053,7650
8194,1660053,5770
8195,1000000,59400
8196,1660053,3180
8197,1660053,2070
8198,1660053,6420
8199,1000000,12730
8200,1000000,12690
8201,1660053,6920
8202,1660053,4620
8203,1660053,4250
8204,1000000,12360
8205,1660053,9460
8206,1660053,8160
8207,1660053,4480
8208,1000000,10460
8209,1660053,8410
8210,1660053,1920
8211,1660053,4680
8212,1660053,6910
8213,1660053,9810
8214,1660053,6980
8215,1660053,5570
8216,1660053,3660
8217,1660053,8840
8218,1660053,9810
8219,1660053,6660
8220,1660053,8090
8221,1000000,18580
8222,1660053,9940
8223,1660053,9760
8224,1660053,5280
8225,1660053,6000
8226,1660053,7060
8227,1660053,6270
8228,1660053,4950
8229,1660053,7630
8230,1000000,10450
8231,1660053,3910
8232,1660053,8290
8233,1000000,17880
8234,1660053,2830
8235,1660053,5430
8236,1660053,9300
8237,1000000,10800
8238,1660053,8470
8239,1000000,16920
8240,1660053,4180
8241,1660053,9350
8242,1000000,17280
8243,1660053,7090
8244,1660053,5400
8245,1660053,1950
8246,1000000,14740
8247,1660053,7240
8248,1660053,5710
8249,1660053,2470
8250,1660053,3180
8251,1660053,3370
8252,1660053,7540
8253,1000000,11970
8254,1000000,18400
8255,1660053,4050
8256,1660053,4260
8257,1660053,2780
8258,1660053,3780
8259,1660053,8500
8260,1000000,11660
8261,1660053,8320
8262,1000000,10340
8263,1000000,12270
8264,1660053,3130
8265,1660053,7440
8266,1000000,23160
8267,1660053,6170
8268,1660053,4590
8269,1000000,10510
8270,1660053,7940
8271,1660053,6060
8272,1660053,8810
8273,1000000,14390
8274,1660053,6950
8275,1660053,7510
8276,1660053,6150
8277,1660053,6690
8278,1660053,8880
8279,1660053,4900
8280,1660053,6170
8281,1660053,9280
8282,1660053,6340
8283,1000000,10760
8284,1000000,12510
8285,1660053,6240
8286,1660053,9270
8287,1660053,5210
8288,1660053,2920
8289,1660053,9080
8290,1660053,4470
8291,1000000,10880
8292,1000000,16650
8293,1000000,12540
8294,1000000,18950
8295,1660053,7450
8296,1660053,4310
8297,1000000,13920
8298,1000000,16210
8299,1660053,7330
8300,1000000,11650
8301,1660053,6310
8302,1660053,9470
8303,1660053,7370
8304,1660053,9010
8305,1000000,31960
8306,1000000,32380
8307,1660053,8030
8308,1660053,6910
8309,1660053,9040
8310,1660053,9430
8311,1660053,8000
8312,1660053,5530
8313,1000000,12050
8314,1000000,13820
8315,1000000,11310
8316,1000000,10980
8317,1660053,5300
8318,1660053,7760
8319,1660053,6710
8320,1660053,3650
8321,1660053,5770
8322,1000000,15070
8323,1000000,12140
8324,1660053,5410
8325,1000000,20780
8326,1660053,5270
8327,1000000,12620
8328,1660053,9030
8329,1000000,10140
8330,1660053,6010
8331,1000000,16960
8332,1660053,7710
8333,1000000,10450
8334,1000000,15360
8335,1660053,4840
8336,1000000,16300
8337,1660053,9590
8338,1660053,5760
8339,1660053,6660
8340,1000000,13040
8341,1660053,8330
8342,1660053,6850
8343,1660053,4060
8344,1000000,26900
8345,1000000,11250
8346,1660053,2810
8347,1000000,10080
8348,1660053,3230
8349,1660053,5000
8350,1000000,15640
8351,1660053,3700
8352,1000000,13850
8353,1660053,7850
8354,1000000,10490
8355,1000000,15040
8356,1000000,12750
8357,1660053,9590
8358,1660053,7140
8359,1660053,7090
8360,1660053,6660
8361,1000000,17670
8362,1660053,7560
8363,1660053,8230
8364,6258,1000000
8365,1000000,16070
8366,1660053,6610
8367,1660053,2780
8368,1660053,7380
8369,1000000,12810
8370,1660053,8720
8371,1660053,4980
8372,1000000,28150
8373,1660053,2800
8374,1000000,11830
8375,1660053,5730
8376,1660053,4200
8377,1660053,8860
8378,1000000,11790
8379,1660053,4800
8380,1660053,4720
8381,1000000,14060
8382,1660053,6320
8383,1000000,25590
8384,1660053,7620
8385,1660053,5320
8386,1000000,10420
8387,1660053,8390
8388,1000000,11930
8389,1000000,18350
8390,1660053,5090
8391,1660053,9270
8392,1660053,3220
8393,1000000,12580
8394,1000000,10580
8395,1000000,11920
8396,1660053,8510
8397,1000000,13380
8398,1660053,8280
8399,1000000,14920
8400,1660053,2980
8401,1660053,9030
8402,1660053,5750
8403,1660053,3710
8404,1660053,9150
8405,1660053,6450
8406,1660053,2530
8407,1660053,8680
8408,1000000,22370
8409,1660053,7380
8410,1660053,4940
8411,1660053,7110
8412,1000000,12080
8413,1660053,3920
8414,1000000,11280
8415,1000000,10450
8416,1660053,9880
8417,1000000,36000
8418,1660053,7040
8419,1660053,8960
8420,1000000,19150
8421,1660053,7330
8422,1660053,9160
8423,1000000,16510
8424,1000000,12160
8425,1000000,11710
8426,1000000,13010
8427,1000000,21260
8428,1660053,3910
8429,1660053,9050
8430,1660053,7880
8431,1660053,4460
8432,1000000,15840
8433,1660053,2980
8434,1000000,11570
8435,1660053,5520
8436,1000000,17930
8437,1660053,6730
8438,1660053,7540
8439,1000000,19570
8440,1000000,14060
8441,1660053,8040
8442,1660053,4980
8443,1000000,11810
8444,1660053,6930
8445,1660053,8520
8446,1000000,13600
8447,1660053,4800
8448,1000000,10780
8449,1660053,6610
8450,1000000,12650
8451,1660053,4780
8452,1000000,62590
8453,1660053,2990
8454,1000000,18090
8455,1000000,24770
8456,1660053,7670
8457,1000000,13140
8458,1660053,9080
8459,1000000,11710
8460,1660053,3860
8461,1000000,14880
8462,1660053,3670
8463,1660053,9740
8464,1660053,3090
8465,1660053,5290
8466,1000000,30700
8467,1000000,10660
8468,1000000,26340
8469,1000000,11330
8470,1660053,7050
8471,1660053,7910
8472,1660053,6110
8473,1660053,3590
8474,1000000,10500
8475,1000000,20770
8476,1660053,3120
8477,1000000,10020
8478,1660053,8950
8479,1000000,11370
8480,1660053,6310
8481,1660053,8890
8482,1000000,26410
8483,1000000,11290
8484,1660053,6440
8485,1660053,5090
8486,1000000,14070
8487,1660053,8400
8488,1660053,7650
8489,1660053,8490
8490,1660053,7930
8491,1000000,13500
8492,1660053,8640
8493,1660053,9160
8494,1660053,7640
8495,1000000,11480
8496,1660053,4910
8497,1660053,7870
8498,1000000,21360
8499,1000000,10030
8500,1000000,11620
8501,1000000,44430
8502,1000000,10280
8503,1000000,10850
8504,1000000,11780
8505,1000000,13350
8506,1000000,14480
8507,1660053,3320
8508,1000000,14330
8509,1000000,17700
8510,1660053,5240
8511,1000000,16010
8512,1000000,13350
8513,1660053,9890
8514,1000000,47380
8515,1660053,3150
8516,1660053,9210
8517,1660053,8050
8518,1660053,9510
8519,1000000,12450
8520,1660053,5050
8521,1660053,2530
8522,1660053,6070
8523,1660053,7480
8524,1660053,6570
8525,1660053,9350
8526,1660053,4430
8527,1660053,8680
8528,1660053,5530
8529,1000000,13460
8530,1000000,20310
8531,1660053,6030
8532,1660053,4270
8533,1000000,18400
8534,1660053,4710
8535,1000000,27030
8536,1660053,6630
8537,1000000,10350
8538,1000000,10130
8539,1660053,8030
8540,1660053,5680
8541,1660053,4190
8542,1660053,8000
8543,1000000,15880
8544,1660053,6750
8545,1660053,7230
8546,1660053,9300
8547,1000000,21230
8548,1660053,8250
8549,1000000,12990
8550,1000000,12190
8551,1660053,9720
8552,1660053,3640
8553,1660053,4660
8554,1660053,3530
8555,1660053,7120
8556,1000000,11990
8557,1660053,3750
8558,1000000,17350
8559,1000000,10890
8560,1000000,12950
8561,1660053,4010
8562,1660053,6880
8563,1660053,2140
8564,1000000,12570
8565,1660053,4400
8566,1000000,27110
8567,1000000,19340
8568,1000000,13090
8569,1000000,10580
8570,1660053,8190
8571,1660053,9610
8572,1660053,4060
8573,1000000,24450
8574,6258,1000000
8575,1660053,5600
8576,1660053,3940
8577,1000000,13290
8578,1000000,47310
8579,1000000,25190
8580,1000000,10320
8581,1000000,14680
8582,1000000,39620
8583,1000000,55970
8584,1000000,11970
8585,1000000,12210
8586,1000000,11990
8587,1660053,5040
8588,1000000,10450
8589,1000000,12450
8590,1000000,13580
8591,1660053,8090
8592,1660053,3880
8593,1000000,12290
8594,1660053,8240
8595,1000000,18880
8596,1660053,9450
8597,1660053,5890
8598,1660053,8480
8599,1660053,8020
8600,1000000,16480
8601,1660053,5990
8602,1660053,2980
8603,1660053,7850
8604,1660053,6590
8605,1660053,6760
8606,1660053,7860
8607,1660053,6290
8608,1660053,7570
8609,1000000,12480
8610,1000000,11030
8611,1660053,8820
8612,1000000,18630
8613,1660053,3600
8614,1000000,30000
8615,1000000,10020
8616,1660053,6620
8617,1000000,14310
8618,1660053,8300
8619,1000000,38330
8620,1660053,2030
8621,1660053,3210
8622,1660053,7680
8623,1000000,18540
8624,1000000,10520
8625,1660053,4590
8626,1000000,13600
8627,1660053,3490
8628,1000000,21110
8629,1660053,5330
8630,1660053,5550
8631,1000000,12480
8632,1660053,8770
8633,1660053,4030
8634,1660053,5530
8635,1660053,9930
8636,1660053,5970
8637,1000000,13130
8638,1660053,8830
8639,1660053,3810
8640,1660053,7960
8641,1660053,6900
8642,1000000,16250
8643,1000000,10730
8644,1000000,11250
8645,1660053,5230
8646,1660053,9000
8647,1660053,7880
8648,1000000,10080
8649,1660053,3350
8650,1660053,8560
8651,1660053,7340
8652,1660053,5370
8653,1660053,5680
8654,1000000,15510
8655,1660053,5550
8656,1660053,6970
8657,1660053,9160
8658,1660053,8920
8659,1660053,7370
8660,1660053,7080
8661,1000000,11300
8662,1000000,14870
8663,1660053,7860
8664,1000000,11630
8665,1660053,8730
8666,1660053,6210
8667,1000000,13530
8668,1000000,12310
8669,1660053,9430
8670,1660053,5520
8671,1660053,3640
8672,1660053,2470
8673,1660053,7060
8674,1660053,8310
8675,1660053,7230
8676,1660053,4530
8677,1000000,14220
8678,1660053,8200
8679,1660053,9490
8680,1000000,18360
8681,1660053,6930
8682,1660053,7130
8683,1000000,21630
8684,1000000,13720
8685,1660053,7640
8686,1660053,5700
8687,1660053,6940
8688,1660053,6300
8689,1000000,11020
8690,1660053,5460
8691,1660053,3900
8692,1000000,10060
8693,1660053,8490
8694,1000000,22400
8695,1660053,9500
8696,1660053,7430
8697,1660053,4640
8698,1660053,4450
8699,1000000,10340
8700,1660053,8200
8701,1660053,4540
8702,1000000,11900
8703,1660053,6660
8704,1660053,4200
8705,1000000,14890
8706,1660053,3450
8707,1000000,18060
8708,1000000,17680
8709,1660053,5160
8710,1000000,15590
8711,1660053,8070
8712,1000000,15000
8713,1660053,9230
8714,1000000,38340
8715,1000000,22860
8716,1000000,20980
8717,1660053,3330
8718,1660053,6720
8719,1000000,12310
8720,1660053,5810
8721,1660053,9090
8722,1000000,20320
8723,1000000,10360
8724,1660053,3920
8725,1000000,11190
8726,1000000,12300
8727,1660053,6790
8728,1660053,4870
8729,1000000,49550
8730,1660053,8200
8731,1660053,8360
8732,1000000,48380
8733,1660053,7890
8734,1000000,12480
8735,1660053,7640
8736,1660053,9480
8737,1660053,7360
8738,1000000,10020
8739,1660053,7680
8740,1660053,4970
8741,1660053,8070
8742,1660053,6430
8743,1000000,19600
8744,1000000,16560
8745,1660053,8740
8746,1660053,6810
8747,1660053,5900
8748,1000000,22310
8749,1660053,5150
8750,1660053,8580
8751,1660053,5650
8752,1660053,3670
8753,1660053,7710
8754,1000000,10440
8755,1660053,7550
8756,1000000,14970
8757,1660053,5830
8758,1660053,4700
8759,1660053,4840
8760,1660053,3520
8761,1660053,9030
8762,1660053,6580
8763,1000000,10070
8764,1660053,8750
8765,1000000,13000
8766,1000000,14110
8767,1000000,11740
8768,1000000,10430
8769,1000000,10690
8770,1000000,15700
8771,1000000,15220
8772,1000000,12630
8773,1000000,68700
8774,1000000,10720
8775,1660053,6150
8776,1000000,18720
8777,1660053,7160
8778,1660053,8590
8779,1000000,19120
8780,1660053,6000
8781,1000000,26350
8782,1000000,17330
8783,1660053,9040
8784,1660053,5070
8785,1660053,940
8786,1660053,6830
8787,1000000,16960
8788,1000000,22010
8789,1000000,10680
8790,1660053,6250
8791,1660053,4600
8792,1660053,8530
8793,1660053,6610
8794,1660053,6540
8795,1660053,7800
8796,1000000,24390
8797,1000000,12190
8798,1660053,1540
8799,1660053,2430
8800,1660053,9860
8801,1000000,12720
8802,1000000,12770
8803,1660053,9640
8804,1660053,3520
8805,1000000,10490
8806,1000000,11000
8807,1000000,13150
8808,1660053,3480
8809,1660053,5370
8810,1660053,2020
8811,1000000,10140
8812,1000000,15840
8813,1660053,7290
8814,1660053,9100
8815,1000000,17310
8816,1660053,8660
8817,1660053,5700
8818,1000000,68170
8819,1660053,5210
8820,1000000,11470
8821,1000000,11590
8822,1660053,8080
8823,1660053,6110
8824,1660053,6210
8825,1660053,7750
8826,1660053,8770
8827,1000000,11810
8828,1660053,9700
8829,1660053,9250
8830,1660053,8070
8831,1000000,10030
8832,1660053,8940
8833,1000000,17070
8834,1000000,71970
8835,1000000,53550
8836,1660053,2310
8837,1660053,5950
8838,1000000,14040
8839,1000000,14890
8840,1660053,6950
8841,1000000,23310
8842,1660053,5760
8843,1000000,10180
8844,1660053,5740
8845,1660053,5070
8846,1000000,10480
8847,1660053,2390
8848,1000000,10080
8849,1660053,3610
8850,1660053,5200
8851,1000000,13780
8852,1660053,5810
8853,1660053,8750
8854,1660053,4920
8855,1000000,25810
8856,1660053,3530
8857,1660053,3120
8858,1000000,39570
8859,1000000,18940
8860,1000000,11040
8861,1660053,7210
8862,1660053,4800
8863,1000000,59770
8864,1660053,5990
8865,1000000,12410
8866,1660053,3730
8867,1660053,7960
8868,1000000,12300
8869,1000000,14960
8870,1660053,9410
8871,1660053,5680
8872,1660053,7870
8873,1660053,9800
8874,1660053,8400
8875,1660053,5910
8876,1000000,25020
8877,1000000,16340
8878,1000000,10280
8879,1000000,21500
8880,1660053,6050
8881,1000000,13230
8882,1660053,6430
8883,1000000,10440
8884,1660053,6990
8885,1660053,4540
8886,1660053,6180
8887,1660053,8520
8888,1660053,4180
8889,1660053,5400
8890,1000000,17080
8891,1000000,23350
8892,1000000,15240
8893,1000000,13980
8894,1660053,8600
8895,1660053,6920
8896,1000000,17900
8897,1000000,21330
8898,1000000,11670
8899,1000000,17920
8900,1000000,13690
8901,1660053,3970
8902,6258,1000000
8903,1000000,11910
8904,1660053,9270
8905,1660053,6320
8906,1660053,8620
8907,1660053,4850
8908,1660053,9670
8909,1000000,10710
8910,1000000,15320
8911,1660053,3970
8912,1000000,11200
8913,1000000,29100
8914,1000000,22330
8915,1660053,4910
8916,1660053,6700
8917,1660053,4110
8918,1660053,4310
8919,1660053,8780
8920,1660053,9830
8921,1000000,20120
8922,1660053,6810
8923,1000000,16290
8924,1660053,5880
8925,1660053,9780
8926,1000000,16120
8927,1000000,21330
8928,1660053,1800
8929,1660053,5760
8930,1660053,9080
8931,1660053,4910
8932,1660053,6120
8933,1660053,6660
8934,1000000,22640
8935,1660053,6440
8936,1000000,16760
8937,1660053,7100
8938,6258,1000000
8939,1660053,6570
8940,1000000,11720
8941,1000000,19290
8942,1000000,11380
8943,1000000,24580
8944,1000000,16790
8945,1660053,6020
8946,1000000,13510
8947,1660053,5100
8948,1660053,4720
8949,1660053,9390
8950,1660053,5690
8951,1660053,7800
8952,1660053,7790
8953,1660053,6040
8954,1000000,20650
8955,1660053,6970
8956,1660053,9780
8957,1660053,6800
8958,1000000,10110
8959,1000000,11470
8960,1660053,2420
8961,1660053,9290
8962,1660053,2250
8963,1660053,9950
8964,1000000,11900
8965,1000000,40740
8966,1000000,18740
8967,1660053,8010
8968,1000000,11820
8969,1000000,11640
8970,1660053,9910
8971,1000000,21690
8972,1660053,4230
8973,1660053,6080
8974,1660053,9450
8975,1000000,14870
8976,1000000,16380
8977,1660053,7330
8978,1000000,11450
8979,1000000,14370
8980,1660053,5540
8981,1000000,20160
8982,1000000,18840
8983,1660053,4320
8984,1660053,9720
8985,1000000,15070
8986,1000000,10810
8987,1660053,8340
8988,1660053,7850
8989,1660053,8750
8990,1660053,5670
8991,1660053,9990
8992,1660053,3630
8993,1000000,13960
8994,1000000,65550
8995,1000000,12530
8996,1000000,14330
8997,1660053,4190
8998,1660053,7900
8999,1660053,5050
9000,1000000,14120
9001,1660053,7870
9002,1660053,6180
9003,1660053,8760
9004,1000000,10800
9005,1000000,13570
9006,1000000,12050
9007,1660053,9620
9008,1660053,4280
9009,1660053,6420
9010,1000000,16130
9011,1660053,5240
9012,1000000,13460
9013,1000000,12170
9014,1000000,10950
9015,1000000,12760
9016,1660053,4960
9017,1000000,27000
9018,1000000,12700
9019,1660053,5940
9020,1660053,3020
9021,1660053,4130
9022,1000000,10530
9023,1000000,10760
9024,1660053,8860
9025,1000000,10930
9026,1660053,9990
9027,1660053,5610
9028,1660053,4500
9029,1000000,10070
9030,1660053,5100
9031,1660053,4490
9032,1660053,4610
9033,1000000,22240
9034,1000000,13380
9035,1660053,9590
9036,1660053,4060
9037,1000000,13770
9038,1660053,7440
9039,1000000,10710
9040,1000000,12160
9041,1660053,7610
9042,1660053,5580
9043,1660053,9100
9044,1000000,11150
9045,1660053,5170
9046,1000000,10500
9047,1660053,8510
9048,1660053,8910
9049,1660053,3480
9050,1660053,8610
9051,1000000,17990
9052,1000000,12520
9053,1000000,13110
9054,1660053,7350
9055,1000000,18770
9056,1660053,6780
9057,1660053,9210
9058,1660053,3470
9059,1660053,9540
9060,1000000,16220
9061,1660053,8280
9062,1000000,15060
9063,1000000,11190
9064,1660053,7640
9065,1660053,6360
9066,1660053,7160
9067,1000000,11040
9068,1660053,2810
9069,1000000,10130
9070,1660053,2830
9071,1000000,13150
9072,1660053,4960
9073,1660053,7010
9074,1000000,15610
9075,1660053,6690
9076,1000000,11250
9077,1000000,13850
9078,1660053,5850
9079,1000000,13240
9080,1660053,3990
9081,1660053,3500
9082,1000000,10350
9083,1660053,9410
9084,1660053,4400
9085,1660053,9150
9086,1000000,12710
9087,1000000,15050
9088,1000000,10740
9089,1660053,6140
9090,1660053,6840
9091,1000000,14200
9092,1660053,8210
9093,1000000,10390
9094,1000000,13750
9095,1000000,11620
9096,1000000,13300
9097,1000000,12020
9098,1660053,9770
9099,1000000,24710
9100,1000000,13530
9101,1660053,7340
9102,1000000,17050
9103,1660053,4170
9104,1000000,11740
9105,1660053,4500
9106,1000000,11960
9107,1000000,10060
9108,1000000,36650
9109,1000000,11360
9110,1000000,14430
9111,1000000,10200
9112,1660053,6010
9113,1000000,10770
9114,1000000,10710
9115,1660053,5590
9116,1660053,3360
9117,1000000,24650
9118,1660053,5570
9119,1660053,4970
9120,1000000,11470
9121,1660053,8090
9122,1660053,2310
9123,1660053,8030
9124,1660053,9240
9125,1660053,4690
9126,1660053,6110
9127,1660053,5550
9128,1660053,9480
9129,1660053,7560
9130,1660053,6500
9131,1660053,3840
9132,1660053,5000
9133,1660053,5730
9134,1660053,3330
9135,1660053,7740
9136,1000000,20580
9137,1660053,2570
9138,1000000,14450
9139,1660053,8260
9140,1660053,7090
9141,1660053,7780
9142,1660053,6580
9143,1660053,8230
9144,1000000,15320
9145,1000000,11050
9146,1660053,4140
9147,1660053,6690
9148,1660053,4670
9149,1660053,8170
9150,1660053,2510
9151,1000000,29900
9152,1000000,10310
9153,1660053,7850
9154,1660053,5810
9155,1000000,11320
9156,1660053,4810
9157,1660053,6420
9158,1660053,6200
9159,1000000,16220
9160,1660053,7180
9161,1660053,6570
9162,1660053,6330
9163,1660053,4450
9164,1660053,4580
9165,1660053,5520
9166,1000000,17030
9167,1000000,10160
9168,1000000,16120
9169,1000000,19180
9170,1000000,10290
9171,1660053,5980
9172,1660053,6780
9173,1660053,5640
9174,1660053,9020
9175,1660053,1320
9176,1660053,4200
9177,1660053,7130
9178,1660053,8840
9179,1660053,2780
9180,1000000,18260
9181,1000000,12300
9182,1000000,14870
9183,1660053,7630
9184,1000000,35820
9185,1660053,9130
9186,1000000,59440
9187,1000000,11980
9188,1000000,10050
9189,1660053,7300
9190,1660053,7410
9191,1660053,4960
9192,1000000,15580
9193,1660053,8400
9194,1660053,9470
9195,1660053,8570
9196,1000000,20320
9197,1000000,12580
9198,1000000,11390
9199,1660053,3540
9200,1660053,9510
9201,1660053,5720
9202,1000000,15620
9203,1660053,3720
9204,1660053,4720
9205,1000000,10260
9206,1660053,9980
9207,1000000,14680
9208,1000000,14150
9209,1660053,8510
9210,1000000,15970
9211,1000000,10210
9212,1660053,9070
9213,1000000,10800
9214,1660053,8110
9215,1660053,4660
9216,1660053,3690
9217,1660053,6220
9218,1660053,8710
9219,1660053,6640
9220,1000000,18080
9221,1660053,3960
9222,1660053,3810
9223,1660053,5500
9224,1660053,7110
9225,1660053,5260
9226,1660053,8850
9227,1660053,9890
9228,1660053,5890
9229,1660053,8900
9230,1660053,7190
9231,1660053,7840
9232,1000000,18450
9233,1660053,2630
9234,1000000,10020
9235,1000000,11470
9236,1660053,6870
9237,1000000,13020
9238,1000000,14950
9239,1000000,11900
9240,1660053,7490
9241,1660053,6300
9242,1660053,5840
9243,1000000,13750
9244,1000000,19740
9245,1660053,9160
9246,1000000,10050
9247,1000000,10130
9248,1000000,12800
9249,1000000,11100
9250,1660053,4520
9251,1000000,14180
9252,1000000,25860
9253,1660053,8900
9254,1000000,12780
9255,1660053,5330
9256,1660053,5540
9257,1660053,9860
9258,1660053,7090
9259,1660053,5080
9260,1000000,14400
9261,1660053,4980
9262,1660053,9980
9263,1660053,3680
9264,1000000,10260
9265,1660053,1730
9266,1000000,10830
9267,1000000,22130
9268,1660053,1660
9269,1660053,8280
9270,1660053,6870
9271,1000000,15030
9272,1000000,11030
9273,1000000,12700
9274,1000000,17710
9275,1660053,9200
9276,1660053,7640
9277,1660053,6610
9278,1660053,8770
9279,1660053,4790
9280,1000000,13990
9281,1000000,17790
9282,1000000,15130
9283,1660053,5320
9284,1660053,7020
9285,1660053,5610
9286,1000000,16980
9287,1660053,6560
9288,1000000,10310
9289,1000000,12250
9290,1660053,3810
9291,1000000,12670
9292,1660053,8350
9293,1660053,7710
9294,1660053,5350
9295,1660053,8850
9296,1660053,8420
9297,1660053,4300
9298,1000000,12540
9299,1660053,6870
9300,1660053,9670
9301,1660053,8730
9302,1660053,8850
9303,1000000,13740
9304,1000000,12480
9305,1000000,10380
9306,1660053,3110
9307,1660053,8490
9308,1000000,16820
9309,1660053,3950
9310,1660053,8160
9311,1000000,25320
9312,1000000,11990
9313,1660053,3710
9314,1660053,8170
9315,1660053,8190
9316,1660053,3640
9317,1000000,10130
9318,1000000,48900
9319,1000000,11980
9320,1660053,9500
9321,1660053,9840
9322,1660053,6170
9323,1660053,8790
9324,1660053,5970
9325,1660053,6930
9326,1000000,18320
9327,1660053,8400
9328,1000000,16710
9329,1660053,6600
9330,1660053,9870
9331,1660053,5310
9332,1660053,4400
9333,1660053,6410
9334,1660053,8500
9335,1660053,8290
9336,1000000,38740
9337,1660053,3410
9338,1660053,5860
9339,1660053,1870
9340,1660053,7240
9341,1660053,5930
9342,1660053,5890
9343,1000000,15550
9344,1000000,16820
9345,1000000,12680
9346,1660053,3110
9347,1660053,8380
9348,1660053,7830
9349,1000000,12860
9350,1000000,11700
9351,1000000,12160
9352,1660053,6410
9353,1660053,4780
9354,1000000,11380
9355,1660053,6390
9356,1660053,5590
9357,1660053,3360
9358,1000000,17690
9359,1660053,8560
9360,1000000,24950
9361,1660053,7530
9362,1660053,4580
9363,1660053,4070
9364,1660053,8610
9365,1000000,12400
9366,1000000,11360
9367,1000000,35540
9368,1660053,4200
9369,1660053,3400
9370,1660053,6860
9371,1000000,15480
9372,1000000,14630
9373,1660053,9010
9374,1660053,9390
9375,1660053,2530
9376,1000000,14330
9377,1000000,19860
9378,1660053,9900
9379,1660053,7820
9380,1000000,11080
9381,1660053,7080
9382,1660053,5360
9383,1000000,11870
9384,1660053,3920
9385,1000000,10530
9386,1000000,27260
9387,1000000,23390
9388,1660053,9450
9389,1000000,12760
9390,1000000,16500
9391,1660053,7340
9392,1660053,4490
9393,1660053,5730
9394,1660053,7870
9395,1660053,1930
9396,1660053,7390
9397,1000000,10070
9398,1000000,17360
9399,1660053,4480
9400,1000000,13070
9401,1000000,15580
9402,1000000,19920
9403,1660053,7680
9404,1660053,3960
9405,1000000,11670
9406,1660053,7280
9407,1000000,15340
9408,1000000,20220
9409,1000000,14770
9410,1660053,8530
9411,1660053,2950
9412,1660053,6960
9413,1000000,10030
9414,1660053,7520
9415,1000000,11080
9416,1000000,10290
9417,1660053,9170
9418,1000000,14270
9419,1000000,15360
9420,1660053,5350
9421,1660053,8300
9422,1660053,5050
9423,1000000,13080
9424,1000000,15550
9425,1660053,6670
9426,1000000,21100
9427,1000000,11950
9428,1000000,20940
9429,1660053,5030
9430,1660053,8680
9431,1000000,10200
9432,1660053,9850
9433,1660053,8320
9434,1000000,12200
9435,1000000,12800
9436,1660053,4300
9437,1000000,13950
9438,1660053,9250
9439,1000000,11810
9440,1000000,12900
9441,1000000,16970
9442,1000000,15670
9443,1660053,6870
9444,1000000,13630
9445,1000000,24320
9446,1660053,3970
9447,1000000,17920
9448,1660053,7280
9449,1660053,3280
9450,1660053,4000
9451,1660053,7680
9452,1000000,12300
9453,1000000,12090
9454,1660053,8590
9455,1660053,9930
9456,1660053,3140
9457,1660053,5170
9458,1660053,5610
9459,1000000,10420
9460,1660053,4520
9461,1660053,5590
9462,1000000,18400
9463,1660053,580
9464,1660053,6550
9465,1660053,9650
9466,1660053,7210
9467,1660053,9140
9468,1660053,9820
9469,1000000,10860
9470,1000000,20360
9471,1660053,2710
9472,1000000,24640
9473,1000000,13120
9474,1660053,6640
9475,1660053,6870
9476,1660053,9850
9477,1660053,9720
9478,1000000,11060
9479,1000000,13420
9480,1000000,16440
9481,1660053,8350
9482,1660053,6890
9483,1000000,12490
9484,1660053,2880
9485,1000000,10390
9486,1000000,14830
9487,1660053,7140
9488,1660053,8340
9489,1660053,9470
9490,1660053,9740
9491,1660053,4850
9492,1660053,6560
9493,1000000,11090
9494,1660053,9110
9495,1660053,3910
9496,1660053,8210
9497,1660053,6830
9498,1000000,10490
9499,1000000,11090
9500,1660053,9980
9501,1660053,8130
9502,1660053,3480
9503,1000000,10530
9504,1660053,7860
9505,1000000,12430
9506,1660053,6360
9507,1660053,3920
9508,1660053,8650
9509,1660053,7670
9510,1000000,25810
9511,1660053,7140
9512,1000000,12190
9513,1000000,27820
9514,1660053,9690
9515,1000000,13270
9516,1000000,20660
9517,1660053,7260
9518,1660053,5800
9519,1660053,9160
9520,1660053,5670
9521,1660053,7630
9522,1660053,5060
9523,1000000,14430
9524,1000000,10210
9525,1660053,8990
9526,1000000,13250
9527,1660053,9940
9528,1660053,8920
9529,1000000,11290
9530,1000000,13640
9531,1000000,15360
9532,1000000,29650
9533,1000000,18210
9534,1660053,5230
9535,1660053,7980
9536,1660053,8330
9537,1000000,10680
9538,1000000,14820
9539,1660053,9700
9540,1660053,5000
9541,1660053,5180
9542,1660053,4400
9543,1000000,12180
9544,1660053,4780
9545,1660053,9420
9546,1000000,12970
9547,1660053,5300
9548,1000000,10410
9549,1660053,6070
9550,1660053,5130
9551,1660053,5690
9552,1660053,9740
9553,1000000,24350
9554,1660053,7800
9555,1660053,3420
9556,1000000,15320
9557,1000000,14550
9558,1660053,5990
9559,1660053,7840
9560,1660053,3110
9561,1660053,4790
9562,1660053,3070
9563,1660053,5980
9564,1660053,4000
9565,1660053,9850
9566,1660053,6080
9567,1000000,17680
9568,1660053,7320
9569,1000000,18670
9570,1000000,26900
9571,1000000,10270
9572,1660053,5330
9573,1000000,13640
9574,1000000,18260
9575,1660053,6120
9576,1660053,7620
9577,6258,1000000
9578,1660053,3610
9579,1660053,3930
9580,1000000,10270
9581,1660053,7860
9582,1660053,7400
9583,1660053,1600
9584,1660053,6630
9585,1660053,9820
9586,1660053,3810
9587,1000000,11410
9588,1660053,7020
9589,1660053,5730
9590,1000000,50730
9591,1660053,3660
9592,1000000,26150
9593,1000000,12810
9594,1660053,4430
9595,1660053,8560
9596,1000000,13590
9597,1660053,8740
9598,1000000,20510
9599,1660053,3100
9600,1000000,11030
9601,1660053,9610
9602,1000000,12860
9603,1660053,6330
9604,1000000,17460
9605,1660053,5370
9606,1660053,3940
9607,1000000,10730
9608,1660053,5160
9609,1660053,6140
9610,1660053,5390
9611,1660053,5500
9612,1660053,7870
9613,1660053,6670
9614,1000000,19800
9615,1000000,29850
9616,1660053,7400
9617,1660053,3690
9618,1660053,5820
9619,1000000,13450
9620,1000000,17820
9621,1660053,6920
9622,1000000,13380
9623,1660053,8750
9624,1000000,10530
9625,1000000,10630
9626,1660053,4000
9627,1660053,9020
9628,1000000,15180
9629,1000000,19110
9630,1000000,18540
9631,1660053,9420
9632,1660053,8930
9633,1660053,6230
9634,1660053,2550
9635,1660053,2680
9636,1660053,4120
9637,1660053,5070
9638,1660053,5510
9639,1000000,16180
9640,1660053,8620
9641,1000000,23940
9642,1660053,7120
9643,1660053,2540
9644,1660053,8700
9645,1660053,1970
9646,1000000,11830
9647,1000000,12350
9648,1660053,6910
9649,1000000,11670
9650,1660053,5640
9651,1000000,18910
9652,1660053,3530
9653,1660053,7830
9654,1000000,17030
9655,1660053,4360
9656,1660053,8150
9657,1660053,5860
9658,1660053,9470
9659,1660053,5290
9660,1660053,4980
9661,1660053,3660
9662,1660053,5760
9663,1660053,7510
9664,1660053,5290
9665,1660053,6950
9666,1000000,28910
9667,1660053,6280
9668,1660053,7120
9669,1000000,13070
9670,1660053,7640
9671,1660053,9760
9672,1000000,11510
9673,1000000,21550
9674,1000000,11860
9675,1000000,23480
9676,1660053,2980
9677,1660053,9530
9678,1660053,9270
9679,1000000,13180
9680,1000000,10900
9681,1660053,7150
9682,1660053,9330
9683,1000000,10550
9684,1660053,9520
9685,1660053,6620
9686,1660053,9510
9687,1660053,7600
9688,1000000,13920
9689,1000000,10490
9690,1660053,7140
9691,1000000,17470
9692,1000000,10850
9693,1660053,8770
9694,1660053,2260
9695,1660053,8870
9696,1660053,9870
9697,1660053,4010
9698,1000000,17250
9699,1660053,6210
9700,1000000,30230
9701,1000000,20370
9702,1000000,12280
9703,1000000,17500
9704,1660053,9090
9705,1660053,9930
9706,1660053,5370
9707,1000000,15410
9708,1000000,12040
9709,1660053,8780
9710,1660053,6710
9711,1660053,4080
9712,1660053,3850
9713,1000000,10050
9714,1660053,9410
9715,1660053,9510
9716,1660053,7930
9717,1000000,12000
9718,1660053,6580
9719,1000000,11210
9720,1000000,21930
9721,1000000,14250
9722,1660053,7570
9723,1000000,11560
9724,1000000,14400
9725,1660053,8930
9726,1660053,8250
9727,1000000,17860
9728,1660053,7500
9729,1660053,4400
9730,1000000,17450
9731,1000000,10600
9732,1660053,8590
9733,1660053,9230
9734,1000000,22090
9735,1660053,4930
9736,1000000,10280
9737,1660053,7370
9738,1000000,15640
9739,1660053,7180
9740,1000000,15310
9741,1000000,10620
9742,1660053,9310
9743,1660053,2340
9744,1660053,1250
9745,1660053,8750
9746,1660053,4260
9747,1000000,11870
9748,1660053,7860
9749,1000000,18220
9750,1000000,10960
9751,1660053,8290
9752,1000000,64350
9753,1660053,5270
9754,1660053,9440
9755,1000000,15950
9756,1660053,7560
9757,1000000,13160
9758,1660053,9530
9759,1660053,4920
9760,1000000,33980
9761,1000000,14570
9762,1660053,6520
9763,1660053,6310
9764,1660053,7490
9765,1660053,7660
9766,1000000,11460
9767,1660053,2740
9768,1660053,9400
9769,1660053,8450
9770,1660053,9700
9771,1000000,13420
9772,1660053,5560
9773,1000000,26070
9774,1660053,8950
9775,1000000,11530
9776,1660053,3070
9777,1660053,8290
9778,1660053,4010
9779,1660053,5790
9780,1660053,9830
9781,1000000,13290
9782,1000000,42460
9783,1660053,4960
9784,1660053,2110
9785,1000000,23320
9786,1660053,5260
9787,1000000,13490
9788,1660053,9500
9789,1660053,3100
9790,1000000,15030
9791,1660053,3750
9792,1000000,19150
9793,1660053,7210
9794,1660053,6550
9795,1660053,8560
9796,1000000,20520
9797,1660053,8800
9798,1660053,7750
9799,1000000,12080
9800,1660053,7000
9801,1660053,6420
9802,1660053,9840
9803,1660053,5620
9804,1000000,15390
9805,1660053,7470
9806,1660053,6980
9807,1000000,25940
9808,6258,1000000
9809,1660053,4860
9810,1660053,6530
9811,1660053,6490
9812,1000000,11720
9813,1660053,2990
9814,1660053,7370
9815,1000000,10330
9816,1660053,7340
9817,1000000,10010
9818,1000000,21530
9819,1660053,7950
9820,1660053,2230
9821,1660053,7310
9822,1660053,6760
9823,1000000,10970
9824,1660053,6430
9825,1000000,18870
9826,1000000,12300
9827,1000000,10050
9828,1660053,8650
9829,1660053,8550
9830,1660053,7930
9831,1660053,4740
9832,1000000,11910
9833,1000000,11870
9834,1660053,8460
9835,1000000,30110
9836,1000000,10170
9837,1660053,7010
9838,1660053,5720
9839,1000000,13520
9840,1000000,10660
9841,1660053,9180
9842,1660053,6460
9843,1660053,7570
9844,1660053,8260
9845,1660053,7930
9846,1000000,12570
9847,1660053,5250
9848,1660053,7450
9849,1660053,6890
9850,1000000,19410
9851,1660053,7660
9852,1660053,8180
9853,1660053,6070
9854,1660053,7600
9855,1000000,11650
9856,1000000,11800
9857,1660053,6480
9858,1660053,9480
9859,1660053,5210
9860,1660053,5000
9861,1660053,8070
9862,1000000,12870
9863,1660053,7420
9864,1000000,10790
9865,1660053,7580
9866,1000000,12420
9867,1000000,24480
9868,1660053,7400
9869,1660053,5990
9870,1660053,4410
9871,1000000,12380
9872,1660053,3140
9873,1000000,38370
9874,1000000,11550
9875,1660053,6850
9876,1660053,5300
9877,1660053,2790
9878,1660053,5000
9879,1000000,123130
9880,1660053,9130
9881,1000000,11800
9882,1000000,11540
9883,1660053,4480
9884,1000000,10150
9885,1660053,1530
9886,1660053,1410
9887,1000000,10450
9888,1660053,9970
9889,1660053,3830
9890,1000000,30270
9891,1660053,8250
9892,1660053,8840
9893,1000000,15160
9894,1660053,8250
9895,1660053,2850
9896,1000000,13080
9897,1660053,7840
9898,1000000,16090
9899,1000000,23320
9900,1000000,15780
9901,1660053,8670
9902,1660053,4990
9903,1000000,32610
9904,1000000,12320
9905,1660053,6360
9906,1660053,6370
9907,1660053,9930
9908,1660053,4230
9909,1000000,18330
9910,1000000,11230
9911,1000000,17280
9912,1660053,2340
9913,1660053,4270
9914,1000000,24330
9915,1660053,7800
9916,1000000,13310
9917,1660053,8250
9918,1000000,31790
9919,1660053,5170
9920,1660053,6990
9921,1000000,12990
9922,1000000,10090
9923,1660053,5220
9924,1660053,6710
9925,1000000,26690
9926,1000000,11020
9927,1660053,1710
9928,1000000,10320
9929,1660053,7390
9930,1000000,18370
9931,1660053,8090
9932,1660053,9470
9933,1660053,7480
9934,1000000,37000
9935,1660053,7260
9936,1660053,6430
9937,1000000,11320
9938,1000000,15620
9939,1660053,8440
9940,1660053,3520
9941,1000000,14880
9942,1660053,5320
9943,1660053,4330
9944,1660053,6010
9945,1000000,10380
9946,1660053,8670
9947,1660053,8990
9948,1000000,13280
9949,1660053,4360
9950,1660053,8560
9951,1000000,13220
9952,1000000,12390
9953,1660053,6670
9954,1660053,6930
9955,1660053,8670
9956,1660053,3570
9957,1660053,5200
9958,1660053,9420
9959,1660053,4360
9960,1660053,5730
9961,1000000,10760
9962,1660053,4590
9963,1660053,4720
9964,1660053,5630
9965,1660053,5320
9966,1000000,10440
9967,1660053,9320
9968,1000000,22600
9969,1000000,13440
9970,1660053,1760
9971,1660053,5810
9972,1660053,6570
9973,1660053,5350
9974,1000000,27920
9975,1000000,10490
9976,1000000,20160
9977,1660053,2870
9978,1000000,13310
9979,1660053,6750
9980,1660053,5160
9981,1660053,9980
9982,1000000,11440
9983,1660053,4680
9984,1000000,14050
9985,1000000,16290
9986,1660053,9870
9987,1000000,10290
9988,1000000,14040
9989,1660053,6110
9990,1660053,6040
9991,1660053,2670
9992,1660053,4680
9993,1000000,10240
9994,1000000,22160
9995,1000000,10220
9996,1660053,5790
9997,1000000,30410
9998,1660053,8340
9999,1660053,4820
10000,1660053,4980
10001,1660053,7510
10002,1000000,23040
10003,1660053,4490
10004,1660053,6410
10005,1660053,8620
10006,1000000,18000
10007,1660053,6260
10008,1660053,8310
10009,1660053,6370
10010,1660053,8540
10011,1000000,10940
10012,1000000,11610
10013,1000000,25920
10014,1660053,3080
10015,1000000,16570
10016,1660053,4110
10017,1660053,9220
10018,1000000,11740
10019,1660053,7290
10020,1660053,7990
10021,1660053,6350
10022,1000000,12100
10023,1000000,16130
10024,1660053,8200
10025,1660053,4070
10026,1660053,8420
10027,1000000,32090
10028,1000000,13630
10029,1660053,6910
10030,1660053,3030
10031,1660053,3250
10032,1000000,13370
10033,1660053,8150
10034,1000000,10170
10035,1000000,23180
10036,1000000,11730
10037,1660053,5100
10038,1000000,10860
10039,1660053,3630
10040,1660053,7150
10041,1660053,3940
10042,1000000,11860
10043,1660053,9980
10044,1660053,2520
10045,1660053,4940
10046,1000000,12110
10047,1660053,4540
10048,1660053,5340
10049,1660053,5320
10050,1660053,7850
10051,1000000,10690
10052,1000000,15400
10053,1660053,7600
10054,1000000,10040
10055,1000000,10940
10056,1660053,6600
10057,1000000,12600
10058,1660053,4600
10059,1660053,7090
10060,1000000,14740
10061,1660053,6950
10062,1660053,5050
10063,1660053,4740
10064,1000000,12230
10065,1000000,12330
10066,1660053,4930
10067,1660053,4360
10068,1000000,21340
10069,1000000,10060
10070,1000000,12720
10071,1000000,15830
10072,1660053,6480
10073,1660053,5950
10074,1660053,5930
10075,1660053,5760
10076,1000000,12230
10077,1000000,16070
10078,1000000,14780
10079,1660053,9940
10080,1660053,9940
10081,1000000,28540
10082,1000000,10760
10083,1000000,12400
10084,1660053,9100
10085,1000000,13000
10086,1000000,12270
10087,1660053,8080
10088,1000000,10130
10089,1000000,12250
10090,1660053,9380
10091,1660053,4910
10092,1660053,7060
10093,1000000,11330
10094,1660053,3990
10095,1000000,10570
10096,1000000,13010
10097,1000000,53600
10098,1660053,6780
10099,1660053,2580
10100,1660053,6910
10101,1660053,7590
10102,1660053,6090
10103,1660053,5810
10104,1660053,7680
10105,1660053,3820
10106,1660053,6230
10107,1000000,11180
10108,1000000,13580
10109,1660053,6070
10110,1660053,8330
10111,1000000,11620
10112,1000000,23530
10113,1660053,7120
10114,1660053,8120
10115,1660053,5650
10116,1660053,8810
10117,1660053,6250
10118,1660053,6960
10119,1660053,5280
10120,1660053,3840
10121,1000000,12210
10122,1660053,4680
10123,1660053,7600
10124,1000000,11740
10125,1000000,11840
10126,1660053,9770
10127,1660053,3760
10128,1660053,3510
10129,1000000,14390
10130,1000000,14510
10131,1000000,12410
10132,1000000,15280
10133,1000000,24400
10134,1000000,44940
10135,1660053,2560
10136,1000000,24840
10137,1660053,9280
10138,1660053,5810
10139,1660053,5750
10140,1660053,7040
10141,1000000,15490
10142,1660053,9780
10143,1000000,12870
10144,1000000,11420
10145,1000000,71440
10146,1660053,5910
10147,1660053,5650
10148,1660053,3220
10149,1660053,2820
10150,1660053,6220
10151,1660053,7830
10152,1000000,24760
10153,1000000,12650
10154,1000000,11840
10155,1660053,8640
10156,1660053,9460
10157,1000000,13080
10158,1660053,5290
10159,1000000,10450
10160,1660053,4850
10161,1660053,8260
10162,1000000,11250
10163,1000000,15480
10164,1660053,8040
10165,1000000,13420
10166,1000000,11100
10167,1660053,6990
10168,1660053,7780
10169,1660053,4310
10170,1000000,14230
10171,1000000,21030
10172,1000000,13210
10173,1660053,7130
10174,1000000,19270
10175,1660053,9580
10176,1000000,13030
10177,1660053,9000
10178,1660053,7420
10179,1000000,16400
10180,1660053,6990
10181,1660053,6710
10182,1660053,7960
10183,1000000,10680
10184,1000000,14900
10185,1660053,8600
10186,1660053,4170
10187,1660053,6450
10188,1660053,9830
10189,1660053,7400
10190,1000000,10380
10191,1000000,13410
10192,1660053,8560
10193,1660053,8460
10194,1660053,9960
10195,1000000,19470
10196,1660053,6100
10197,1660053,3320
10198,1000000,11390
10199,1660053,5700
10200,1660053,7890
10201,1660053,6400
10202,1660053,7890
10203,1000000,14270
10204,1660053,6740
10205,1660053,8750
10206,1660053,4520
10207,1660053,5750
10208,1000000,11250
10209,1660053,4390
10210,1660053,4610
10211,1660053,6910
10212,1000000,11870
10213,1660053,3540
10214,1000000,11800
10215,1000000,11230
10216,1660053,7510
10217,1660053,8890
10218,1000000,23350
10219,1660053,4720
10220,1000000,18470
10221,1660053,5650
10222,1000000,65640
10223,1660053,2830
10224,1660053,5720
10225,1660053,9070
10226,1660053,7960
10227,1000000,10590
10228,1660053,5660
10229,1660053,9130
10230,1660053,8340
10231,1000000,12780
10232,1660053,1440
10233,1660053,7130
10234,1000000,11970
10235,1660053,7670
10236,1660053,3970
10237,1660053,3970
10238,1660053,6880
10239,1000000,11640
10240,1000000,15260
10241,1000000,10290
10242,1660053,6870
10243,1660053,9930
10244,1660053,4820
10245,1000000,14000
10246,6258,1000000
10247,1660053,5780
10248,1000000,18450
10249,1000000,10140
10250,1000000,55110
10251,1000000,28450
10252,1660053,8980
10253,1660053,5450
10254,1000000,13660
10255,1000000,21020
10256,1660053,7230
10257,1000000,13100
10258,1660053,6740
10259,1000000,34590
10260,1660053,5750
10261,1000000,13640
10262,1000000,11690
10263,1660053,7820
10264,1660053,4220
10265,1660053,5240
10266,1000000,21640
10267,1660053,4170
10268,1660053,8500
10269,1660053,4810
10270,1000000,11280
10271,1660053,9730
10272,1660053,3500
10273,1660053,3980
10274,1000000,17340
10275,1660053,5900
10276,1660053,6800
10277,1000000,12780
10278,1000000,15720
10279,1660053,6600
10280,1660053,5960
10281,1000000,13010
10282,1000000,22150
10283,1660053,5090
10284,1660053,6020
10285,1000000,12440
10286,1660053,7900
10287,1660053,4020
10288,1660053,4260
10289,1660053,6340
10290,1000000,12820
10291,1000000,20820
10292,1660053,6130
10293,1660053,7650
10294,1000000,10370
10295,1000000,11540
10296,1660053,6040
10297,1660053,3580
10298,1660053,3810
10299,1660053,6600
10300,1000000,16820
10301,1660053,8500
10302,1660053,6060
10303,1000000,10660
10304,1660053,3240
10305,1660053,5430
10306,1660053,6420
10307,1660053,5040
10308,1000000,13530
10309,1000000,18810
10310,1660053,5500
10311,1660053,8690
10312,1000000,11980
10313,1660053,4980
10314,1660053,7660
10315,1660053,4590
10316,1000000,30320
10317,1000000,14530
10318,1000000,16430
10319,1000000,13570
10320,1000000,12550
10321,1660053,3550
10322,1000000,10430
10323,1660053,9540
10324,1000000,11550
10325,1660053,5870
10326,1000000,11650
10327,1660053,5480
10328,1660053,5160
10329,1660053,7910
10330,1660053,7840
10331,1000000,40260
10332,1660053,6970
10333,1000000,23200
10334,1000000,10060
10335,1000000,14330
10336,1000000,17400
10337,1660053,7360
10338,1000000,17470
10339,1660053,3220
10340,1660053,8650
10341,1660053,8830
10342,1000000,10030
10343,1000000,15340
10344,1000000,14270
10345,1660053,4080
10346,1000000,15690
10347,1660053,6090
10348,1000000,10200
10349,1660053,6310
10350,1660053,5150
10351,1660053,8030
10352,1660053,3550
10353,1660053,3820
10354,1660053,4210
10355,1660053,3650
10356,1660053,4300
10357,1660053,7500
10358,1000000,11350
10359,1660053,5270
10360,1000000,12440
10361,1660053,5180
10362,1000000,11920
10363,1660053,5490
10364,1660053,4810
10365,1000000,10990
10366,1000000,20480
10367,1000000,15110
10368,1660053,2830
10369,1660053,4140
10370,1000000,25080
10371,1000000,13930
10372,1660053,8190
10373,1660053,3620
10374,1660053,9580
10375,1000000,28440
10376,1660053,9390
10377,1660053,7240
10378,1660053,3700
10379,1000000,11280
10380,1000000,28000
10381,1000000,17780
10382,1000000,15170
10383,1660053,6700
10384,1660053,9120
10385,1660053,7630
10386,1660053,4540
10387,1660053,7200
10388,1660053,6870
10389,1660053,9930
10390,1660053,6250
10391,1000000,21300
10392,1660053,9680
10393,1660053,6720
10394,1660053,1310
10395,1000000,13450
10396,1000000,13590
10397,1660053,5420
10398,1660053,7030
10399,6258,1000000
10400,1660053,6250
10401,1000000,56260
10402,1000000,15150
10403,1660053,5990
10404,1000000,14460
10405,1660053,7240
10406,1660053,4090
10407,1660053,8730
10408,1660053,6490
10409,1660053,8080
10410,1000000,26210
10411,1660053,8150
10412,1000000,11870
10413,1000000,19220
10414,1000000,25050
10415,1660053,4720
10416,1660053,8860
10417,1660053,3650
10418,1660053,6720
10419,1000000,10970
10420,1660053,8260
10421,1660053,4780
10422,1000000,14970
10423,1660053,6920
10424,1660053,6400
10425,1000000,11830
10426,1660053,7590
10427,1660053,8700
10428,1000000,11910
10429,1000000,32010
10430,1000000,15680
10431,1660053,6730
10432,1000000,10880
10433,1660053,7550
10434,1660053,7170
10435,1660053,6900
10436,1660053,7630
10437,1660053,8040
10438,1000000,15910
10439,1660053,5730
10440,1000000,14290
10441,1660053,6030
10442,1000000,11930
10443,1660053,5290
10444,1660053,4190
10445,1000000,14160
10446,1000000,27290
10447,1660053,5030
10448,1660053,4950
10449,1000000,11540
10450,1660053,6150
10451,1660053,9790
10452,1000000,19290
10453,1000000,11860
10454,1660053,9210
10455,1660053,6410
10456,1000000,28790
10457,1660053,8790
10458,1000000,10840
10459,1660053,5820
10460,1660053,3840
10461,1000000,53750
10462,1660053,3810
10463,1660053,8450
10464,1000000,14900
10465,1660053,5920
10466,1660053,4760
10467,1660053,5560
10468,1000000,12950
10469,1660053,3660
10470,1000000,13240
10471,1660053,5300
10472,1000000,20160
10473,1660053,6480
10474,1660053,7620
10475,1000000,14860
10476,1660053,7090
10477,1660053,6970
10478,1000000,15080
10479,1000000,11630
10480,1000000,16450
10481,1660053,4970
10482,1660053,7280
10483,1000000,11450
10484,1660053,6360
10485,1000000,12590
10486,1660053,9550
10487,1660053,8440
10488,1660053,5680
10489,1660053,8060
10490,1660053,7250
10491,1000000,15050
10492,1660053,4730
10493,1000000,12550
10494,1660053,5420
10495,1660053,2460
10496,1660053,5900
10497,1000000,18050
10498,1000000,16960
10499,1660053,5730
10500,1000000,13040
10501,1660053,6080
10502,1660053,4740
10503,1660053,7180
10504,1660053,3330
10505,1660053,6580
10506,1000000,12520
10507,1660053,9270
10508,1660053,9480
10509,1000000,68250
10510,1660053,4370
10511,1000000,20870
10512,1000000,10770
10513,1660053,7750
10514,1660053,7440
10515,1000000,26330
10516,1660053,6630
10517,1000000,15330
10518,1000000,30340
10519,1660053,7970
10520,1660053,5190
10521,1000000,19800
10522,1660053,4650
10523,1000000,11810
10524,1660053,3590
10525,1660053,6020
10526,1660053,9530
10527,1000000,11580
10528,1000000,10590
10529,1660053,7920
10530,1660053,9710
10531,1000000,44120
10532,1000000,10400
10533,1660053,5630
10534,1000000,14710
10535,1000000,26480
10536,1000000,17520
10537,1660053,7860
10538,1660053,9690
10539,1000000,13030
10540,1660053,7570
10541,1660053,1540
10542,1000000,11330
10543,1000000,10790
10544,1000000,24940
10545,1660053,5050
10546,1000000,11520
10547,1660053,6660
10548,1660053,3060
10549,1000000,11970
10550,1660053,8800
10551,1660053,6190
10552,1000000,16900
10553,1660053,3670
10554,1660053,8360
10555,1660053,7970
10556,1660053,8470
10557,1660053,9820
10558,1000000,11380
10559,1660053,7610
10560,1660053,3850
10561,1660053,6170
10562,1000000,11090
10563,1660053,6870
10564,1000000,12180
10565,1660053,7760
10566,1000000,12480
10567,1660053,9210
10568,1000000,21700
10569,1000000,14420
10570,1660053,6210
10571,1000000,12830
10572,1660053,2550
10573,1660053,6090
10574,1660053,4950
10575,1000000,14890
10576,1660053,9050
10577,1660053,7520
10578,1000000,17580
10579,1660053,9020
10580,1000000,45610
10581,1660053,9640
10582,1000000,24470
10583,1660053,5210
10584,1660053,5070
10585,1660053,7760
10586,1000000,23020
10587,1660053,6530
10588,1000000,14620
10589,1000000,19550
10590,1660053,5780
10591,1660053,2900
10592,1000000,12540
10593,6258,1000000
10594,1660053,4060
10595,1660053,7100
10596,1000000,11260
10597,1660053,5920
10598,1660053,3410
10599,1660053,3030
10600,1660053,8270
10601,1660053,8450
10602,1000000,14810
10603,1660053,4090
10604,1660053,7270
10605,1660053,6690
10606,1660053,2430
10607,1660053,3850
10608,1660053,6040
10609,1000000,18130
10610,1660053,5220
10611,1660053,7920
10612,1000000,13670
10613,1660053,5610
10614,1660053,2930
10615,1000000,15090
10616,1000000,12200
10617,1000000,16430
10618,1000000,19170
10619,1000000,16880
10620,1660053,6010
10621,1000000,14590
10622,1660053,8840
10623,1000000,11160
10624,1660053,9690
10625,1660053,6180
10626,1660053,6110
10627,1660053,9910
10628,1660053,8470
10629,1660053,3140
10630,1000000,16150
10631,1660053,7350
10632,1000000,17630
10633,1000000,27300
10634,1660053,6690
10635,1660053,9290
10636,1000000,11190
10637,1000000,11410
10638,1660053,1670
10639,1660053,7420
10640,1000000,11280
10641,1660053,5390
10642,1660053,8180
10643,1660053,4540
10644,1000000,26160
10645,1660053,610
10646,1000000,16610
10647,1660053,8390
10648,1000000,12210
10649,1000000,53010
10650,1660053,9380
10651,1660053,7600
10652,1660053,8450
10653,1000000,11760
10654,1000000,22890
10655,1660053,5200
10656,1660053,8230
10657,1660053,5560
10658,1660053,4930
10659,1660053,4810
10660,1000000,26550
10661,1000000,15870
10662,1660053,8870
10663,1000000,40880
10664,1660053,7250
10665,1000000,11070
10666,1000000,16320
10667,1660053,6250
10668,1660053,8630
10669,1000000,12780
10670,1000000,70880
10671,1660053,8790
10672,1660053,9630
10673,1660053,6900
10674,1000000,14490
10675,1000000,14830
10676,1660053,6470
10677,1660053,3380
10678,1000000,13490
10679,1660053,7600
10680,1000000,11890
10681,1000000,13340
10682,1660053,3710
10683,1000000,11340
10684,1660053,1020
10685,1000000,13770
10686,1660053,7520
10687,1000000,16640
10688,1660053,9290
10689,1000000,24980
10690,1660053,4020
10691,1660053,6050
10692,1660053,4120
10693,1660053,5760
10694,1660053,6960
10695,1000000,10510
10696,1660053,2990
10697,1000000,15330
10698,1000000,13090
10699,1660053,5960
10700,1000000,22620
10701,1000000,26480
10702,1000000,14730
10703,1660053,9430
10704,1000000,29580
10705,1000000,11110
10706,1660053,7540
10707,1660053,6000
10708,1660053,4100
10709,1000000,12830
10710,1660053,7910
10711,1660053,4710
10712,1660053,9170
10713,1660053,5750
10714,1660053,5520
10715,1660053,6250
10716,1000000,17700
10717,1660053,4730
10718,1660053,8130
10719,1660053,6510
10720,1000000,14660
10721,1000000,16920
10722,1660053,4930
10723,1660053,8600
10724,1000000,10680
10725,1660053,8610
10726,1000000,10460
10727,1660053,5260
10728,1660053,5340
10729,1660053,8530
10730,1660053,9240
10731,1000000,10280
10732,1660053,7720
10733,1660053,2560
10734,1000000,86170
10735,1660053,8280
10736,1660053,8200
10737,1660053,8920
10738,1000000,38590
10739,1660053,8920
10740,1000000,18350
10741,1660053,6430
10742,1000000,13330
10743,1660053,5170
10744,1000000,13910
10745,1660053,4940
10746,1000000,13260
10747,1000000,10760
10748,1000000,16340
10749,1660053,6560
10750,1660053,5160
10751,1660053,5740
10752,1660053,5870
10753,1000000,14380
10754,1000000,19570
10755,1660053,4360
10756,1660053,6130
10757,1000000,13650
10758,1000000,10370
10759,1660053,6610
10760,1660053,6820
10761,1660053,7970
10762,1660053,5930
10763,1000000,13760
10764,1000000,19600
10765,1660053,7440
10766,1660053,6560
10767,1660053,6410
10768,1660053,3570
10769,1000000,12640
10770,1660053,9890
10771,1000000,24090
10772,1000000,23420
10773,1660053,7740
10774,1660053,6340
10775,1660053,9880
10776,1000000,19310
10777,1000000,15830
10778,1660053,4720
10779,1660053,7840
10780,1000000,11210
10781,1000000,12010
10782,1660053,8540
10783,1000000,10380
10784,1000000,17840
10785,1660053,9010
10786,1660053,6250
10787,1660053,8570
10788,1660053,6650
10789,1660053,8170
10790,1660053,8460
10791,1000000,10540
10792,1000000,17790
10793,1660053,2640
10794,1000000,11010
10795,1660053,8530
10796,1000000,10680
10797,1000000,10690
10798,1660053,2990
10799,1000000,12050
10800,1000000,10860
10801,1660053,5710
10802,1660053,8550
10803,1660053,6410
10804,1660053,8710
10805,1660053,7560
10806,1000000,10610
10807,1660053,3930
10808,1660053,9400
10809,1000000,14540
10810,1660053,9920
10811,1660053,4430
10812,1660053,8680
10813,1000000,25600
10814,1000000,12140
10815,1660053,3960
10816,1660053,9900
10817,1660053,4220
10818,1660053,4370
10819,1660053,6080
10820,1660053,4320
10821,1660053,6720
10822,1660053,7960
10823,1000000,10710
10824,1000000,10160
10825,1000000,17420
10826,1000000,20000
10827,1000000,19990
10828,1660053,3270
10829,1660053,6890
10830,1660053,4790
10831,1660053,5900
10832,1660053,8490
10833,1660053,8510
10834,1000000,18070
10835,1000000,15250
10836,1660053,7060
10837,1000000,12110
10838,1660053,9040
10839,1660053,7520
10840,1000000,11240
10841,1000000,12560
10842,1000000,10100
10843,1660053,9020
10844,1000000,15250
10845,1660053,9430
10846,1000000,11470
10847,1660053,4280
10848,1660053,6160
10849,1000000,20000
10850,1660053,6320
10851,1660053,8160
10852,1000000,11460
10853,1660053,6400
10854,1660053,3880
10855,1660053,8740
10856,1660053,4050
10857,1000000,34670
10858,1660053,9990
10859,1000000,13430
10860,1000000,17020
10861,1660053,4080
10862,1660053,5180
10863,1000000,11510
10864,1660053,8870
10865,1660053,7310
10866,1660053,7010
10867,1000000,20020
10868,1660053,6810
10869,1660053,4490
10870,1660053,3980
10871,1000000,11360
10872,1660053,4250
10873,1660053,3650
10874,1660053,4570
10875,1660053,3630
10876,1660053,6740
10877,1660053,9200
10878,1000000,13110
10879,1000000,15110
10880,1000000,13940
10881,1660053,2790
10882,1660053,4010
10883,1660053,5500
10884,1000000,10310
10885,1660053,7530
10886,1660053,3930
10887,1000000,10310
10888,1660053,7940
10889,1000000,52770
10890,1000000,10310
10891,1660053,5170
10892,1660053,6110
10893,1000000,13090
10894,1000000,11140
10895,1000000,12400
10896,1660053,9690
10897,1660053,2500
10898,1000000,11320
10899,1000000,10630
10900,1000000,34160
10901,1000000,15120
10902,1660053,6900
10903,1000000,26250
10904,1000000,48420
10905,1660053,5710
10906,1660053,4200
10907,1660053,5820
10908,1660053,7130
10909,1660053,7170
10910,1660053,8090
10911,1000000,50310
10912,1660053,5630
10913,1000000,12340
10914,1660053,7890
10915,1000000,19330
10916,1660053,8820
10917,1660053,9340
10918,1660053,6860
10919,1660053,5350
10920,1660053,7850
10921,1660053,3310
10922,1660053,7500
10923,1000000,13260
10924,1000000,35360
10925,1660053,9290
10926,1000000,18490
10927,1000000,11370
10928,1660053,8730
10929,1000000,16690
10930,1000000,26870
10931,1660053,9200
10932,1000000,16780
10933,1660053,8220
10934,1000000,16060
10935,1660053,5770
10936,1660053,5680
10937,1660053,6800
10938,1000000,24820
10939,1660053,7310
10940,1000000,10890
10941,1660053,7690
10942,1000000,12820
10943,1660053,4020
10944,1000000,30040
10945,1660053,7250
10946,1660053,6050
10947,1660053,4260
10948,1660053,7620
10949,1000000,39260
10950,1660053,6510
10951,1660053,7180
10952,1660053,8090
10953,1660053,9550
10954,1000000,14070
10955,1660053,4810
10956,1660053,8250
10957,1660053,5490
10958,1000000,14690
10959,1000000,21180
10960,6258,1000000
10961,1660053,9370
10962,1000000,14760
10963,1660053,6330
10964,1660053,8540
10965,1000000,11780
10966,1000000,30110
10967,1000000,21340
10968,1000000,19050
10969,1660053,7110
10970,1660053,7860
10971,1000000,30270
10972,1000000,11980
10973,1660053,9010
10974,1000000,16660
10975,1000000,11240
10976,1660053,5950
10977,1660053,5750
10978,1660053,5340
10979,1660053,5570
10980,1660053,6900
10981,1660053,8790
10982,1000000,10430
10983,1000000,14120
10984,1660053,6180
10985,1660053,5020
10986,1660053,7560
10987,1660053,9620
10988,1000000,11100
10989,1660053,7490
10990,1000000,32960
10991,1000000,12440
10992,1660053,9840
10993,1660053,6250
10994,1660053,9700
10995,1660053,9590
10996,1660053,4560
10997,1660053,5340
10998,1660053,3540
10999,1660053,7770
11000,1000000,24870
11001,1000000,16920
11002,1660053,3700
11003,1660053,4130
11004,1000000,10830
11005,1000000,12010
11006,1000000,11180
11007,1000000,13310
11008,1660053,3220
11009,1660053,5660
11010,1660053,4530
11011,1660053,5750
11012,1660053,9930
11013,1660053,6870
11014,1660053,8290
11015,1000000,13480
11016,1660053,7290
11017,1000000,70800
11018,1660053,4770
11019,1000000,13820
11020,1660053,7800
11021,1660053,6750
11022,1660053,5080
11023,1660053,4230
11024,1660053,5590
11025,1660053,9430
11026,1660053,7870
11027,1660053,9210
11028,1660053,5160
11029,1660053,6060
11030,1000000,10450
11031,1660053,9590
11032,1000000,10740
11033,1660053,5400
11034,1660053,5500
11035,1660053,6680
11036,1000000,17550
11037,1660053,4710
11038,1660053,9360
11039,1660053,2300
11040,1660053,8060
11041,1660053,9750
11042,1660053,6740
11043,1660053,8610
11044,1660053,5550
11045,1000000,11480
11046,1660053,2570
11047,1000000,16350
11048,1660053,2300
11049,1660053,8490
11050,1660053,9140
11051,1660053,4300
11052,1000000,15870
11053,1000000,15250
11054,1660053,9230
11055,1660053,4210
11056,1660053,6160
11057,1660053,9090
11058,1660053,8650
11059,1660053,6560
11060,1660053,5900
11061,1000000,32900
11062,1660053,5630
11063,1660053,7680
11064,1000000,19020
11065,1000000,10670
11066,1660053,4220
11067,1000000,17490
11068,1000000,43300
11069,1660053,2890
11070,1660053,2920
11071,1000000,22420
11072,1000000,13660
11073,1660053,8300
11074,1660053,6770
11075,1000000,10660
11076,1000000,17060
11077,1660053,7110
11078,1000000,12110
11079,1660053,9410
11080,1660053,6420
11081,1660053,4760
11082,1660053,7470
11083,1000000,16340
11084,1000000,14640
11085,1660053,5540
11086,1000000,17130
11087,1660053,8600
11088,1660053,4090
11089,1660053,7250
11090,1660053,7420
11091,1660053,7590
11092,1000000,14500
11093,1000000,14020
11094,1000000,14580
11095,1660053,4040
11096,1660053,9150
11097,1660053,5230
11098,1000000,10800
11099,1000000,17730
11100,1660053,7570
11101,1660053,6370
11102,1660053,4950
11103,1000000,10540
11104,1660053,7230
11105,1660053,7840
11106,1000000,16750
11107,1660053,6580
11108,1000000,59270
11109,1000000,14800
11110,1660053,2990
11111,1660053,7280
11112,1000000,18290
11113,1660053,4840
11114,1660053,5980
11115,1660053,6550
11116,1000000,11340
11117,1660053,6150
11118,1000000,10910
11119,1000000,26510
11120,1660053,8690
11121,1000000,17840
11122,1000000,10730
11123,1660053,7640
11124,1000000,10980
11125,1660053,6980
11126,1000000,13270
11127,1000000,19260
11128,1000000,14310
11129,1660053,9950
11130,1000000,22530
11131,1000000,17800
11132,1000000,13420
11133,1660053,6660
11134,1660053,8160
11135,1000000,19360
11136,1660053,3860
11137,1660053,8310
11138,1000000,11080
11139,1000000,12590
11140,1000000,20140
11141,1660053,3650
11142,1660053,1070
11143,1000000,25990
11144,1660053,6720
11145,1000000,28060
11146,1000000,41350
11147,1660053,5380
11148,1660053,9320
11149,1660053,8180
11150,1660053,5580
11151,1000000,13700
11152,1660053,6200
11153,1000000,13400
11154,1000000,15240
11155,1000000,16780
11156,1000000,12810
11157,1660053,6680
11158,1660053,5700
11159,1000000,15020
11160,1000000,22640
11161,1660053,8760
11162,1000000,11150
11163,1000000,25880
11164,1000000,26690
11165,1660053,6630
11166,1660053,6540
11167,1000000,15090
11168,1000000,10660
11169,1000000,17700
11170,1000000,14650
11171,1660053,7960
11172,1660053,9710
11173,1000000,42720
11174,1660053,4410
11175,1660053,3270
11176,1660053,3090
11177,1660053,9490
11178,1660053,1440
11179,1000000,17800
11180,1660053,5690
11181,1000000,20470
11182,1660053,8600
11183,1000000,49330
11184,1660053,6300
11185,1660053,3140
11186,1000000,17940
11187,1660053,4750
11188,1000000,13380
11189,1000000,13550
11190,1660053,5330
11191,1000000,13490
11192,1660053,7230
11193,1660053,9830
11194,1000000,17430
11195,1660053,9560
11196,1000000,10740
11197,1000000,15530
11198,1660053,7910
11199,1660053,5500
11200,1660053,8350
11201,1660053,3160
11202,1000000,17870
11203,1660053,8500
11204,1660053,5560
11205,1660053,7770
11206,1000000,16070
11207,1660053,8280
11208,1000000,12410
11209,1660053,9110
11210,1000000,12400
11211,1000000,10690
11212,1660053,8900
11213,1660053,8560
11214,1000000,18680
11215,1000000,23460
11216,1000000,15170
11217,1000000,10710
11218,1660053,5870
11219,1000000,10150
11220,1660053,4240
11221,1660053,9190
11222,1660053,7110
11223,1660053,4340
11224,1000000,13390
11225,1000000,14770
11226,1660053,9880
11227,1000000,14330
11228,1000000,53750
11229,1660053,4950
11230,1660053,9270
11231,1660053,8500
11232,1660053,6480
11233,1000000,83190
11234,1000000,10960
11235,1660053,9680
11236,1660053,4390
11237,1000000,21330
11238,1000000,10660
11239,1000000,16510
11240,1660053,4940
11241,1000000,30260
11242,1660053,8460
11243,1000000,10970
11244,1000000,16530
11245,1000000,10980
11246,1000000,16460
11247,1660053,7320
11248,1660053,5340
11249,1000000,14020
11250,1660053,8650
11251,1660053,9750
11252,1660053,6700
11253,1660053,5210
11254,1660053,7590
11255,1660053,3640
11256,1660053,9390
11257,1660053,4130
11258,1660053,8800
11259,1660053,6830
11260,1000000,14080
11261,1660053,9580
11262,1660053,6720
11263,1660053,6460
11264,1660053,4910
11265,1000000,11330
11266,1000000,12210
11267,1000000,14910
11268,1660053,7640
11269,1660053,9120
11270,1660053,3310
11271,1660053,5010
11272,1660053,8930
11273,1660053,4840
11274,1000000,14570
11275,1660053,8830
11276,1660053,5260
11277,1000000,15490
11278,1000000,15510
11279,1660053,4150
11280,1660053,4980
11281,1660053,7780
11282,1000000,34140
11283,1000000,11860
11284,1660053,7280
11285,1000000,10300
11286,1660053,4680
11287,1660053,5810
11288,1000000,13330
11289,1660053,7320
11290,1000000,16180
11291,1660053,3500
11292,1660053,9930
11293,1000000,16710
11294,1660053,6200
11295,1000000,12730
11296,1000000,15140
11297,1000000,15360
11298,1000000,10540
11299,1000000,10900
11300,1000000,16070
11301,1000000,10800
11302,1000000,14260
11303,1000000,16230
11304,1000000,10430
11305,1660053,5550
11306,1660053,4460
11307,1660053,8110
11308,1660053,4530
11309,1660053,6680
11310,1660053,8990
11311,1000000,16620
11312,1000000,11700
11313,1660053,9740
11314,1660053,6140
11315,1660053,7270
11316,1000000,10220
11317,1660053,8640
11318,1660053,5630
11319,1660053,8170
11320,1660053,2150
11321,1660053,5360
11322,1660053,7020
11323,1660053,6860
11324,1660053,7190
11325,1660053,8760
11326,1660053,9380
11327,1000000,10900
11328,1660053,4520
11329,1660053,8310
11330,1660053,4100
11331,1000000,10730
11332,1660053,5960
11333,1000000,10940
11334,1000000,11500
11335,1000000,39740
11336,1000000,12940
11337,1000000,10080
11338,1660053,5650
11339,1660053,6190
11340,1660053,7350
11341,1660053,6420
11342,1660053,4210
11343,1660053,4180
11344,1660053,7430
11345,1660053,4790
11346,1000000,13660
11347,1660053,8520
11348,1000000,11530
11349,1000000,11960
11350,1660053,4600
11351,1660053,8380
11352,1660053,9970
11353,1660053,2090
11354,1000000,20800
11355,1660053,7240
11356,1000000,13880
11357,1000000,11950
11358,1660053,8390
11359,1000000,12950
11360,1000000,11860
11361,1660053,5290
11362,1660053,4140
11363,1660053,4740
11364,1660053,1490
11365,1660053,7970
11366,1660053,4160
11367,1660053,5900
11368,1660053,6160
11369,1000000,11480
11370,1000000,16660
11371,1000000,20360
11372,1000000,15000
11373,1000000,37960
11374,1000000,16710
11375,1000000,13880
11376,1000000,18900
11377,1660053,2540
11378,1660053,8120
11379,1000000,16970
11380,1000000,11830
11381,1660053,9370
11382,1000000,21550
11383,1660053,3980
11384,1000000,11680
11385,1660053,7960
11386,1000000,12450
11387,1660053,6450
11388,1660053,7640
11389,1660053,8820
11390,1660053,9150
11391,1000000,22940
11392,1660053,8460
11393,1660053,4610
11394,1000000,10130
11395,1000000,10030
11396,1660053,6040
11397,1660053,7410
11398,1660053,7810
11399,1660053,5030
11400,1660053,7570
11401,1660053,3960
11402,1660053,4460
11403,1660053,9500
11404,1660053,5350
11405,1000000,16970
11406,1660053,4320
11407,1000000,17950
11408,1660053,5420
11409,1000000,13890
11410,1660053,1330
11411,1660053,9310
11412,6258,1000000
11413,1660053,6080
11414,1000000,13500
11415,1660053,6430
11416,1660053,5410
11417,1660053,3090
11418,1660053,5540
11419,1660053,2660
11420,1000000,22640
11421,1000000,19010
11422,1660053,5430
11423,1000000,11130
11424,1660053,5860
11425,1660053,6900
11426,1000000,16770
11427,1000000,24180
11428,1660053,2830
11429,1000000,17070
11430,1660053,8440
11431,1660053,4670
11432,1000000,19350
11433,1000000,10350
11434,1000000,10320
11435,1000000,11700
11436,1660053,6510
11437,1000000,41970
11438,1000000,10480
11439,1660053,4010
11440,1660053,7610
11441,1660053,5130
11442,1660053,9260
11443,1660053,7230
11444,1000000,14270
11445,1000000,18500
11446,1000000,11940
11447,1660053,5110
11448,1000000,10090
11449,1660053,7510
11450,1660053,3120
11451,1660053,6860
11452,1660053,8090
11453,1000000,13350
11454,1660053,7640
11455,1660053,8520
11456,1660053,8070
11457,1660053,2910
11458,1660053,4390
11459,1660053,2950
11460,1660053,9120
11461,1000000,12140
11462,1660053,8110
11463,1000000,15600
11464,1000000,10790
11465,1000000,17330
11466,1000000,20820
11467,1000000,12640
11468,1660053,6150
11469,1660053,8140
11470,1000000,12320
11471,1660053,7550
11472,1660053,4980
11473,1660053,9920
11474,1660053,9550
11475,1000000,12970
11476,1000000,38340
11477,1660053,3430
11478,1660053,4520
11479,1660053,8380
11480,1660053,7140
11481,1660053,4270
11482,1660053,5400
11483,1660053,8410
11484,1000000,15780
11485,1660053,4020
11486,1660053,6560
11487,1660053,8530
11488,1000000,40010
11489,1000000,40470
11490,1660053,8430
11491,1660053,4520
11492,1660053,5340
11493,1660053,5940
11494,1660053,5180
11495,1660053,8400
11496,1000000,24810
11497,1000000,10970
11498,1660053,6860
11499,1660053,9520
11500,1660053,3560
11501,1660053,3100
11502,1660053,8230
11503,1000000,11470
11504,1000000,11270
11505,1660053,8450
11506,1000000,27520
11507,1660053,8870
11508,1000000,15230
11509,1660053,9660
11510,1660053,4200
11511,1660053,8450
11512,1000000,17220
11513,1660053,6250
11514,1000000,15620
11515,1660053,7350
11516,1660053,8230
11517,1000000,13860
11518,1000000,10130
11519,1660053,6150
11520,1660053,6880
11521,1660053,9990
11522,1660053,5490
11523,1660053,4040
11524,1000000,12410
11525,1660053,4820
11526,1660053,6040
11527,1000000,58780
11528,1660053,5070
11529,1660053,6670
11530,1660053,4930
11531,1660053,1340
11532,1000000,14730
11533,1000000,12160
11534,1000000,21840
11535,1660053,3650
11536,1000000,11170
11537,1660053,3990
11538,1660053,3750
11539,1660053,4130
11540,1660053,9860
11541,1660053,6500
11542,1000000,10450
11543,1000000,14230
11544,1660053,6500
11545,1660053,6330
11546,1660053,4340
11547,1660053,7500
11548,1000000,10900
11549,1660053,7070
11550,1660053,5150
11551,1660053,7000
11552,1000000,12390
11553,1000000,17610
11554,1660053,5870
11555,1660053,7140
11556,1000000,10700
11557,1660053,7630
11558,1660053,3280
11559,1000000,18380
11560,1660053,8410
11561,1660053,8500
11562,1660053,2810
11563,1000000,14850
11564,1000000,11060
11565,1000000,10930
11566,1660053,6660
11567,1660053,7330
11568,1000000,18470
11569,1660053,4460
11570,1660053,7790
11571,1000000,13110
11572,1000000,12400
11573,1660053,3930
11574,1000000,14920
11575,1000000,12330
11576,1660053,9990
11577,1000000,19820
11578,1660053,4370
11579,1000000,11500
11580,1660053,7070
11581,1000000,11010
11582,1660053,3330
11583,1660053,4850
11584,1660053,9000
11585,1000000,12030
11586,1000000,11580
11587,1000000,52800
11588,1660053,6550
11589,1660053,5660
11590,1660053,8960
11591,1660053,6360
11592,1660053,4130
11593,1000000,10790
11594,1660053,8080
11595,1000000,12320
11596,1660053,6170
11597,1660053,4910
11598,1660053,9310
11599,1000000,16290
11600,1660053,4340
11601,1000000,11630
11602,1660053,4740
11603,1660053,7450
11604,1660053,5300
11605,1000000,29560
11606,1000000,14940
11607,1000000,17630
11608,1660053,2430
11609,1660053,6030
11610,1660053,8780
11611,1660053,4120
11612,1000000,11040
11613,1660053,4450
11614,1660053,6980
11615,1660053,6480
11616,1660053,7980
11617,1660053,8180
11618,1660053,5580
11619,1660053,7560
11620,1660053,8520
11621,1000000,11730
11622,1000000,12120
11623,1660053,5380
11624,1660053,5260
11625,1000000,10590
11626,1660053,5840
11627,1660053,7860
11628,1660053,6360
11629,1660053,9670
11630,1000000,20760
11631,1000000,10140
11632,1000000,21000
11633,1000000,13690
11634,1000000,11580
11635,1000000,18940
11636,1000000,10190
11637,1660053,4700
11638,1660053,6820
11639,1660053,6070
11640,1000000,11900
11641,1000000,11020
11642,1660053,4500
11643,1660053,7250
11644,1000000,10830
11645,1660053,1610
11646,1000000,20090
11647,1000000,11790
11648,1660053,4270
11649,1660053,9210
11650,1000000,13320
11651,1000000,14180
11652,1660053,9820
11653,1660053,5170
11654,1660053,5350
11655,1660053,8250
11656,1000000,13150
11657,1660053,9230
11658,1660053,2900
11659,1660053,9400
11660,1660053,6160
11661,1000000,16860
11662,1000000,11270
11663,1660053,3360
11664,1660053,5680
11665,1000000,16950
11666,1660053,4080
11667,1660053,5090
11668,1660053,9550
11669,1660053,5360
11670,1660053,3690
11671,1660053,3410
11672,1660053,2520
11673,1660053,3010
11674,1660053,2560
11675,1000000,10460
11676,1660053,9320
11677,1000000,11460
11678,1660053,4610
11679,1660053,5570
11680,1000000,25980
11681,1660053,7200
11682,1660053,4880
11683,1660053,3320
11684,1000000,19980
11685,1000000,14180
11686,1660053,7040
11687,1660053,9270
11688,1660053,9150
11689,1660053,6810
11690,1660053,4360
11691,1000000,15240
11692,1000000,13860
11693,1000000,17320
11694,1000000,11010
11695,1660053,4820
11696,1000000,11480
11697,1000000,16220
11698,1000000,12110
11699,1000000,10370
11700,1660053,9350
11701,1000000,15690
11702,1000000,13620
11703,1000000,99640
11704,1000000,10890
11705,1660053,3980
11706,1660053,4260
11707,1000000,15230
11708,1660053,4550
11709,1000000,22360
11710,1660053,5760
11711,1000000,10610
11712,1000000,12980
11713,1660053,6900
11714,1660053,3230
11715,1000000,10640
11716,1660053,4450
11717,1000000,50710
11718,1660053,5460
11719,1660053,5620
11720,1660053,3640
11721,1660053,6980
11722,1660053,8380
11723,1000000,14280
11724,1660053,5270
11725,1660053,3570
11726,1000000,11050
11727,1660053,6420
11728,1660053,4370
11729,1000000,23040
11730,1660053,6140
11731,1660053,6700
11732,1000000,14850
11733,1000000,48390
11734,1000000,22970
11735,1660053,6770
11736,1660053,2330
11737,1660053,7800
11738,1660053,8020
11739,1660053,6240
11740,1660053,6430
11741,1000000,11360
11742,1660053,6120
11743,1660053,2620
11744,1660053,3640
11745,1000000,15680
11746,1000000,13550
11747,1000000,55350
11748,1660053,9380
11749,1000000,15710
11750,1660053,9280
11751,1000000,11430
11752,1660053,6460
11753,1660053,5060
11754,1000000,19900
11755,1660053,7670
11756,1660053,8750
11757,1660053,8410
11758,1660053,8320
11759,1660053,6110
11760,1000000,16000
11761,1660053,9410
11762,1660053,5700
11763,1660053,6290
11764,1000000,12170
11765,1000000,12660
11766,1660053,8040
11767,1000000,13280
11768,1660053,3240
11769,1660053,9280
11770,1000000,10430
11771,1000000,21510
11772,1000000,13760
11773,1000000,11550
11774,1660053,9550
11775,1000000,15120
11776,1660053,5550
11777,1660053,4730
11778,1660053,7610
11779,1000000,12670
11780,1660053,8940
11781,1000000,12260
11782,1000000,30380
11783,1660053,200
11784,1660053,6210
11785,1660053,6080
11786,1000000,15620
11787,1660053,6970
11788,1000000,14490
11789,1660053,6700
11790,1660053,5900
11791,1660053,5860
11792,1000000,14140
11793,1000000,11670
11794,1660053,4830
11795,1000000,11310
11796,1000000,65570
11797,1000000,55600
11798,1000000,19590
11799,1660053,6210
11800,1000000,11040
11801,1000000,17600
11802,1000000,10070
11803,1000000,11570
11804,1660053,4490
11805,1000000,13670
11806,1660053,9420
11807,1660053,4400
11808,1660053,8530
11809,1660053,4210
11810,1000000,15430
11811,1000000,12020
11812,1000000,16120
11813,1660053,5940
11814,1000000,14720
11815,1660053,5990
11816,1000000,11850
11817,1000000,14500
11818,1000000,28160
11819,1660053,7600
11820,1660053,7950
11821,1660053,5730
11822,1000000,10300
11823,1000000,14460
11824,1660053,3550
11825,1000000,11440
11826,1000000,32260
11827,1660053,4190
11828,1660053,6470
11829,1000000,37830
11830,1660053,5560
11831,1000000,31410
11832,1000000,33080
11833,1000000,12990
11834,6258,1000000
11835,1660053,4960
11836,1000000,14370
11837,1660053,6610
11838,1660053,9610
11839,1660053,7050
11840,6258,1000000
11841,1660053,6400
11842,1660053,7940
11843,1000000,14180
11844,1000000,12300
11845,1660053,7160
11846,1660053,8890
11847,1660053,6120
11848,1660053,8330
11849,1660053,5620
11850,1000000,13920
11851,1660053,7430
11852,1000000,12360
11853,1000000,13290
11854,1000000,13580
11855,1000000,30000
11856,1000000,12350
11857,1000000,12770
11858,1660053,9770
11859,1660053,7460
11860,1660053,9900
11861,1000000,33340
11862,1660053,7060
11863,1660053,5270
11864,1660053,5960
11865,1660053,4850
11866,1660053,7760
11867,1660053,9320
11868,1000000,10850
11869,1660053,5670
11870,1660053,8730
11871,1660053,4110
11872,1660053,2040
11873,1660053,6210
11874,1660053,5500
11875,1000000,12140
11876,1660053,6690
11877,1660053,7250
11878,1660053,4600
11879,1000000,11280
11880,1660053,6890
11881,1660053,8580
11882,1000000,10370
11883,1000000,17020
11884,1660053,7980
11885,1660053,4000
11886,1660053,5520
11887,1660053,7080
11888,1660053,8740
11889,1000000,20230
11890,1000000,10100
11891,1660053,8030
11892,1660053,6290
11893,1000000,12760
11894,1660053,8370
11895,1660053,3670
11896,1660053,7610
11897,1000000,77980
11898,1660053,9450
11899,1660053,4420
11900,1660053,7730
11901,1000000,13690
11902,1660053,2070
11903,1000000,12100
11904,1660053,7850
11905,1000000,59490
11906,1000000,12370
11907,1660053,9490
11908,1660053,6070
11909,1660053,2820
11910,1660053,9500
11911,1000000,10390
11912,1660053,7370
11913,1000000,11060
11914,1000000,11310
11915,1000000,23810
11916,1000000,10020
11917,1000000,13780
11918,1660053,9810
11919,1660053,3100
11920,1660053,6440
11921,1660053,4120
11922,1660053,1310
11923,1660053,7440
11924,1660053,3390
11925,1660053,3930
11926,1660053,6110
11927,1660053,1180
11928,1660053,7790
11929,1660053,9000
11930,1660053,4320
11931,1000000,11400
11932,1660053,5190
11933,1000000,10500
11934,1000000,57970
11935,1660053,8790
11936,1660053,5290
11937,1000000,23300
11938,1000000,12720
11939,1000000,23490
11940,1000000,11160
11941,1000000,19130
11942,1000000,26540
11943,1000000,11410
11944,1660053,7080
11945,1000000,16370
11946,1000000,10980
11947,1660053,8610
11948,1000000,14120
11949,1660053,7270
11950,1660053,3480
11951,1660053,2750
11952,1660053,5500
11953,1660053,2280
11954,1660053,6170
11955,1000000,13000
11956,1660053,8560
11957,1660053,9940
11958,1000000,12880
11959,1660053,9780
11960,1660053,8770
11961,1660053,2880
11962,1660053,6920
11963,1660053,6360
11964,1000000,13000
11965,1660053,9480
11966,1000000,40160
11967,1000000,17340
11968,1660053,7220
11969,1000000,18210
11970,1660053,7190
11971,1660053,2660
11972,1660053,8130
11973,1000000,16890
11974,1660053,5870
11975,1660053,7860
11976,1660053,3750
11977,1000000,12100
11978,1000000,12650
11979,1660053,2050
11980,1660053,4220
11981,1000000,12640
11982,1660053,7250
11983,1660053,8610
11984,1660053,7030
11985,1000000,12530
11986,1660053,4990
11987,1660053,7130
11988,1660053,6160
11989,1660053,2270
11990,1000000,15880
11991,1660053,5670
11992,1660053,7370
11993,1660053,7280
11994,1000000,96100
11995,1660053,2140
11996,1660053,6280
11997,1000000,11640
11998,1660053,4480
11999,1660053,4550
12000,1660053,660
12001,1000000,12350
12002,1660053,7820
12003,1660053,8030
12004,1000000,29540
12005,1660053,4270
12006,1000000,10440
12007,1660053,7310
12008,1000000,10460
12009,1660053,9620
12010,1660053,8750
12011,1660053,5830
12012,1660053,7950
12013,1660053,9320
12014,1000000,14390
12015,1000000,47020
12016,1000000,13120
12017,1000000,10680
12018,1000000,21530
12019,1660053,9680
12020,1660053,7290
12021,1660053,7630
12022,1000000,15190
12023,1660053,8860
12024,1660053,5810
12025,1660053,9580
12026,1660053,5630
12027,1660053,3810
12028,1660053,5140
12029,1660053,7120
12030,1660053,8030
12031,1000000,12890
12032,1660053,4540
12033,1000000,10080
12034,1660053,1720
12035,1660053,7140
12036,1660053,9790
12037,1000000,15130
12038,1660053,1820
12039,1660053,3110
12040,1660053,4870
