1,1000000,60050
2,1000000,41570
3,1210625,15230
4,1210625,17260
5,1000000,58560
6,1210625,36150
7,1210625,25100
8,1210625,16320
9,1000000,45390
10,1210625,33530
11,1000000,55860
12,1000000,41740
13,1000000,43500
14,1000000,56080
15,1210625,39110
16,1210625,23400
17,1210625,35740
18,1210625,23000
19,1210625,36310
20,1210625,35850
21,1000000,42790
22,1210625,12750
23,1000000,44780
24,1210625,15620
25,1210625,20650
26,1000000,52460
27,1210625,15360
28,1210625,30340
29,1000000,68980
30,1210625,37040
31,1210625,21540
32,1210625,34050
33,1210625,23710
34,1210625,25910
35,1210625,36560
36,1210625,14310
37,1210625,16010
38,1000000,78000
39,1210625,33580
40,1210625,11870
41,1210625,36490
42,1210625,20400
43,1000000,44830
44,1000000,43640
45,1210625,25570
46,1000000,40950
47,1210625,16450
48,1000000,525640
49,1210625,29060
50,1210625,15260
51,1210625,18500
52,1210625,28370
53,1000000,42140
54,1000000,75140
55,1000000,74000
56,1000000,45010
57,1210625,20310
58,1000000,47030
59,1210625,24510
60,1000000,53480
61,1000000,68710
62,1210625,29470
63,1210625,33070
64,1210625,31730
65,1210625,19480
66,1000000,57450
67,1210625,10020
68,1210625,13120
69,1210625,30120
70,1210625,19550
71,1210625,12520
72,1210625,26020
73,1210625,17040
74,1210625,37040
75,1210625,33350
76,1210625,37470
77,1210625,19500
78,1210625,27620
79,1000000,57510
80,1210625,38000
81,1000000,107390
82,1210625,13950
83,1210625,37090
84,1000000,50920
85,1210625,37430
86,1210625,28860
87,1210625,23400
88,1210625,34980
89,1210625,10990
90,1000000,67220
91,1000000,51680
92,1210625,36320
93,1210625,22980
94,1210625,16930
95,1210625,13860
96,1210625,38950
97,1210625,28090
98,1210625,22740
99,1210625,35440
100,1210625,20150
101,1210625,16710
102,1000000,102560
103,1000000,43910
104,1000000,44670
105,1000000,77800
106,1000000,60480
107,1210625,23050
108,1000000,45540
109,1210625,35420
110,1000000,86160
111,1000000,49040
112,1000000,41380
113,1210625,36640
114,1000000,46590
115,1000000,78500
116,1000000,85860
117,1210625,15000
118,1210625,36780
119,1000000,50220
120,1000000,43440
121,1210625,8910
122,1000000,71910
123,1210625,39440
124,1210625,36390
125,1000000,80570
126,1210625,27270
127,1000000,53810
128,1000000,42890
129,1000000,81220
130,1210625,11230
131,1000000,44160
132,1210625,25320
133,1210625,19330
134,1000000,67150
135,1210625,19900
136,1210625,33090
137,1210625,20790
138,1000000,57730
139,1210625,31940
140,1000000,45830
141,1210625,23520
142,1210625,21280
143,1210625,37340
144,1210625,34740
145,1000000,57860
146,1210625,26210
147,1210625,18420
148,1210625,19870
149,1210625,37560
150,1210625,10680
151,1210625,30290
152,1000000,45510
153,1000000,43770
154,1210625,39190
155,1000000,42870
156,1000000,58450
157,1210625,36720
158,1000000,41570
159,1210625,39010
160,1210625,33450
161,1210625,11830
162,1000000,77660
163,1210625,19080
164,1210625,27010
165,1210625,26800
166,1210625,22960
167,1210625,15920
168,1210625,23750
169,1210625,33330
170,1000000,42790
171,1000000,42890
172,1210625,30240
173,1000000,56720
174,1210625,39110
175,1000000,46650
176,1210625,23700
177,1210625,20400
178,1210625,12270
179,1000000,62960
180,1210625,9670
181,1000000,44330
182,1000000,41850
183,1000000,45560
184,1210625,17570
185,1210625,31140
186,1210625,37110
187,1000000,147740
188,1000000,62480
189,1210625,16630
190,1210625,35340
191,1000000,68660
192,1210625,28850
193,5116,1000000
194,1210625,7010
195,1210625,22670
196,1210625,24190
197,1000000,80440
198,1210625,33570
199,1000000,61190
200,1210625,35140
201,1000000,56280
202,1210625,32890
203,1210625,24990
204,1210625,16560
205,1210625,26210
206,1210625,31630
207,1000000,42800
208,1210625,26710
209,1210625,17700
210,1210625,20990
211,1210625,26910
212,1210625,8620
213,1000000,48260
214,1210625,27720
215,1210625,17850
216,1000000,65800
217,1000000,77960
218,1210625,21030
219,1210625,32780
220,1210625,15910
221,1000000,44130
222,1210625,11140
223,1210625,21560
224,1210625,31050
225,1000000,53580
226,1000000,41360
227,1210625,24700
228,1000000,63830
229,1210625,14900
230,1210625,14500
231,1000000,90920
232,1000000,43420
233,1210625,31560
234,1000000,42420
235,1000000,41700
236,1210625,22420
237,1210625,29880
238,1000000,50960
239,1210625,27160
240,1210625,28620
241,1000000,47610
242,1210625,21610
243,1210625,32710
244,1210625,11230
245,1000000,43420
246,1210625,16630
247,1210625,39340
248,1210625,29080
249,1210625,16360
250,1000000,48110
251,1210625,18140
252,1210625,32540
253,1210625,22340
254,1210625,18130
255,1210625,33080
256,1000000,47370
257,1210625,24030
258,1210625,22610
259,1210625,21290
260,1210625,31160
261,1000000,41930
262,1210625,19530
263,1210625,25850
264,1210625,28470
265,1000000,131210
266,1210625,23050
267,1210625,25840
268,1210625,25770
269,1210625,30860
270,1210625,24740
271,1000000,51390
272,1210625,20250
273,1000000,64500
274,1210625,30410
275,1210625,36180
276,1210625,34200
277,1000000,48970
278,1000000,58870
279,1000000,57980
280,1210625,28480
281,1000000,41090
282,1210625,15470
283,1210625,25530
284,1000000,80160
285,1000000,51390
286,1210625,11050
287,1210625,16000
288,1210625,34260
289,1210625,21670
290,1000000,50590
291,1210625,34580
292,1210625,33600
293,1000000,104400
294,1210625,26000
295,1000000,55500
296,1210625,33760
297,1210625,18160
298,1210625,18700
299,1000000,62240
300,1210625,14540
301,1210625,30310
302,1000000,81650
303,1210625,23470
304,1210625,29850
305,1210625,9990
306,1000000,103380
307,1210625,21080
308,1210625,18000
309,1210625,18020
310,1000000,53080
311,1210625,33080
312,1000000,46450
313,1000000,101170
314,1000000,53660
315,1000000,42070
316,1210625,19160
317,1210625,36850
318,1000000,64720
319,1000000,50710
320,1000000,109580
321,1000000,54900
322,1000000,66610
323,1210625,33590
324,1210625,22450
325,1210625,23100
326,1000000,55200
327,1210625,30710
328,1210625,20430
329,1000000,61120
330,1210625,23030
331,1000000,71550
332,1000000,81190
333,1210625,29440
334,1000000,82970
335,1210625,31790
336,1000000,64130
337,1210625,29750
338,1000000,50320
339,1210625,32560
340,1210625,16400
341,1210625,37830
342,1210625,24320
343,1210625,27070
344,1210625,17960
345,1210625,23450
346,1210625,5760
347,1210625,22130
348,1000000,42640
349,1210625,34270
350,1000000,92730
351,1210625,25200
352,1000000,42490
353,1000000,72850
354,1210625,32670
355,1210625,24840
356,1210625,20640
357,1210625,24710
358,1210625,30700
359,1210625,18630
360,1000000,83370
361,1210625,39510
362,1000000,63960
363,1210625,16680
364,1000000,45620
365,1000000,70080
366,1210625,22160
367,1000000,110670
368,1000000,56010
369,1000000,44790
370,1210625,17030
371,1210625,33920
372,1210625,19340
373,1210625,21410
374,1210625,15580
375,1000000,40000
376,1000000,55700
377,1210625,36760
378,1210625,11990
379,1210625,30620
380,1000000,49490
381,1210625,18410
382,1000000,68620
383,1210625,28720
384,1210625,21250
385,1000000,53410
386,1000000,42410
387,1000000,96960
388,1210625,28060
389,1210625,31070
390,1000000,49770
391,1210625,33610
392,1210625,32840
393,1210625,15610
394,1210625,26040
395,1210625,27150
396,1210625,11930
397,1210625,31080
398,1210625,26480
399,1210625,26710
400,1210625,39810
401,1000000,56790
402,1000000,53580
403,1210625,17700
404,1000000,120750
405,1210625,22460
406,1210625,32600
407,1210625,20590
408,1210625,13540
409,1210625,23490
410,1210625,11840
411,1000000,48820
412,1210625,10010
413,1210625,25390
414,1210625,36980
415,1210625,32180
416,1000000,83250
417,1210625,21150
418,1000000,69750
419,1000000,51410
420,1000000,68160
421,1210625,29840
422,1210625,35310
423,1210625,17200
424,1210625,39970
425,1210625,36410
426,1210625,35110
427,1210625,32910
428,1210625,14930
429,1000000,85010
430,1210625,15650
431,1210625,15870
432,1000000,53590
433,1210625,33480
434,1210625,23790
435,1210625,38420
436,1000000,99010
437,1000000,127960
438,1210625,19650
439,1210625,17300
440,1000000,66730
441,1210625,24950
442,1210625,24450
443,1000000,54650
444,1000000,53560
445,1210625,17200
446,1210625,34140
447,1000000,56650
448,1210625,16020
449,1210625,21810
450,1000000,55430
451,1210625,14120
452,1000000,50440
453,1210625,32130
454,1000000,76230
455,1210625,27420
456,1210625,12220
457,1000000,45160
458,1210625,25890
459,1210625,29580
460,1000000,82900
461,1000000,45530
462,1210625,25070
463,1000000,40730
464,1210625,21450
465,1000000,58850
466,1210625,29190
467,1210625,29050
468,1210625,24260
469,1210625,32330
470,1210625,18080
471,1210625,10560
472,1210625,13070
473,1210625,22260
474,1210625,12280
475,1210625,36160
476,1210625,15870
477,1000000,55920
478,1000000,79750
479,1000000,70350
480,1210625,27050
481,1000000,61120
482,1210625,15480
483,1210625,14700
484,1210625,28510
485,1000000,42160
486,1210625,37110
487,1210625,20660
488,1210625,21660
489,1210625,26290
490,1000000,77430
491,1210625,24750
492,1210625,29950
493,1210625,14620
494,1210625,27290
495,1210625,22200
496,1210625,39780
497,1000000,44860
498,1000000,48390
499,1210625,17070
500,1000000,94710
501,1210625,21260
502,1210625,31830
503,1210625,36470
504,1000000,80050
505,1210625,33040
506,1210625,23320
507,1000000,41690
508,1210625,31920
509,1210625,37600
510,1000000,45910
511,1000000,42640
512,1210625,26880
513,1000000,48000
514,1210625,35850
515,1210625,26280
516,1210625,20670
517,1000000,59920
518,1000000,118780
519,1000000,42040
520,1210625,35910
521,1210625,24390
522,1210625,33290
523,1210625,19650
524,1000000,47200
525,1210625,36510
526,1210625,15840
527,1210625,16470
528,1000000,56700
529,1210625,38880
530,1210625,10810
531,1210625,21890
532,1210625,32950
533,1210625,15470
534,1210625,30980
535,1210625,37120
536,1210625,22340
537,1210625,35570
538,1210625,34150
539,1000000,50440
540,1210625,26160
541,1000000,62270
542,1000000,56150
543,1000000,48040
544,1210625,29540
545,1000000,42500
546,1210625,22710
547,1210625,27480
548,1000000,41640
549,1210625,21180
550,1000000,43710
551,1210625,36760
552,1210625,32680
553,1000000,75410
554,1210625,11560
555,1210625,35480
556,1000000,55670
557,1210625,35850
558,1000000,109050
559,1210625,24540
560,1210625,23430
561,1210625,19930
562,1000000,82560
563,1000000,46780
564,1210625,27680
565,1210625,30860
566,1000000,117730
567,1000000,59020
568,1210625,21480
569,1210625,36120
570,1210625,37460
571,1210625,39900
572,1000000,41230
573,1000000,46350
574,1210625,27760
575,1000000,50590
576,1210625,32240
577,1000000,120060
578,1210625,11180
579,1210625,31860
580,1000000,60320
581,1000000,61850
582,1000000,97780
583,1210625,36800
584,1210625,13370
585,1210625,28470
586,1000000,40770
587,1210625,35820
588,1000000,65870
589,1000000,47290
590,1000000,55330
591,1210625,32510
592,1000000,108410
593,1210625,34410
594,1210625,37820
595,1210625,31260
596,1210625,35910
597,1210625,12000
598,1210625,36150
599,1210625,28520
600,1210625,28700
601,1210625,31670
602,1210625,28140
603,1210625,31660
604,1210625,27670
605,1000000,96550
606,1210625,19000
607,1210625,23030
608,1210625,23810
609,1000000,49390
610,1000000,128070
611,1210625,19000
612,1210625,33950
613,1000000,77770
614,1210625,33840
615,1000000,64770
616,1210625,10840
617,1210625,19460
618,1000000,50710
619,1210625,12710
620,1210625,33960
621,1210625,14010
622,1210625,19650
623,1210625,21590
624,1210625,31110
625,1210625,39910
626,1210625,35440
627,1210625,30870
628,1210625,26010
629,1000000,42490
630,1000000,82690
631,1210625,35240
632,1000000,44570
633,1000000,51570
634,1000000,51040
635,1210625,26450
636,1210625,17910
637,1210625,28250
638,1000000,46000
639,1210625,34120
640,1000000,56220
641,1000000,46690
642,1000000,50530
643,1000000,66230
644,1210625,25900
645,1210625,18980
646,1210625,36820
647,1210625,39430
648,1210625,32020
649,1210625,22040
650,1210625,16330
651,1000000,41370
652,1210625,23220
653,1000000,80200
654,1210625,18370
655,1000000,53010
656,1210625,26410
657,1000000,510490
658,1000000,85640
659,1000000,94330
660,1210625,18940
661,1000000,63800
662,1210625,32060
663,1210625,14160
664,1000000,113650
665,1210625,30450
666,1000000,48250
667,1210625,10880
668,1210625,20370
669,1000000,68510
670,1210625,19060
671,1000000,48040
672,1210625,30260
673,1210625,14250
674,1210625,31440
675,1000000,56500
676,1210625,24520
677,1210625,21780
678,1210625,30410
679,1000000,71940
680,1000000,85160
681,1000000,42510
682,1210625,39290
683,1210625,33280
684,1210625,38690
685,1210625,16410
686,1210625,38370
687,1210625,18480
688,1210625,36490
689,1210625,29970
690,1000000,110090
691,1210625,15800
692,1000000,94490
693,1210625,21870
694,1210625,33650
695,1210625,32620
696,1210625,24880
697,1210625,27440
698,1210625,19750
699,1210625,20260
700,1210625,34960
701,1210625,15630
702,1210625,35930
703,1210625,36940
704,1000000,45570
705,1000000,60290
706,1210625,30550
707,1000000,55760
708,1210625,30290
709,1210625,25860
710,1210625,15700
711,1000000,48250
712,1000000,174620
713,1000000,78520
714,1000000,83100
715,1210625,18230
716,1210625,14390
717,1210625,31120
718,1210625,37970
719,1210625,34120
720,1000000,104180
721,1210625,31960
722,1210625,20760
723,1210625,20090
724,1000000,54270
725,1210625,39440
726,1210625,19350
727,1000000,60440
728,1210625,27410
729,1210625,14810
730,1210625,35030
731,1210625,34480
732,1000000,54660
733,1000000,41810
734,1210625,21600
735,5116,1000000
736,1000000,53980
737,1210625,26980
738,1000000,45740
739,1000000,89990
740,1000000,40350
741,1210625,26570
742,1210625,21920
743,1210625,29330
744,1210625,34360
745,1210625,26110
746,1210625,37180
747,1210625,26470
748,1000000,64560
749,1210625,27850
750,1000000,40560
751,1000000,42490
752,1000000,50010
753,1210625,28090
754,1210625,30310
755,1210625,28120
756,1210625,27510
757,1000000,99070
758,1210625,18880
759,1210625,24540
760,1210625,18640
761,1000000,50210
762,1210625,15400
763,1210625,22580
764,5116,1000000
765,1000000,83130
766,1210625,25330
767,1000000,64120
768,1210625,16550
769,1210625,16950
770,1210625,23730
771,1000000,41340
772,1210625,34220
773,1210625,30850
774,1210625,22480
775,1210625,28870
776,1210625,26290
777,1000000,42370
778,1210625,21770
779,1210625,31970
780,1000000,94500
781,1210625,23570
782,1000000,57500
783,1000000,44750
784,1210625,7350
785,1000000,83440
786,1210625,39680
787,1000000,51020
788,1000000,46020
789,1000000,42150
790,1000000,47630
791,1210625,35180
792,1210625,11450
793,1000000,45350
794,1210625,18730
795,1210625,23370
796,1000000,42290
797,1210625,24720
798,1210625,35060
799,1210625,27250
800,1210625,29030
801,1210625,19210
802,1210625,17130
803,1210625,29500
804,1210625,17250
805,1210625,34340
806,1210625,29440
807,1210625,25370
808,1210625,39320
809,1210625,35520
810,1210625,24500
811,1000000,67690
812,1000000,102800
813,1210625,33720
814,1210625,13810
815,1210625,30690
816,1000000,147040
817,1000000,52880
818,1210625,18260
819,1210625,34100
820,1210625,30600
821,1210625,18480
822,1210625,26200
823,1000000,47990
824,1210625,28080
825,1210625,28550
826,1210625,31220
827,1210625,22710
828,1000000,42200
829,1210625,22920
830,1210625,28500
831,1210625,10890
832,1210625,22770
833,1210625,21320
834,1000000,90100
835,1210625,18630
836,1210625,23410
837,1210625,34500
838,1000000,70960
839,1210625,21610
840,1000000,44450
841,1210625,23910
842,1210625,36080
843,1210625,26530
844,1210625,36690
845,1000000,53250
846,1210625,32020
847,1210625,24260
848,1000000,56360
849,1210625,39660
850,1000000,55190
851,1210625,23720
852,1210625,30360
853,1210625,22550
854,1210625,23640
855,1210625,25520
856,1210625,37490
857,1210625,15790
858,1000000,75300
859,1000000,42540
860,1210625,23720
861,1210625,18880
862,1000000,56120
863,1000000,40610
864,1210625,39550
865,1210625,31980
866,1210625,28530
867,1000000,54330
868,1210625,16280
869,1000000,47260
870,1210625,8550
871,1000000,83220
872,1210625,32860
873,1000000,63470
874,1000000,82120
875,1210625,14950
876,1210625,17910
877,1000000,43810
878,1210625,16650
879,1210625,37170
880,1210625,13480
881,1210625,24890
882,1210625,24990
883,1210625,10650
884,1210625,15630
885,1210625,31970
886,1210625,21980
887,1000000,45680
888,1210625,21560
889,1000000,43540
890,1210625,31700
891,1000000,77800
892,1000000,83550
893,1210625,25390
894,1000000,75450
895,1210625,38920
896,1210625,17780
897,1000000,42890
898,1210625,13230
899,1210625,10520
900,1210625,31560
901,1210625,19010
902,1000000,48640
903,1210625,31890
904,1210625,28440
905,1210625,30280
906,1210625,32640
907,1210625,30610
908,1210625,31610
909,1000000,104810
910,1000000,119080
911,1000000,78380
912,1210625,31120
913,1210625,28200
914,1210625,32840
915,1210625,30070
916,1210625,25050
917,1210625,38370
918,1000000,43530
919,1210625,27060
920,1210625,28360
921,1210625,39620
922,1000000,74520
923,1000000,45260
924,1210625,16020
925,1210625,25700
926,1210625,31660
927,1000000,48090
928,1000000,45600
929,1210625,26920
930,1210625,27020
931,1000000,49140
932,1000000,58450
933,1210625,33340
934,1210625,13040
935,1210625,20780
936,1210625,33900
937,1210625,23790
938,1000000,197230
939,1210625,16230
940,1000000,85590
941,1210625,35800
942,1000000,82580
943,1210625,38280
944,1210625,16500
945,1210625,16510
946,1000000,55130
947,1210625,23880
948,1000000,42640
949,1210625,25840
950,1000000,45730
951,1210625,18250
952,1000000,46520
953,1210625,15640
954,1210625,28440
955,1210625,14410
956,1000000,40850
957,1000000,69840
958,1210625,25430
959,1210625,15400
960,1000000,52320
961,1210625,23630
962,1210625,15990
963,1210625,14360
964,1210625,20520
965,1210625,26640
966,1210625,29390
967,1000000,110630
968,1000000,55740
969,1000000,103630
970,1210625,33340
971,1000000,63760
972,1210625,28370
973,1210625,17570
974,1210625,21180
975,1000000,49790
976,1210625,18960
977,1000000,105680
978,1210625,34920
979,1000000,59520
980,1210625,18640
981,1000000,46040
982,1000000,47350
983,1000000,47350
984,1210625,27270
985,1000000,110620
986,1000000,108450
987,1000000,53460
988,1000000,102990
989,1210625,23450
990,1000000,41400
991,1000000,65890
992,1210625,26240
993,1000000,71970
994,1210625,33420
995,1210625,9180
996,1000000,123700
997,1210625,18150
998,1000000,53700
999,1210625,18720
1000,1210625,21510
1001,1210625,28240
1002,1000000,62830
1003,1210625,35850
1004,1210625,10850
1005,1210625,32470
1006,1210625,28380
1007,1000000,65700
1008,1210625,23210
1009,1000000,112080
1010,1210625,25190
1011,1000000,41360
1012,1210625,29900
1013,1000000,71940
1014,1210625,26540
1015,1210625,10340
1016,1210625,12680
1017,1210625,17830
1018,1210625,34920
1019,1000000,45840
1020,1210625,33170
1021,1000000,51070
1022,1000000,48220
1023,1210625,25550
1024,1210625,27990
1025,1210625,32170
1026,1210625,38420
1027,1210625,28000
1028,1210625,25240
1029,1210625,8900
1030,1210625,39530
1031,1210625,20430
1032,1210625,37480
1033,1210625,24280
1034,1210625,30650
1035,1000000,69640
1036,1210625,13030
1037,1210625,18470
1038,1210625,36950
1039,1210625,38000
1040,1000000,56760
1041,1000000,41780
1042,1000000,66800
1043,1210625,19200
1044,1000000,46740
1045,1210625,23730
1046,1210625,32830
1047,1210625,35690
1048,1000000,147140
1049,1210625,18430
1050,1210625,19890
1051,1210625,28190
1052,1210625,19060
1053,1210625,13240
1054,1000000,42830
1055,1000000,50030
1056,1210625,30400
1057,1000000,75990
1058,1210625,21610
1059,1210625,12950
1060,1210625,17130
1061,1210625,29100
1062,1210625,20800
1063,1210625,36680
1064,1210625,33280
1065,1210625,25790
1066,1000000,49040
1067,1000000,41290
1068,1000000,54750
1069,1210625,22090
1070,1210625,16190
1071,1000000,87580
1072,1000000,81580
1073,1210625,19790
1074,1210625,37470
1075,1210625,36910
1076,1000000,51960
1077,1210625,12520
1078,1000000,44310
1079,1000000,94110
1080,1210625,12940
1081,1210625,23330
1082,1210625,14320
1083,1210625,31950
1084,1000000,68570
1085,1000000,72010
1086,1210625,20770
1087,1210625,22690
1088,1000000,174500
1089,1210625,36160
1090,1000000,46370
1091,1000000,60120
1092,1000000,48210
1093,1000000,70490
1094,1000000,40780
1095,1000000,58920
1096,1210625,27350
1097,1000000,88040
1098,1210625,31040
1099,1000000,51910
1100,1210625,32170
1101,1210625,16000
1102,1000000,45040
1103,1210625,24170
1104,1210625,38930
1105,1210625,24320
1106,1210625,33570
1107,1210625,20750
1108,1210625,29550
1109,1210625,25120
1110,1210625,16060
1111,1210625,17860
1112,1210625,27900
1113,1000000,72280
1114,1210625,17660
1115,1210625,13770
1116,1210625,39760
1117,1210625,21940
1118,1210625,23050
1119,1210625,25320
1120,1210625,21600
1121,1210625,26150
1122,1210625,27940
1123,1000000,56760
1124,1210625,38710
1125,1210625,30110
1126,1000000,76710
1127,1210625,29610
1128,1000000,48840
1129,1210625,25650
1130,1210625,37670
1131,1210625,12340
1132,1000000,42720
1133,1210625,12350
1134,1000000,53690
1135,1210625,14890
1136,1210625,21030
1137,1210625,19790
1138,1210625,26760
1139,1210625,30240
1140,1000000,44140
1141,1000000,61400
1142,1000000,49080
1143,1210625,36800
1144,1000000,61320
1145,1000000,53680
1146,1000000,56440
1147,1210625,24910
1148,1210625,38430
1149,1210625,13070
1150,1000000,64930
1151,1210625,38910
1152,1210625,20840
1153,1000000,56120
1154,1000000,54450
1155,1000000,42780
1156,1210625,8540
1157,1210625,27870
1158,1000000,63590
1159,1210625,7340
1160,1210625,26280
1161,1210625,37240
1162,1210625,31740
1163,1210625,37860
1164,1210625,16160
1165,1000000,52830
1166,1210625,29200
1167,1210625,14870
1168,1210625,19810
1169,1000000,69310
1170,1210625,18580
1171,1210625,33750
1172,1000000,66970
1173,1210625,34030
1174,1210625,26450
1175,1210625,13960
1176,1210625,27930
1177,1000000,77650
1178,1000000,48300
1179,1210625,19850
1180,1210625,25090
1181,1000000,78260
1182,1210625,35270
1183,1000000,53010
1184,1210625,23980
1185,1210625,25890
1186,1210625,16110
1187,1210625,24820
1188,1210625,27070
1189,1210625,34400
1190,1210625,26430
1191,1000000,49850
1192,1210625,24910
1193,1210625,22070
1194,1210625,18320
1195,1210625,28780
1196,1210625,21630
1197,1210625,22980
1198,1210625,25040
1199,1210625,13190
1200,1210625,23540
1201,1000000,145540
1202,1000000,54920
1203,1210625,21740
1204,1000000,82000
1205,1210625,21590
1206,1000000,73510
1207,1000000,66890
1208,1000000,207740
1209,1210625,25860
1210,1000000,52640
1211,1210625,24710
1212,1000000,181890
1213,1210625,13510
1214,1210625,30710
1215,1210625,39760
1216,1000000,53730
1217,1210625,39150
1218,1210625,35140
1219,1000000,59460
1220,1000000,41490
1221,1210625,13140
1222,1210625,23750
1223,1210625,20640
1224,1210625,39530
1225,1000000,43700
1226,1210625,35100
1227,1210625,13140
1228,1210625,16050
1229,1210625,37920
1230,1000000,47380
1231,1000000,53110
1232,1000000,58990
1233,1210625,39430
1234,1210625,19530
1235,1000000,47880
1236,1210625,31740
1237,1210625,39290
1238,1210625,11420
1239,1000000,61070
1240,1210625,21980
1241,1000000,177840
1242,1210625,38770
1243,1210625,22520
1244,1000000,69570
1245,1000000,52070
1246,1210625,29190
1247,1210625,19660
1248,1000000,76310
1249,1210625,30980
1250,1000000,48580
1251,1000000,47180
1252,1210625,9070
1253,1210625,19220
1254,1000000,50480
1255,1000000,64030
1256,1000000,55170
1257,1210625,29850
1258,1210625,37340
1259,1210625,39740
1260,1210625,21570
1261,1210625,14660
1262,1210625,13490
1263,1210625,16420
1264,1210625,19720
1265,1000000,40830
1266,1000000,59050
1267,1210625,22430
1268,1210625,11950
1269,1210625,21080
1270,1210625,19180
1271,1210625,14520
1272,1210625,18810
1273,1000000,111890
1274,1000000,116350
1275,1000000,82930
1276,1000000,58650
1277,1210625,7970
1278,1210625,26520
1279,1210625,16500
1280,1000000,56610
1281,1210625,23660
1282,1210625,22180
1283,1210625,36210
1284,1210625,27660
1285,1210625,30370
1286,1210625,22420
1287,1210625,14810
1288,1210625,23870
1289,1000000,41470
1290,1000000,47650
1291,1210625,29600
1292,1210625,27260
1293,1210625,31520
1294,1210625,22050
1295,1210625,33920
1296,1210625,36750
1297,1210625,19490
1298,1210625,38320
1299,1210625,30230
1300,1210625,16890
1301,1210625,27610
1302,1000000,102870
1303,1210625,15700
1304,1000000,48590
1305,1000000,46920
1306,1210625,38340
1307,1210625,30440
1308,1210625,27750
1309,1000000,40480
1310,1210625,10020
1311,1210625,34240
1312,1210625,15910
1313,1000000,42510
1314,1210625,15480
1315,1000000,75460
1316,1000000,54370
1317,1000000,48830
1318,1210625,34530
1319,1210625,18960
1320,1210625,4060
1321,1210625,16450
1322,1210625,30110
1323,1210625,17460
1324,1210625,30030
1325,1210625,15000
1326,1210625,18170
1327,1000000,49220
1328,1210625,38850
1329,1210625,21490
1330,1000000,42350
1331,1000000,45400
1332,1210625,37370
1333,1210625,20450
1334,1210625,30340
1335,1210625,37210
1336,1210625,33230
1337,1210625,35190
1338,1000000,54270
1339,1210625,17340
1340,1000000,48770
1341,1000000,42380
1342,1000000,43780
1343,1210625,20330
1344,1210625,34690
1345,1000000,42320
1346,1210625,24840
1347,1210625,29010
1348,1000000,68470
1349,1210625,30700
1350,1210625,25450
1351,1000000,54040
1352,1210625,11140
1353,1210625,30140
1354,1000000,80900
1355,1000000,78790
1356,1210625,24320
1357,1000000,70170
1358,1210625,31790
1359,1210625,4790
1360,1210625,24740
1361,1000000,85330
1362,1210625,17530
1363,1210625,26480
1364,1000000,51090
1365,1000000,58340
1366,1000000,56050
1367,1000000,41060
1368,1210625,29600
1369,1000000,46990
1370,1210625,14290
1371,1210625,38850
1372,1210625,25090
1373,1000000,66040
1374,1000000,41360
1375,1000000,51420
1376,1000000,67530
1377,1210625,29160
1378,1210625,37470
1379,1210625,8900
1380,1210625,20370
1381,1210625,32260
1382,1000000,108160
1383,1210625,25000
1384,1000000,55580
1385,1210625,29460
1386,1210625,24160
1387,1000000,53130
1388,1000000,43160
1389,1210625,35890
1390,1000000,40310
1391,1210625,29060
1392,1210625,36250
1393,1210625,28910
1394,1000000,76480
1395,1210625,25300
1396,1210625,29280
1397,1210625,38350
1398,1000000,44120
1399,1210625,39540
1400,1210625,19720
1401,1210625,11560
1402,1210625,37000
1403,1210625,19770
1404,1210625,35400
1405,1000000,87910
1406,1000000,41120
1407,1210625,28620
1408,1210625,29060
1409,1210625,19660
1410,1210625,32700
1411,1210625,30250
1412,1210625,28200
1413,1000000,44620
1414,1210625,39560
1415,1000000,43130
1416,1210625,19370
1417,1000000,58270
1418,1000000,40190
1419,1210625,24140
1420,1210625,21350
1421,1000000,92840
1422,1210625,28750
1423,1000000,49510
1424,1210625,16600
1425,1000000,43060
1426,1210625,30060
1427,1210625,27680
1428,1210625,10200
1429,1210625,26180
1430,1000000,77530
1431,1210625,23830
1432,1000000,87340
1433,1210625,16040
1434,1000000,50410
1435,1000000,60070
1436,1210625,28120
1437,1210625,39740
1438,1210625,28880
1439,1210625,33570
1440,1000000,79530
1441,1000000,55700
1442,1210625,35870
1443,1210625,22840
1444,1210625,29910
1445,1210625,16510
1446,1210625,39160
1447,1210625,23110
1448,1210625,25830
1449,1210625,38060
1450,1000000,58470
1451,1210625,21720
1452,1210625,35090
1453,1210625,30550
1454,1210625,29880
1455,1000000,62930
1456,1210625,24360
1457,1210625,22960
1458,1210625,10050
1459,1000000,48070
1460,1210625,31290
1461,1000000,94400
1462,1000000,50800
1463,1000000,48310
1464,1210625,36290
1465,1000000,41200
1466,1000000,42940
1467,1210625,30340
1468,1210625,39550
1469,1210625,14300
1470,1000000,46450
1471,1210625,33530
1472,1210625,14840
1473,1000000,87770
1474,1210625,35520
1475,1210625,13390
1476,1000000,193540
1477,1210625,18380
1478,1210625,28310
1479,1210625,20040
1480,1210625,17890
1481,1210625,16600
1482,1210625,9660
1483,1210625,17330
1484,1000000,40530
1485,1000000,60370
1486,1210625,24140
1487,1000000,49670
1488,1000000,42530
1489,1000000,44130
1490,1000000,85260
1491,1210625,28930
1492,1210625,35840
1493,1210625,28000
1494,1210625,37260
1495,1210625,24040
1496,1210625,25520
1497,1210625,29620
1498,1210625,28550
1499,1210625,11030
1500,1210625,24970
1501,1210625,23350
1502,1000000,45450
1503,1210625,23600
1504,1000000,73220
1505,1000000,40400
1506,1210625,20060
1507,1210625,12050
1508,1000000,42480
1509,1210625,33890
1510,1210625,30140
1511,1000000,43760
1512,1000000,55970
1513,1210625,23920
1514,1000000,79560
1515,1000000,61270
1516,1000000,63040
1517,1210625,22290
1518,1000000,151990
1519,1210625,34800
1520,1210625,23020
1521,1000000,53300
1522,1000000,103630
1523,1210625,28590
1524,1000000,48920
1525,1210625,27340
1526,1210625,23050
1527,1210625,33850
1528,1210625,12960
1529,1000000,68070
1530,1210625,9840
1531,1210625,37640
1532,1000000,70750
1533,1210625,9930
1534,1210625,29190
1535,1210625,27590
1536,1000000,58070
1537,1000000,98990
1538,1000000,70750
1539,1210625,35600
1540,1210625,10460
1541,1210625,15980
1542,1000000,47050
1543,1000000,55860
1544,1210625,15480
1545,1210625,29270
1546,1210625,9710
1547,1210625,36140
1548,1210625,36690
1549,1000000,53840
1550,1210625,18940
1551,1210625,34500
1552,1210625,18890
1553,1210625,35760
1554,1210625,39950
1555,1210625,24780
1556,1210625,20010
1557,1210625,20470
1558,1210625,19800
1559,1210625,19560
1560,1000000,76840
1561,1000000,62810
1562,1000000,44960
1563,1210625,30690
1564,1000000,48020
1565,1210625,24170
1566,1000000,111720
1567,1210625,32460
1568,1210625,34440
1569,1000000,83720
1570,1210625,21840
1571,1000000,73060
1572,1210625,25010
1573,1000000,43210
1574,1210625,24360
1575,1000000,52960
1576,1210625,37230
1577,1000000,44780
1578,1210625,26420
1579,1000000,52570
1580,1210625,37940
1581,1210625,35430
1582,1000000,258590
1583,1210625,14960
1584,1210625,29420
1585,1000000,45970
1586,1210625,31560
1587,1000000,44360
1588,1210625,11820
1589,1210625,19960
1590,1210625,20390
1591,1210625,27070
1592,1210625,26710
1593,1210625,19150
1594,1000000,69060
1595,1210625,25090
1596,1210625,28040
1597,1210625,24710
1598,1000000,101930
1599,1000000,50880
1600,1210625,24010
1601,1000000,59140
1602,1210625,30740
1603,1210625,25370
1604,1000000,47300
1605,1000000,57930
1606,1210625,30780
1607,1210625,20690
1608,1210625,17930
1609,1210625,27310
1610,1210625,26370
1611,1000000,92860
1612,1210625,21150
1613,1210625,37750
1614,1210625,24100
1615,1210625,22110
1616,1000000,68550
1617,1000000,56230
1618,1210625,27350
1619,1210625,13970
1620,1000000,51110
1621,1000000,47790
1622,1210625,24210
1623,1210625,19570
1624,1000000,52460
1625,1210625,25780
1626,1210625,14580
1627,1000000,99310
1628,1210625,29170
1629,1000000,46930
1630,1210625,18140
1631,1000000,46760
1632,1000000,50640
1633,1210625,38470
1634,1000000,41670
1635,1210625,37460
1636,1210625,20470
1637,1000000,56950
1638,1210625,16410
1639,1000000,58150
1640,1210625,18460
1641,1210625,30010
1642,1210625,33840
1643,1210625,17350
1644,1000000,82580
1645,1000000,55650
1646,1210625,22950
1647,1210625,24750
1648,1210625,25600
1649,1000000,50920
1650,1210625,23750
1651,1000000,74270
1652,1210625,35550
1653,1210625,9910
1654,1210625,21740
1655,1210625,20170
1656,1210625,37060
1657,1210625,20650
1658,1210625,12430
1659,1000000,62060
1660,1000000,46860
1661,1000000,73380
1662,1000000,40230
1663,1210625,16550
1664,1210625,28630
1665,1000000,49840
1666,1000000,42130
1667,1210625,33660
1668,1000000,51870
1669,1000000,77710
1670,1210625,24640
1671,1210625,13460
1672,1000000,59910
1673,1000000,50600
1674,1000000,96070
1675,1210625,32340
1676,1000000,43820
1677,1210625,38520
1678,1210625,22020
1679,1000000,70060
1680,1000000,103050
1681,1210625,22520
1682,1210625,18260
1683,1210625,34010
1684,1210625,11020
1685,1000000,42510
1686,1210625,19890
1687,1210625,31850
1688,1210625,27830
1689,1000000,45790
1690,1210625,15840
1691,1000000,105800
1692,1000000,47460
1693,1210625,28310
1694,1210625,21610
1695,1000000,60070
1696,1210625,22640
1697,1000000,53330
1698,1000000,52990
1699,1210625,33220
1700,1210625,14970
1701,1000000,46060
1702,1210625,36800
1703,1000000,95490
1704,1210625,13510
1705,1210625,36630
1706,1210625,21740
1707,1210625,23190
1708,1210625,32710
1709,1000000,45450
1710,1210625,28250
1711,1210625,39330
1712,1000000,66690
1713,1210625,30440
1714,1210625,25360
1715,1210625,23550
1716,1210625,22340
1717,1000000,121820
1718,1210625,28740
1719,5116,1000000
1720,1000000,50180
1721,1210625,24110
1722,1210625,12040
1723,1210625,26670
1724,1210625,29400
1725,1210625,34180
1726,1000000,41400
1727,1210625,36580
1728,1210625,18010
1729,1000000,128950
1730,1210625,30700
1731,1000000,49090
1732,1000000,42310
1733,1000000,48760
1734,1210625,35840
1735,1210625,24800
1736,1000000,86920
1737,1210625,35410
1738,1210625,26440
1739,1210625,17220
1740,1000000,45800
1741,1210625,18310
1742,1210625,20130
1743,1000000,91810
1744,1000000,121100
1745,1000000,60570
1746,1210625,36250
1747,1000000,44240
1748,1000000,72540
1749,1210625,15010
1750,1210625,22640
1751,1000000,45000
1752,1210625,13290
1753,1000000,57280
1754,1000000,48020
1755,1210625,24980
1756,1000000,101710
1757,1000000,47040
1758,1210625,19560
1759,1210625,18980
1760,1000000,60520
1761,1000000,66120
1762,1210625,22970
1763,1210625,11450
1764,1210625,28350
1765,1000000,74960
1766,1210625,28090
1767,1210625,29700
1768,1000000,87540
1769,1000000,44290
1770,1210625,14780
1771,1210625,3610
1772,1000000,66660
1773,1210625,24000
1774,1210625,33350
1775,1000000,45110
1776,1210625,37120
1777,1000000,58030
1778,1000000,570140
1779,1000000,97290
1780,1210625,33670
1781,1000000,69120
1782,1000000,80220
1783,1210625,11320
1784,1210625,10540
1785,1000000,62880
1786,1000000,44940
1787,1210625,28900
1788,1000000,93020
1789,1210625,34600
1790,1210625,34610
1791,1000000,89090
1792,1000000,40030
1793,1000000,101280
1794,5116,1000000
1795,1210625,24030
1796,1210625,17100
1797,5116,1000000
1798,1210625,33270
1799,1000000,49460
1800,1210625,14070
1801,1000000,99320
1802,1210625,9260
1803,1210625,20660
1804,1210625,26960
1805,1000000,45100
1806,1210625,30070
1807,1210625,21980
1808,1000000,100430
1809,1000000,65300
1810,1210625,19660
1811,1000000,48760
1812,1000000,48230
1813,1000000,40570
1814,1210625,32890
1815,1210625,10350
1816,1210625,32710
1817,1210625,28080
1818,1210625,27580
1819,1000000,62420
1820,1210625,39250
1821,1210625,28700
1822,1210625,35830
1823,1210625,31400
1824,1000000,40460
1825,1000000,81680
1826,1210625,37110
1827,1210625,16670
1828,1210625,39300
1829,1210625,35220
1830,1210625,30940
1831,1210625,29610
1832,1210625,21090
1833,1210625,28340
1834,1210625,14270
1835,1210625,22050
1836,1210625,19090
1837,1000000,58970
1838,1000000,51300
1839,1210625,21450
1840,1000000,45810
1841,1000000,74320
1842,1000000,46250
1843,1000000,121340
1844,1000000,64100
1845,1210625,37000
1846,1000000,40050
1847,1210625,24010
1848,1210625,30510
1849,1210625,25160
1850,1210625,27790
1851,1210625,21490
1852,1000000,75090
1853,1000000,50530
1854,1000000,97260
1855,1210625,25930
1856,1210625,28680
1857,1210625,23320
1858,1000000,41300
1859,1210625,31370
1860,1210625,27830
1861,1210625,24550
1862,1210625,38410
1863,1000000,44940
1864,1000000,51740
1865,1000000,40130
1866,1000000,43680
1867,1210625,21050
1868,1000000,65220
1869,1000000,62520
1870,1210625,24910
1871,1000000,70740
1872,1210625,36890
1873,1000000,42940
1874,1000000,104970
1875,1210625,35620
1876,1210625,24850
1877,1210625,15130
1878,1210625,38040
1879,1210625,33940
1880,1000000,91130
1881,1000000,65050
1882,1000000,53390
1883,1210625,31810
1884,1210625,11640
1885,1210625,14780
1886,1210625,20160
1887,1000000,58200
1888,1210625,33630
1889,1210625,18790
1890,1000000,151960
1891,1000000,61230
1892,1210625,11190
1893,1210625,26430
1894,1000000,90090
1895,1210625,14390
1896,1210625,24310
1897,1210625,34190
1898,1210625,31630
1899,1000000,121710
1900,1210625,10070
1901,1210625,36490
1902,1210625,21880
1903,1210625,15140
1904,1210625,10470
1905,1210625,24930
1906,1000000,85370
1907,1210625,7620
1908,1000000,57670
1909,1210625,34020
1910,1210625,18040
1911,1210625,15410
1912,1210625,23520
1913,1210625,31940
1914,1210625,31100
1915,1210625,26890
1916,1210625,20660
1917,1210625,27060
1918,1210625,17610
1919,1210625,20030
1920,1210625,11210
1921,1210625,27620
1922,1000000,58180
1923,1210625,39430
1924,1210625,27180
1925,1000000,60870
1926,1210625,20830
1927,1210625,17000
1928,1000000,233880
1929,1210625,37650
1930,1210625,11500
1931,1210625,14580
1932,1000000,95500
1933,1210625,14860
1934,1210625,22690
1935,1000000,51050
1936,1210625,21520
1937,1210625,14900
1938,1210625,24590
1939,1000000,144450
1940,1210625,6230
1941,1000000,129400
1942,1210625,21430
1943,1000000,128270
1944,1210625,31810
1945,1000000,52200
1946,1000000,70920
1947,1210625,34490
1948,1210625,39880
1949,1210625,21860
1950,1210625,17720
1951,1210625,21520
1952,1210625,25730
1953,1210625,22500
1954,1210625,11280
1955,1210625,28030
1956,1000000,62380
1957,1000000,51200
1958,1000000,41020
1959,1210625,32320
1960,1210625,19430
1961,1210625,20270
1962,1000000,59440
1963,1210625,37510
1964,1210625,37590
1965,1000000,65570
1966,1210625,23250
1967,1210625,23250
1968,1210625,24140
1969,1210625,27720
1970,1000000,124560
1971,1000000,40230
1972,1210625,29840
1973,1210625,8550
1974,1210625,38660
1975,1000000,190820
1976,1210625,19060
1977,1210625,16810
1978,1000000,61240
1979,1000000,117290
1980,1210625,34380
1981,1210625,31210
1982,1210625,16640
1983,1000000,41760
1984,1000000,42460
1985,1210625,39440
1986,1210625,17570
1987,1210625,22310
1988,1000000,62480
1989,1210625,25150
1990,1000000,49920
1991,1000000,40190
1992,1210625,20030
1993,1000000,50900
1994,1210625,10520
1995,1210625,11490
1996,1000000,71390
1997,1000000,45890
1998,1000000,135770
1999,1000000,59150
2000,1000000,42270
2001,1210625,37340
2002,1210625,17780
2003,1210625,36470
2004,1210625,19930
2005,1000000,91390
2006,1210625,23650
2007,1210625,34300
2008,1000000,51170
2009,1000000,53640
2010,1210625,20830
2011,1210625,23410
2012,1000000,43810
2013,1210625,31370
2014,1210625,37240
2015,1210625,24570
2016,1210625,12110
2017,1000000,80150
2018,1210625,26120
2019,1210625,23090
2020,1210625,17210
2021,1210625,19490
2022,1210625,36140
2023,1210625,25030
2024,1000000,66090
2025,1000000,49260
2026,1000000,51220
2027,1000000,45930
2028,1210625,23070
2029,1210625,30160
2030,1210625,36400
2031,1210625,37020
2032,1210625,11900
2033,1000000,90220
2034,1210625,13180
2035,1210625,18380
2036,1210625,38990
2037,1210625,26630
2038,1210625,17380
2039,1210625,28530
2040,1210625,33700
2041,1210625,24880
2042,1210625,16730
2043,1000000,59330
2044,1000000,93000
2045,1210625,32700
2046,1210625,29990
2047,1000000,51530
2048,1210625,24390
2049,1210625,30890
2050,1000000,41710
2051,1210625,34930
2052,1210625,26940
2053,1000000,40800
2054,1210625,30000
2055,1210625,28050
2056,1210625,22940
2057,1000000,48780
2058,1210625,38590
2059,1210625,24750
2060,1210625,20920
2061,1210625,26210
2062,1210625,22340
2063,1210625,27190
2064,1210625,20300
2065,1210625,31500
2066,1210625,25890
2067,1000000,61450
2068,1000000,41390
2069,1210625,15400
2070,1210625,8110
2071,1210625,14040
2072,1000000,70070
2073,1210625,22000
2074,1000000,97160
2075,1210625,35310
2076,1210625,27050
2077,1210625,24370
2078,1210625,29520
2079,1210625,25280
2080,1000000,51740
2081,1210625,19010
2082,1210625,34460
2083,1210625,31730
2084,1000000,84310
2085,1210625,10050
2086,1210625,26640
2087,1210625,25900
2088,1000000,43270
2089,1000000,41280
2090,1000000,49860
2091,1210625,29760
2092,1210625,35460
2093,1210625,33010
2094,1210625,38020
2095,1000000,48710
2096,1210625,33080
2097,1210625,15560
2098,1000000,45500
2099,1210625,21640
2100,1210625,11250
2101,1210625,28020
2102,1210625,14020
2103,1210625,21800
2104,1210625,7400
2105,1210625,32290
2106,1000000,62010
2107,1210625,20050
2108,1210625,30860
2109,1000000,54490
2110,1210625,22900
2111,1210625,24650
2112,1000000,53330
2113,1000000,47030
2114,1000000,52040
2115,1000000,52150
2116,1000000,46070
2117,1210625,19810
2118,1000000,64820
2119,1000000,55630
2120,1000000,41540
2121,1210625,7550
2122,1000000,46950
2123,1210625,19530
2124,1210625,39860
2125,1210625,26030
2126,1000000,64910
2127,1210625,25050
2128,1210625,21750
2129,1210625,18720
2130,1210625,17350
2131,1210625,29080
2132,1210625,33610
2133,1210625,23890
2134,1210625,18550
2135,1210625,27350
2136,1210625,36360
2137,1000000,40840
2138,1000000,117310
2139,1000000,107600
2140,1210625,18840
2141,1000000,55520
2142,1000000,48860
2143,1210625,7340
2144,1000000,41720
2145,1210625,35960
2146,1000000,47450
2147,1210625,15630
2148,1210625,9940
2149,1000000,74740
2150,1000000,76910
2151,1210625,34800
2152,1000000,92630
2153,1210625,31190
2154,1000000,44940
2155,1000000,85370
2156,1210625,16190
2157,1210625,31600
2158,1210625,26740
2159,1210625,20440
2160,1000000,76550
2161,1000000,49330
2162,1000000,49910
2163,1210625,33140
2164,1210625,17200
2165,1210625,24030
2166,1000000,44420
2167,1210625,26780
2168,1210625,21560
2169,1000000,42220
2170,1000000,40970
2171,1210625,38120
2172,1000000,43430
2173,1210625,22550
2174,1000000,97920
2175,1210625,28030
2176,1000000,88190
2177,1210625,39490
2178,1000000,43530
2179,1210625,36410
2180,1210625,36740
2181,1210625,30820
2182,1000000,50970
2183,1000000,55290
2184,1210625,29660
2185,1000000,87070
2186,1000000,70460
2187,1210625,30010
2188,1210625,24840
2189,1000000,57630
2190,1210625,29880
2191,1000000,40430
2192,1210625,30820
2193,1210625,19600
2194,1000000,60990
2195,1000000,118160
2196,1000000,61780
2197,1210625,35980
2198,1210625,34310
2199,1210625,34390
2200,1210625,32640
2201,1210625,31870
2202,1210625,11920
2203,1000000,86890
2204,1210625,23770
2205,1210625,34380
2206,1000000,45560
2207,1000000,97340
2208,1000000,52170
2209,1210625,21250
2210,1210625,17690
2211,1000000,40030
2212,1210625,32170
2213,1210625,21830
2214,1000000,85480
2215,1000000,43740
2216,1210625,22900
2217,1000000,43500
2218,1210625,36230
2219,1210625,24330
2220,1000000,114310
2221,1000000,42590
2222,1000000,69550
2223,1210625,33340
2224,1000000,54130
2225,1000000,158720
2226,1210625,20020
2227,1210625,17620
2228,1000000,60570
2229,1210625,16350
2230,1210625,31500
2231,1000000,41210
2232,1210625,21550
2233,1210625,38470
2234,1000000,52990
2235,1210625,30680
2236,1000000,60700
2237,1000000,87220
2238,1210625,25090
2239,1000000,113320
2240,1210625,33720
2241,1000000,63620
2242,1210625,29360
2243,1210625,33300
2244,1210625,20960
2245,1210625,25500
2246,1210625,19740
2247,1210625,28290
2248,1210625,33520
2249,1210625,10920
2250,1210625,33490
2251,1210625,25810
2252,1210625,30040
2253,1210625,38180
2254,1210625,17560
2255,1210625,14560
2256,1210625,28630
2257,5116,1000000
2258,1210625,9360
2259,1000000,55790
2260,1000000,75370
2261,1000000,64350
2262,1000000,41300
2263,5116,1000000
2264,1210625,33000
2265,1000000,44930
2266,1210625,21730
2267,1210625,9380
2268,1000000,42240
2269,1210625,16830
2270,1210625,16110
2271,1210625,25410
2272,1210625,31260
2273,1210625,19830
2274,1000000,42230
2275,1210625,30850
2276,1210625,25970
2277,1210625,39400
2278,1210625,32280
2279,1210625,27040
2280,1210625,23940
2281,1210625,16640
2282,1210625,23980
2283,1210625,16980
2284,1000000,57120
2285,1000000,48560
2286,1000000,76350
2287,1210625,24880
2288,1210625,26160
2289,1000000,61750
2290,1210625,27590
2291,1210625,20820
2292,1210625,28190
2293,1000000,51340
2294,1210625,17350
2295,1210625,26000
2296,1000000,51160
2297,1210625,26670
2298,1210625,33940
2299,1210625,16670
2300,1000000,45890
2301,1210625,20640
2302,1210625,17050
2303,1210625,14380
2304,1210625,23240
2305,1000000,48970
2306,1210625,35240
2307,1210625,23650
2308,1000000,80010
2309,1000000,69560
2310,1000000,74100
2311,1210625,22460
2312,1000000,57200
2313,1210625,38570
2314,1210625,25530
2315,1210625,25100
2316,1210625,25080
2317,1210625,27720
2318,1210625,26560
2319,1210625,32120
2320,1210625,19060
2321,1210625,27550
2322,1210625,33210
2323,1210625,30030
2324,1000000,81480
2325,1210625,38760
2326,1210625,34380
2327,1210625,31430
2328,1210625,35670
2329,1210625,23790
2330,1210625,30660
2331,1210625,23270
2332,5116,1000000
2333,1210625,29750
2334,1210625,24270
2335,1210625,13480
2336,1210625,32550
2337,1000000,58150
2338,1210625,23370
2339,1210625,20010
2340,1210625,14220
2341,1210625,20950
2342,1210625,32710
2343,1210625,24770
2344,1000000,57810
2345,1210625,26660
2346,1210625,12350
2347,1210625,39200
2348,1000000,60410
2349,1210625,19560
2350,1210625,16560
2351,1210625,32400
2352,1210625,32560
2353,1210625,13700
2354,5116,1000000
2355,1210625,38340
2356,1210625,15200
2357,1000000,55290
2358,1210625,20060
2359,1210625,34400
2360,1210625,31900
2361,1210625,22590
2362,1210625,15470
2363,1210625,21900
2364,1210625,26420
2365,1210625,34740
2366,1000000,110820
2367,1210625,38940
2368,1210625,36610
2369,1210625,15880
2370,1000000,50650
2371,1210625,36560
2372,1210625,21660
2373,1000000,57820
2374,1210625,14290
2375,1210625,27210
2376,1000000,66300
2377,1210625,22650
2378,1210625,12550
2379,1000000,113750
2380,1210625,23740
2381,1000000,42490
2382,1000000,43670
2383,1210625,27110
2384,1210625,39710
2385,1210625,9080
2386,1210625,18700
2387,1210625,26160
2388,1000000,48170
2389,1210625,22570
2390,1210625,38400
2391,1210625,39850
2392,1210625,38920
2393,1000000,49560
2394,1210625,23380
2395,1210625,19120
2396,1210625,16000
2397,1210625,32560
2398,1210625,21510
2399,1000000,42740
2400,1210625,29200
2401,1210625,27170
2402,1000000,91000
2403,1000000,81910
2404,1210625,27200
2405,1000000,85290
2406,1000000,57730
2407,1210625,20940
2408,1210625,33500
2409,1210625,19040
2410,1000000,42080
2411,1210625,25830
2412,1210625,20580
2413,1000000,45310
2414,1000000,47910
2415,1000000,49450
2416,1000000,42230
2417,1000000,152970
2418,1210625,37790
2419,1000000,72110
2420,1000000,41480
2421,1210625,16340
2422,1210625,20820
2423,1210625,23570
2424,1000000,55980
2425,1210625,23210
2426,1000000,62940
2427,1210625,28130
2428,1210625,27190
2429,1000000,50210
2430,1210625,26060
2431,1210625,14380
2432,1000000,41900
2433,1210625,33190
2434,1210625,25660
2435,1000000,101520
2436,1210625,21300
2437,1000000,71380
2438,1210625,13060
2439,1000000,46690
2440,1000000,40130
2441,1000000,40690
2442,1210625,34450
2443,1000000,52150
2444,1210625,36120
2445,1000000,62610
2446,1210625,12020
2447,1000000,43890
2448,1210625,35450
2449,1000000,102280
2450,1000000,189260
2451,1210625,24260
2452,1000000,51890
2453,1210625,21250
2454,1000000,41800
2455,1210625,22440
2456,1000000,68420
2457,1000000,43790
2458,1000000,65000
2459,1210625,23360
2460,1000000,46240
2461,1210625,31490
2462,1210625,37040
2463,1000000,56960
2464,1210625,7070
2465,1210625,19220
2466,1000000,174760
2467,1210625,29840
2468,1210625,10490
2469,1000000,87350
2470,1210625,17280
2471,1000000,40520
2472,1210625,16440
2473,1000000,69030
2474,1210625,35620
2475,1210625,15590
2476,1210625,23800
2477,1210625,31240
2478,1210625,39360
2479,1000000,61630
2480,1210625,15870
2481,1210625,33100
2482,1210625,15640
2483,1000000,45760
2484,1210625,32690
2485,1000000,50100
2486,1210625,15500
2487,1210625,33680
2488,1210625,39750
2489,1000000,51250
2490,1210625,24490
2491,5116,1000000
2492,1210625,35570
2493,1000000,43110
2494,1210625,39690
2495,1210625,26360
2496,1210625,13980
2497,1000000,42480
2498,1210625,21270
2499,1210625,20310
2500,1210625,38560
2501,1000000,47820
2502,1210625,27840
2503,1000000,52900
2504,1210625,23340
2505,1000000,44660
2506,1000000,49620
2507,1210625,17450
2508,1210625,28800
2509,1210625,27470
2510,1000000,227390
2511,1210625,23150
2512,1210625,15730
2513,1210625,20480
2514,1000000,75440
2515,1000000,66420
2516,1000000,48190
2517,1210625,12510
2518,1000000,52290
2519,1210625,36030
2520,1210625,20680
2521,1000000,65980
2522,1000000,60440
2523,1000000,42860
2524,1210625,18240
2525,1210625,21180
2526,1000000,54580
2527,1000000,131840
2528,1000000,43170
2529,1000000,44730
2530,1000000,43050
2531,1000000,44500
2532,1210625,30940
2533,1210625,17180
2534,1210625,28800
2535,1000000,43400
2536,1210625,23960
2537,1210625,19180
2538,1210625,24230
2539,1210625,28830
2540,1000000,40050
2541,1210625,15560
2542,1210625,23680
2543,1210625,33520
2544,1210625,28020
2545,1000000,52750
2546,1210625,17460
2547,1210625,8220
2548,1000000,40620
2549,1210625,29440
2550,1000000,41520
2551,1210625,27390
2552,1210625,11100
2553,1210625,33500
2554,1210625,35930
2555,1210625,36950
2556,1000000,41340
2557,1000000,59610
2558,1210625,28380
2559,1000000,305820
2560,1210625,25110
2561,1210625,26870
2562,1210625,25300
2563,1210625,29830
2564,1000000,81310
2565,1210625,18770
2566,1210625,39110
2567,1210625,23940
2568,1000000,70630
2569,1210625,20390
2570,1210625,23880
2571,1210625,14260
2572,1000000,87050
2573,1210625,38890
2574,1000000,49470
2575,1210625,24750
2576,1210625,9410
2577,1210625,28220
2578,1210625,32490
2579,1210625,24490
2580,1210625,28680
2581,1000000,66510
2582,1210625,12870
2583,1000000,45030
2584,1000000,52450
2585,1210625,30740
2586,1210625,20030
2587,1210625,18400
2588,1210625,33850
2589,1210625,22900
2590,1210625,31000
2591,1000000,50980
2592,1210625,22690
2593,1000000,40460
2594,1210625,31440
2595,1210625,21150
2596,1000000,41910
2597,1210625,11700
2598,1210625,38090
2599,1000000,43200
2600,1210625,16380
2601,1000000,62400
2602,1210625,29010
2603,1000000,45810
2604,1210625,18480
2605,1210625,10530
2606,1000000,74500
2607,1210625,32060
2608,1210625,27170
2609,1210625,25380
2610,1000000,225720
2611,1210625,19920
2612,1000000,44050
2613,1000000,52830
2614,1000000,49710
2615,1000000,40290
2616,1210625,12470
2617,1000000,87310
2618,1000000,103480
2619,1210625,38140
2620,1210625,23200
2621,1210625,33740
2622,1000000,193650
2623,1210625,28410
2624,1210625,23290
2625,1000000,123560
2626,1210625,31640
2627,1210625,15530
2628,1210625,38710
2629,1210625,21030
2630,1210625,20320
2631,5116,1000000
2632,1210625,17730
2633,1000000,87330
2634,1210625,36580
2635,1210625,22570
2636,1210625,12170
2637,1210625,7620
2638,1210625,28850
2639,1210625,16350
2640,1000000,44250
2641,1210625,17240
2642,1000000,57420
2643,1210625,12120
2644,1000000,50320
2645,1000000,75580
2646,1210625,20660
2647,1210625,31820
2648,1000000,47690
2649,1210625,21550
2650,1210625,36930
2651,1210625,37030
2652,1210625,24350
2653,1210625,34520
2654,1000000,56850
2655,1000000,60460
2656,1210625,26470
2657,1210625,27170
2658,1210625,22770
2659,1210625,30170
2660,1210625,5160
2661,1210625,14660
2662,1000000,76120
2663,1210625,9740
2664,1210625,22560
2665,1210625,33070
2666,1210625,28100
2667,1000000,46190
2668,1210625,25660
2669,1210625,21420
2670,1210625,22710
2671,1210625,26250
2672,1000000,62860
2673,1210625,32200
2674,1210625,11020
2675,1210625,20150
2676,1210625,33310
2677,1210625,19560
2678,1000000,43970
2679,1210625,34700
2680,1000000,68970
2681,1210625,13720
2682,1210625,16190
2683,1000000,44880
2684,1000000,115810
2685,1210625,25920
2686,1210625,30540
2687,1210625,17410
2688,1210625,19590
2689,1000000,122050
2690,1210625,30080
2691,1000000,49900
2692,1210625,37910
2693,1210625,31970
2694,1000000,41950
2695,1210625,24250
2696,1210625,11630
2697,1000000,63230
2698,1210625,17160
2699,1210625,34280
2700,1000000,99030
2701,1210625,15330
2702,1000000,75710
2703,1000000,68100
2704,1210625,25700
2705,1000000,84010
2706,1210625,38750
2707,1210625,33330
2708,1000000,80660
2709,1000000,45510
2710,1210625,19900
2711,1000000,42110
2712,1210625,25880
2713,1000000,156670
2714,1000000,48380
2715,1210625,38190
2716,1000000,86000
2717,1000000,59600
2718,1000000,74210
2719,1210625,36160
2720,1210625,21250
2721,1000000,81570
2722,1210625,17950
2723,1000000,46290
2724,1210625,37770
2725,1210625,23670
2726,1000000,82580
2727,1210625,39630
2728,1210625,14760
2729,1210625,39080
2730,1210625,11220
2731,1000000,56320
2732,1210625,19080
2733,1210625,17100
2734,1210625,28780
2735,1210625,16250
2736,1000000,47070
2737,1000000,42960
2738,1000000,74380
2739,1210625,39270
2740,1210625,16520
2741,1000000,55080
2742,1210625,12040
2743,1210625,24400
2744,1210625,26680
2745,1000000,41490
2746,1000000,107810
2747,1210625,37810
2748,1210625,13070
2749,1210625,29120
2750,1210625,23010
2751,1000000,46390
2752,1000000,132540
2753,1000000,69650
2754,1210625,38390
2755,1000000,56570
2756,1000000,52480
2757,1000000,70540
2758,1000000,142750
2759,1210625,28690
2760,1210625,14870
2761,1210625,37470
2762,1000000,47600
2763,1210625,33000
2764,1000000,66530
2765,1000000,84010
2766,1210625,31640
2767,1000000,42150
2768,1000000,43980
2769,1000000,40980
2770,1000000,47060
2771,1000000,92280
2772,1210625,24710
2773,1210625,22120
2774,1000000,56130
2775,1210625,19270
2776,1210625,34230
2777,1000000,70950
2778,1210625,24440
2779,1210625,36590
2780,1000000,122330
2781,1000000,44880
2782,1000000,76440
2783,1000000,42920
2784,1210625,37170
2785,1000000,72970
2786,1000000,66710
2787,1000000,100610
2788,1000000,54840
2789,1000000,41620
2790,1210625,12200
2791,1210625,24740
2792,1210625,34590
2793,1210625,33840
2794,1000000,46100
2795,1000000,46130
2796,1000000,41650
2797,1210625,36450
2798,1210625,37160
2799,1210625,29690
2800,1000000,61900
2801,1210625,33430
2802,1000000,58630
2803,1000000,53670
2804,1210625,37140
2805,1210625,19670
2806,1210625,27820
2807,1210625,21880
2808,1000000,43630
2809,1210625,38770
2810,1210625,30310
2811,1210625,16180
2812,1000000,287560
2813,1210625,35520
2814,1210625,37070
2815,1210625,24110
2816,1000000,59410
2817,1210625,34430
2818,1210625,8800
2819,1210625,19600
2820,1000000,60930
2821,1000000,66710
2822,1210625,37430
2823,1210625,29250
2824,1210625,11860
2825,1000000,51180
2826,1210625,31610
2827,1210625,26270
2828,1000000,67780
2829,1210625,13790
2830,1210625,29350
2831,1210625,36660
2832,1210625,29750
2833,1210625,36470
2834,1210625,34180
2835,1000000,98250
2836,1210625,33920
2837,1000000,123210
2838,1210625,12340
2839,1210625,11770
2840,1000000,45750
2841,1000000,47510
2842,1210625,18600
2843,1210625,24810
2844,1210625,31020
2845,1210625,32510
2846,1210625,30650
2847,1210625,18130
2848,1210625,33930
2849,1210625,32310
2850,1210625,31420
2851,1210625,33680
2852,1210625,20960
2853,1210625,14230
2854,1000000,50410
2855,1000000,63920
2856,1210625,26420
2857,1000000,101250
2858,1210625,37350
2859,1210625,16750
2860,1000000,61730
2861,1000000,43200
2862,1000000,43350
2863,1210625,28790
2864,1210625,6980
2865,1210625,34210
2866,1210625,24690
2867,1210625,25370
2868,1210625,21670
2869,1000000,43080
2870,1210625,32310
2871,1210625,23430
2872,1210625,7880
2873,1210625,17070
2874,1210625,27670
2875,1210625,24010
2876,1210625,12250
2877,1210625,18330
2878,1000000,56120
2879,1000000,85230
2880,1000000,55700
2881,1210625,21270
2882,1210625,14160
2883,1210625,26320
2884,1210625,30250
2885,1210625,16880
2886,1210625,22710
2887,1000000,78800
2888,1210625,9620
2889,1210625,19050
2890,1210625,8700
2891,1210625,26070
2892,1210625,8900
2893,1000000,97470
2894,1210625,13690
2895,1210625,23090
2896,1000000,47590
2897,1210625,27870
2898,1210625,24800
2899,1210625,32910
2900,1000000,45160
2901,1210625,21140
2902,1210625,17940
2903,1000000,81880
2904,1210625,24340
2905,1000000,70570
2906,1210625,38370
2907,1210625,20300
2908,1210625,20120
2909,1000000,48970
2910,1210625,18020
2911,1000000,129730
2912,1000000,62970
2913,1000000,365090
2914,1210625,14060
2915,1210625,18050
2916,1000000,40940
2917,1210625,25970
2918,1000000,79690
2919,1000000,75440
2920,1210625,9870
2921,1210625,36240
2922,1210625,14750
2923,1210625,23920
2924,1210625,30890
2925,1000000,50170
2926,1000000,42130
2927,1210625,18420
2928,1000000,57170
2929,1210625,12070
2930,1000000,162240
2931,1000000,61320
2932,1000000,41650
2933,1210625,31910
2934,1000000,61630
2935,1210625,36730
2936,1000000,60540
2937,1000000,62070
2938,1000000,43790
2939,1210625,17420
2940,1000000,217090
2941,1210625,23750
2942,1210625,20740
2943,1000000,57740
2944,1210625,26600
2945,1000000,52370
2946,1210625,11610
2947,1210625,28670
2948,1210625,9830
2949,1210625,24870
2950,1000000,60520
2951,1210625,12760
2952,1210625,32620
2953,1210625,22800
2954,1210625,15670
2955,1210625,17790
2956,1210625,13230
2957,1210625,22130
2958,1210625,38700
2959,1000000,89990
2960,1000000,41760
2961,1000000,57330
2962,1210625,34970
2963,1210625,35440
2964,1000000,109800
2965,1210625,31080
2966,1000000,51450
2967,1210625,23570
2968,1210625,13920
2969,1000000,68060
2970,1210625,30890
2971,1210625,21050
2972,1210625,24960
2973,1000000,41810
2974,1000000,87460
2975,1210625,36400
2976,1210625,32960
2977,1210625,37260
2978,1210625,29330
2979,1210625,14110
2980,1210625,30710
2981,1000000,59290
2982,1210625,34550
2983,1210625,20810
2984,1210625,30240
2985,1210625,13850
2986,1210625,24730
2987,1000000,40700
2988,1210625,24360
2989,1000000,55050
2990,1210625,24750
2991,1000000,61280
2992,1000000,42890
2993,1000000,43560
2994,1210625,18440
2995,1210625,22040
2996,1210625,27030
2997,1210625,29980
2998,1210625,16150
2999,1210625,16040
3000,1210625,28400
3001,1210625,25020
3002,1210625,35150
3003,1000000,45560
3004,1000000,59780
3005,1210625,29220
3006,1210625,24120
3007,1210625,30790
3008,1210625,39590
3009,1210625,22560
3010,1210625,25200
3011,1000000,57120
3012,1210625,29070
3013,1000000,58080
3014,1000000,67510
3015,1000000,42710
3016,1000000,67390
3017,1000000,43030
3018,1000000,80380
3019,1210625,25720
3020,1000000,52650
3021,1210625,37250
3022,1210625,37310
3023,1210625,32800
3024,1210625,27160
3025,1210625,34800
3026,1210625,28700
3027,1210625,37830
3028,1000000,57690
3029,1210625,20720
3030,1000000,41810
3031,1000000,55570
3032,1210625,36480
3033,1000000,43760
3034,1210625,12670
3035,1210625,12790
3036,1000000,49120
3037,1000000,66780
3038,1210625,12140
3039,1210625,26490
3040,1210625,34060
3041,1210625,10640
3042,1210625,28380
3043,1000000,43710
3044,1210625,18300
3045,1210625,22800
3046,1000000,47930
3047,1210625,9500
3048,1210625,9500
3049,1000000,99850
3050,1210625,7970
3051,1210625,39740
3052,1000000,58470
3053,1000000,84840
3054,1000000,75880
3055,1210625,21890
3056,1000000,56640
3057,1000000,44060
3058,1000000,75340
3059,1210625,29480
3060,1000000,161960
3061,1210625,24170
3062,1210625,17040
3063,1000000,42450
3064,1210625,21220
3065,1000000,51570
3066,1210625,22670
3067,1210625,26000
3068,1210625,21530
3069,1210625,30190
3070,1210625,21840
3071,1000000,48950
3072,1210625,30360
3073,1000000,68900
3074,1210625,20490
3075,1210625,22760
3076,1210625,31200
3077,1210625,17610
3078,1000000,84110
3079,1000000,42380
3080,1210625,21670
3081,1210625,29640
3082,1000000,41300
3083,1000000,152900
3084,1000000,44400
3085,1000000,66790
3086,1210625,29160
3087,1000000,44470
3088,1210625,25470
3089,1210625,32070
3090,1210625,17820
3091,1000000,43450
3092,1210625,27330
3093,1210625,18290
3094,1000000,61030
3095,1000000,43980
3096,1210625,27230
3097,1210625,26450
3098,1210625,33870
3099,1000000,51080
3100,1210625,29710
3101,1210625,27410
3102,1000000,85930
3103,1210625,21240
3104,1000000,48140
3105,1210625,29020
3106,1000000,64430
3107,1210625,12630
3108,1210625,31060
3109,1000000,66680
3110,1210625,27180
3111,1210625,39030
3112,1000000,579700
3113,1000000,45700
3114,1210625,17070
3115,1000000,41780
3116,1000000,59780
3117,1210625,12360
3118,1210625,7840
3119,1210625,34380
3120,1210625,21980
3121,1000000,58230
3122,1000000,101530
3123,1210625,22500
3124,1210625,37180
3125,1000000,47430
3126,1210625,36210
3127,1210625,34960
3128,1210625,16380
3129,1210625,23330
3130,1000000,40090
3131,1000000,50930
3132,1210625,6590
3133,1210625,22790
3134,1210625,7470
3135,1210625,18370
3136,1210625,21230
3137,1210625,32150
3138,1210625,19700
3139,1000000,48400
3140,1210625,26830
3141,1000000,78850
3142,1210625,22300
3143,1210625,38660
3144,1210625,23260
3145,1000000,49990
3146,1210625,23240
3147,1000000,46040
3148,1000000,68020
3149,1000000,64270
3150,1000000,42810
3151,1210625,22330
3152,1210625,23120
3153,1000000,44960
3154,1210625,14850
3155,1210625,39640
3156,1210625,17970
3157,1210625,23260
3158,1210625,22330
3159,1000000,50210
3160,1000000,58750
3161,1210625,16560
3162,1210625,20010
3163,1210625,26040
3164,1210625,39640
3165,1210625,16590
3166,1000000,51240
3167,1000000,111570
3168,1210625,33310
3169,1210625,15140
3170,1210625,22870
3171,1210625,33530
3172,1000000,49120
3173,1000000,72200
3174,1210625,34300
3175,1210625,6530
3176,1210625,10140
3177,1210625,11550
3178,1000000,42180
3179,1210625,31640
3180,1210625,21930
3181,1210625,17500
3182,1210625,24880
3183,1210625,28520
3184,1000000,55060
3185,1210625,31130
3186,1210625,18940
3187,1210625,26340
3188,1000000,60490
3189,1210625,31730
3190,1210625,35670
3191,1210625,31060
3192,1210625,16070
3193,1000000,44450
3194,1210625,19070
3195,1210625,22800
3196,1210625,28600
3197,1210625,32560
3198,1210625,24530
3199,1000000,41280
3200,1000000,179410
3201,1210625,21530
3202,1210625,37040
3203,1210625,20750
3204,1210625,35780
3205,5116,1000000
3206,1210625,31450
3207,1000000,87520
3208,1210625,26630
3209,1210625,28090
3210,1210625,12090
3211,1210625,29010
3212,1210625,15810
3213,1210625,25650
3214,1000000,66190
3215,1210625,37000
3216,1210625,26420
3217,1210625,20640
3218,1210625,26450
3219,1210625,32880
3220,1210625,22270
3221,1000000,45410
3222,5116,1000000
3223,1000000,49660
3224,1210625,31360
3225,1210625,36540
3226,1210625,23030
3227,1210625,34630
3228,1000000,50850
3229,1210625,33360
3230,1210625,24490
3231,1000000,41430
3232,1210625,18710
3233,1210625,37810
3234,1210625,28500
3235,1000000,54110
3236,1210625,21740
3237,1210625,26160
3238,1210625,28590
3239,1000000,71500
3240,1000000,49410
3241,1210625,37490
3242,1000000,43650
3243,1210625,20150
3244,1000000,116160
3245,1210625,26150
3246,1000000,52080
3247,1210625,19900
3248,1210625,17840
3249,1210625,31660
3250,1210625,24100
3251,1210625,37520
3252,1210625,39660
3253,1210625,16460
3254,1000000,80230
3255,1210625,38950
3256,1210625,23140
3257,1000000,49230
3258,1210625,31670
3259,1210625,25180
3260,1000000,117630
3261,1000000,64630
3262,1210625,25930
3263,1210625,15810
3264,1210625,19190
3265,1000000,55260
3266,1210625,25860
3267,1210625,26130
3268,1210625,29520
3269,1210625,23290
3270,1210625,35380
3271,1210625,25350
3272,1210625,18460
3273,1000000,51410
3274,1210625,34180
3275,1000000,170120
3276,1210625,27200
3277,1210625,22400
3278,1000000,60760
3279,1000000,55630
3280,1210625,17040
3281,1000000,60790
3282,1000000,50690
3283,1210625,30580
3284,1210625,16900
3285,1210625,33610
3286,1000000,69400
3287,1000000,54210
3288,1000000,44640
3289,1210625,24540
3290,1210625,35690
3291,1000000,45630
3292,1000000,62030
3293,1210625,18600
3294,1210625,24070
3295,1210625,20130
3296,1000000,56270
3297,1210625,37400
3298,1210625,32980
3299,1000000,44180
3300,1210625,36900
3301,1210625,32350
3302,1210625,35680
3303,1210625,7860
3304,1000000,65530
3305,1000000,75100
3306,1210625,20530
3307,1000000,43000
3308,1000000,110870
3309,1210625,39470
3310,1000000,52050
3311,1000000,67100
3312,1210625,17330
3313,1000000,84520
3314,1210625,12720
3315,1210625,18240
3316,1210625,34020
3317,1210625,30620
3318,1210625,28040
3319,1000000,44370
3320,1000000,78860
3321,1000000,48230
3322,1210625,20800
3323,1210625,21450
3324,1210625,15660
3325,1000000,71190
3326,1210625,31160
3327,1000000,68430
3328,1210625,27790
3329,1210625,32620
3330,1210625,15200
3331,1210625,22720
3332,1210625,16390
3333,1210625,32060
3334,1210625,17110
3335,1000000,139890
3336,1210625,29630
3337,1210625,29510
3338,1210625,38380
3339,1210625,15610
3340,1000000,48540
3341,1000000,58210
3342,1210625,20440
3343,1210625,32680
3344,1000000,64150
3345,1210625,37960
3346,1210625,21600
3347,1210625,22210
3348,1210625,36870
3349,1210625,18050
3350,1000000,50020
3351,1000000,77690
3352,1210625,33130
3353,1210625,15830
3354,1210625,26550
3355,1210625,35700
3356,1000000,63790
3357,1000000,87630
3358,1000000,51170
3359,1210625,17120
3360,1000000,40350
3361,1210625,27000
3362,1210625,27230
3363,1210625,12470
3364,1210625,25720
3365,1000000,45320
3366,1210625,32280
3367,1210625,25070
3368,1210625,7370
3369,1210625,13190
3370,1210625,36670
3371,1000000,62310
3372,1210625,31560
3373,1000000,45210
3374,1210625,19080
3375,1000000,58620
3376,1210625,32670
3377,1210625,26020
3378,1210625,34670
3379,1210625,39590
3380,1000000,55500
3381,1210625,19340
3382,1000000,44110
3383,1210625,24060
3384,1210625,11740
3385,1210625,19590
3386,1210625,33280
3387,1210625,16530
3388,1000000,65920
3389,1210625,15840
3390,1210625,27250
3391,1210625,29070
3392,1210625,30980
3393,1000000,40450
3394,1210625,20660
3395,1000000,48470
3396,1210625,36280
3397,1210625,24930
3398,1000000,84500
3399,1000000,45150
3400,1210625,30880
3401,1000000,43430
3402,1210625,13620
3403,1000000,150770
3404,1000000,50020
3405,1000000,52090
3406,1000000,94690
3407,1210625,23160
3408,1210625,28080
3409,1210625,36460
3410,1210625,38280
3411,1000000,131550
3412,1210625,23790
3413,1210625,24780
3414,1000000,52100
3415,1000000,40450
3416,1210625,28200
3417,1210625,28380
3418,1000000,97360
3419,1210625,29940
3420,1000000,68220
3421,1210625,20710
3422,1210625,7360
3423,1210625,22600
3424,1000000,40830
3425,1000000,46770
3426,1210625,31530
3427,1210625,23810
3428,1210625,23370
3429,1000000,78040
3430,1210625,26000
3431,1210625,15330
3432,1210625,38210
3433,1210625,35190
3434,1000000,112720
3435,1210625,26860
3436,1000000,91020
3437,1000000,144970
3438,1000000,53420
3439,1210625,29320
3440,1210625,30180
3441,1000000,63330
3442,1000000,51260
3443,1210625,28050
3444,1210625,27850
3445,1210625,11940
3446,1210625,24520
3447,1210625,38210
3448,1000000,66080
3449,1000000,42760
3450,1210625,12780
3451,1210625,21860
3452,1210625,29310
3453,1000000,41840
3454,1210625,39950
3455,1000000,71270
3456,1000000,53780
3457,1000000,71930
3458,1210625,21300
3459,1210625,30420
3460,1210625,14360
3461,1000000,44480
3462,1000000,48730
3463,1210625,15170
3464,1210625,11980
3465,1210625,20300
3466,1210625,23160
3467,1210625,28690
3468,1210625,17470
3469,1000000,43530
3470,1210625,33700
3471,1210625,25020
3472,1210625,34360
3473,1210625,18880
3474,1210625,27250
3475,1000000,92080
3476,1210625,32040
3477,1210625,17040
3478,1000000,54420
3479,1210625,13920
3480,1000000,44840
3481,1210625,31450
3482,1000000,54970
3483,1210625,7630
3484,1210625,25970
3485,1000000,45500
3486,1210625,11220
3487,1000000,128980
3488,1210625,35170
3489,1000000,42080
3490,1210625,24030
3491,1000000,69020
3492,1210625,9240
3493,1000000,42040
3494,1210625,24060
3495,1210625,31580
3496,1000000,84370
3497,1000000,80430
3498,1210625,24240
3499,1210625,18960
3500,1210625,26120
3501,1210625,32090
3502,1000000,56570
3503,1000000,79040
3504,1210625,37880
3505,1210625,19110
3506,1000000,54030
3507,1210625,7020
3508,1210625,28090
3509,1210625,29160
3510,1000000,77210
3511,1210625,8200
3512,1210625,20740
3513,1000000,52580
3514,1000000,109420
3515,1000000,41120
3516,1000000,96240
3517,1210625,31680
3518,1210625,11750
3519,1000000,96200
3520,1210625,30950
3521,1000000,40260
3522,1000000,58800
3523,1210625,38460
3524,1210625,21340
3525,1000000,66730
3526,1000000,44840
3527,1000000,46210
3528,1210625,23210
3529,1000000,170610
3530,1210625,24890
3531,1000000,72640
3532,1210625,9530
3533,1000000,54590
3534,1000000,61760
3535,1210625,37110
3536,1210625,30960
3537,1000000,61850
3538,1210625,26570
3539,1210625,24740
3540,1210625,23190
3541,1000000,60110
3542,1210625,24110
3543,1210625,31490
3544,1210625,38650
3545,1210625,27790
3546,1210625,7170
3547,1210625,14640
3548,1000000,84640
3549,1210625,36130
3550,1000000,65110
3551,1000000,69180
3552,1000000,43650
3553,1210625,24800
3554,1210625,16280
3555,1000000,48980
3556,1000000,97750
3557,1210625,31770
3558,1000000,51190
3559,1210625,16130
3560,1210625,7840
3561,1000000,76910
3562,1210625,34310
3563,1210625,32710
3564,1210625,35090
3565,1210625,25640
3566,1000000,152520
3567,1000000,54110
3568,1000000,55050
3569,1210625,13990
3570,1210625,32410
3571,1210625,30870
3572,1210625,23490
3573,1000000,50830
3574,1000000,75720
3575,1000000,69910
3576,1000000,80630
3577,1000000,66320
3578,1210625,26780
3579,1210625,15020
3580,1000000,201490
3581,1210625,18400
3582,1000000,107330
3583,1210625,26040
3584,1210625,17690
3585,1000000,97250
3586,1210625,30530
3587,1210625,29690
3588,1000000,50530
3589,1210625,16710
3590,1000000,49840
3591,1210625,14120
3592,1000000,40360
3593,1210625,38440
3594,1210625,31870
3595,1210625,22420
3596,1000000,64580
3597,1000000,50190
3598,1000000,137620
3599,1000000,42790
3600,1210625,25660
3601,1210625,23750
3602,1210625,27550
3603,1210625,14850
3604,1210625,19200
3605,1210625,29840
3606,1210625,37160
3607,1210625,21810
3608,1210625,36940
3609,1000000,77550
3610,1210625,23750
3611,1210625,10600
3612,1000000,54620
3613,1210625,17390
3614,1000000,51030
3615,1210625,37840
3616,1210625,33570
3617,1210625,22880
3618,1210625,18810
3619,1210625,24910
3620,1000000,48850
3621,1210625,34600
3622,1210625,18600
3623,1210625,32410
3624,1210625,14830
3625,1000000,65150
3626,1210625,27550
3627,1210625,30420
3628,1000000,44180
3629,1210625,32420
3630,1210625,26490
3631,1210625,34830
3632,1210625,32930
3633,1210625,26740
3634,1210625,15580
3635,1210625,19900
3636,1000000,58420
3637,1210625,26660
3638,1210625,29050
3639,1210625,38690
3640,1000000,53930
3641,1210625,23710
3642,1210625,24440
3643,1000000,57820
3644,1000000,42960
3645,1210625,17230
3646,1210625,17150
3647,1210625,18020
3648,1210625,31230
3649,1210625,22910
3650,1210625,28050
3651,1210625,32320
3652,1000000,72400
3653,1210625,36080
3654,1210625,36250
3655,1210625,23300
3656,1000000,73870
3657,1210625,37520
3658,1210625,39050
3659,1210625,23900
3660,1210625,38420
3661,1000000,41890
3662,1210625,33730
3663,1210625,36690
3664,1000000,40310
3665,1210625,15810
3666,1000000,44110
3667,1000000,244620
3668,1210625,39010
3669,1000000,102080
3670,1210625,36460
3671,1210625,10020
3672,1210625,33470
3673,1210625,26440
3674,1000000,189160
3675,1210625,31850
3676,1210625,35770
3677,1000000,64390
3678,1210625,31340
3679,1000000,55100
3680,1210625,16230
3681,1210625,31720
3682,1000000,40730
3683,1000000,45620
3684,1000000,114190
3685,1210625,5560
3686,1000000,43600
3687,1210625,28040
3688,1210625,15160
3689,1210625,28440
3690,1210625,39990
3691,1210625,36930
3692,1210625,24570
3693,1210625,21130
3694,1210625,3450
3695,1210625,24970
3696,1210625,32350
3697,1000000,46710
3698,1000000,77030
3699,1210625,35320
3700,1210625,27670
3701,1210625,34530
3702,1210625,18790
3703,1210625,29920
3704,1000000,51790
3705,1210625,9930
3706,1000000,41420
3707,1210625,31240
3708,1210625,34390
3709,1210625,21230
3710,1000000,61070
3711,1000000,68570
3712,1210625,27800
3713,1210625,21970
3714,1000000,44650
3715,1210625,19960
3716,1000000,62050
3717,1210625,17240
3718,1210625,29700
3719,1210625,24270
3720,1000000,48900
3721,1210625,10360
3722,1210625,13460
3723,1210625,16520
3724,1210625,35360
3725,1000000,40670
3726,1000000,99560
3727,1210625,30110
3728,1000000,50340
3729,1000000,114520
3730,1000000,43730
3731,1210625,37890
3732,1210625,33080
3733,1210625,37260
3734,1210625,13570
3735,1210625,30160
3736,1210625,13470
3737,1210625,19020
3738,1000000,51560
3739,1210625,16910
3740,1210625,12010
3741,1210625,29490
3742,1000000,42180
3743,1210625,27460
3744,1000000,55840
3745,1000000,78040
3746,1000000,70150
3747,1210625,28610
3748,1210625,23620
3749,1210625,22780
3750,1210625,18440
3751,1210625,31980
3752,1210625,36380
3753,1210625,24890
3754,1210625,34070
3755,1000000,81850
3756,1210625,25630
3757,1210625,14850
3758,1210625,24610
3759,1210625,26890
3760,1210625,39350
3761,1210625,19270
3762,1210625,30530
3763,1000000,64150
3764,1210625,20720
3765,1210625,29140
3766,1210625,27310
3767,1210625,20910
3768,1210625,19450
3769,1210625,30430
3770,1210625,38220
3771,1210625,28260
3772,1210625,22490
3773,1000000,79250
3774,1000000,101730
3775,1210625,33010
3776,1000000,46320
3777,1000000,48400
3778,1000000,42910
3779,1210625,27930
3780,1000000,46570
3781,1210625,18480
3782,1210625,39290
3783,1000000,68520
3784,1210625,27580
3785,1000000,40000
3786,1000000,57550
3787,1000000,45120
3788,1210625,28220
3789,1000000,47190
3790,1210625,34080
3791,1210625,21340
3792,1210625,33290
3793,1210625,32000
3794,1210625,34070
3795,1210625,20640
3796,1000000,51370
3797,1210625,15690
3798,1210625,37650
3799,1210625,32470
3800,1000000,63780
3801,1210625,21710
3802,1210625,14300
3803,1000000,71160
3804,1000000,45920
3805,1210625,24890
3806,1210625,16760
3807,1210625,28300
3808,1000000,54590
3809,1000000,65580
3810,1000000,43810
3811,1000000,88350
3812,1210625,29790
3813,1210625,29910
3814,1000000,80180
3815,1210625,23520
3816,1210625,18460
3817,1000000,70150
3818,1210625,14310
3819,1000000,61550
3820,1000000,64640
3821,1210625,37110
3822,1000000,70510
3823,1210625,20030
3824,1210625,21410
3825,1210625,15510
3826,1000000,48130
3827,1000000,44490
3828,1000000,41200
3829,1000000,43180
3830,1210625,14700
3831,1000000,67660
3832,1000000,94950
3833,1210625,17930
3834,1210625,30250
3835,1210625,22870
3836,1210625,25570
3837,1210625,20400
3838,1210625,33100
3839,1210625,16200
3840,1210625,14510
3841,1210625,28680
3842,1210625,20450
3843,1210625,20580
3844,1000000,43070
3845,1210625,25060
3846,1000000,42520
3847,1210625,25750
3848,1210625,27130
3849,1210625,14560
3850,1000000,53240
3851,1210625,35680
3852,1210625,19840
3853,1000000,41270
3854,1210625,14550
3855,1210625,26570
3856,1210625,24580
3857,1210625,12590
3858,1000000,44080
3859,1210625,33580
3860,1000000,108020
3861,1000000,66860
3862,1210625,14470
3863,1000000,92890
3864,1210625,22350
3865,1210625,35070
3866,1000000,43560
3867,1210625,25720
3868,1210625,32680
3869,1210625,16950
3870,1000000,50170
3871,1210625,24690
3872,1000000,66000
3873,1210625,31900
3874,1000000,57790
3875,1000000,75140
3876,1210625,28850
3877,1000000,93870
3878,1210625,16720
3879,1000000,44120
3880,1210625,17340
3881,1000000,45420
3882,1210625,20570
3883,1000000,65690
3884,1210625,39610
3885,1000000,56390
3886,1000000,40780
3887,1000000,83600
3888,1210625,30120
3889,1000000,101440
3890,1000000,42770
3891,1210625,30470
3892,1000000,65500
3893,1210625,18990
3894,1210625,21060
3895,1000000,78460
3896,1210625,33970
3897,1210625,26140
3898,1210625,26440
3899,1210625,24420
3900,1210625,18310
3901,1210625,11070
3902,1000000,45630
3903,1210625,27390
3904,1000000,72660
3905,1210625,21980
3906,1210625,25840
3907,1210625,13820
3908,1000000,44710
3909,1210625,24660
3910,1000000,180100
3911,1000000,144110
3912,1210625,29110
3913,1210625,19560
3914,1210625,27040
3915,1000000,76950
3916,1000000,65750
3917,1210625,31150
3918,1210625,11490
3919,1210625,25130
3920,1000000,108270
3921,1000000,48800
3922,1210625,12710
3923,1210625,25830
3924,1000000,85840
3925,1000000,358470
3926,1210625,23370
3927,1210625,6520
3928,1000000,40010
3929,1210625,27320
3930,1210625,17610
3931,1210625,25430
3932,1210625,21450
3933,1210625,24840
3934,1210625,39520
3935,1210625,26420
3936,1000000,64970
3937,1210625,16030
3938,1210625,18390
3939,1000000,44350
3940,1210625,39210
3941,1000000,69740
3942,1210625,12590
3943,1000000,73050
3944,1210625,37050
3945,1210625,15120
3946,1210625,39930
3947,1210625,22120
3948,1210625,32800
3949,1210625,36770
3950,1210625,39160
3951,1000000,48110
3952,1210625,38000
3953,1000000,56570
3954,1000000,72150
3955,1210625,22910
3956,1000000,75210
3957,1210625,20580
3958,1210625,24530
3959,1210625,39260
3960,1210625,15620
3961,1210625,13470
3962,1000000,79030
3963,1210625,24210
3964,1000000,43580
3965,1210625,21420
3966,1000000,59300
3967,1000000,51920
3968,1000000,75300
3969,1000000,60370
3970,1000000,119070
3971,1210625,26050
3972,1210625,16880
3973,1210625,29060
3974,1000000,61320
3975,1210625,29360
3976,1210625,38190
3977,1210625,35060
3978,1210625,28700
3979,1210625,25840
3980,1000000,40230
3981,1000000,68420
3982,1000000,49800
3983,1000000,60920
3984,1210625,4250
3985,1000000,125690
3986,1000000,83840
3987,1210625,20740
3988,1000000,60690
3989,1000000,53010
3990,1210625,35200
3991,1210625,34480
3992,1000000,51730
3993,1210625,33380
3994,1210625,23660
3995,1210625,25330
3996,1210625,37060
3997,1210625,24290
3998,1210625,11660
3999,1000000,67810
4000,1210625,34750
4001,1210625,19780
4002,1210625,15760
4003,1210625,21830
4004,1210625,12010
4005,1000000,124500
4006,1210625,26560
4007,1210625,13830
4008,1000000,55270
4009,1210625,18550
4010,1000000,47400
4011,1210625,20220
4012,1210625,13540
4013,1210625,20120
4014,1210625,20090
4015,1210625,28370
4016,1210625,25350
4017,1210625,35220
4018,1210625,24440
4019,1000000,47830
4020,1210625,38780
4021,1000000,84680
4022,1000000,48220
4023,1000000,53490
4024,1210625,11810
4025,1210625,28330
4026,1210625,15400
4027,1210625,23770
4028,1210625,17710
4029,1210625,34310
4030,1210625,27090
4031,1210625,30580
4032,1210625,18910
4033,1210625,22060
4034,1000000,48840
4035,1210625,34990
4036,1210625,28860
4037,1000000,52890
4038,1210625,19050
4039,1210625,23030
4040,1000000,76400
4041,1210625,24350
4042,1210625,22410
4043,1000000,45600
4044,1000000,54830
4045,1210625,11120
4046,1210625,37070
4047,1210625,32590
4048,1210625,26260
4049,1210625,23080
4050,1000000,99440
4051,1210625,30990
4052,1000000,44680
4053,1210625,26260
4054,1000000,40500
4055,1210625,22950
4056,1000000,76640
4057,1210625,30450
4058,1000000,42630
4059,1210625,36670
4060,1210625,13040
4061,1210625,20560
4062,1210625,24480
4063,1000000,43030
4064,1000000,72560
4065,1210625,5260
4066,1210625,31250
4067,1210625,6610
4068,1210625,35130
4069,1000000,41950
4070,1210625,17390
4071,1210625,28700
4072,1000000,206770
4073,1210625,23280
4074,1210625,30500
4075,1210625,38140
4076,1000000,71270
4077,1210625,39610
4078,1000000,40940
4079,1210625,29010
4080,1210625,14930
4081,1210625,30200
4082,1210625,27750
4083,1000000,54080
4084,1210625,37600
4085,1210625,26400
4086,1000000,44580
4087,1210625,24550
4088,1000000,41960
4089,1210625,28500
4090,1210625,12730
4091,1210625,14330
4092,1000000,54560
4093,1210625,25080
4094,1210625,34940
4095,1210625,27970
4096,1210625,21820
4097,1000000,57520
4098,1000000,55520
4099,1210625,14260
4100,1210625,27070
4101,1000000,42690
4102,1210625,18400
4103,1210625,25230
4104,1210625,17840
4105,1210625,33020
4106,1000000,47420
4107,1000000,88350
4108,1000000,44730
4109,1210625,22840
4110,1210625,12370
4111,1210625,18600
4112,1000000,77700
4113,1210625,21780
4114,1210625,12840
4115,1000000,64310
4116,1210625,35210
4117,1210625,24020
4118,1210625,7210
4119,1210625,15790
4120,1210625,11240
4121,1210625,24660
4122,1210625,39200
4123,1000000,138160
4124,1000000,73950
4125,1000000,88510
4126,1000000,62110
4127,1210625,13640
4128,1000000,89380
4129,1210625,14200
4130,1000000,57540
4131,1000000,50470
4132,1000000,65050
4133,1210625,30610
4134,1210625,10810
4135,1210625,6880
4136,1000000,45580
4137,1210625,10780
4138,1210625,22080
4139,1000000,46020
4140,1210625,23020
4141,1210625,20380
4142,1210625,13930
4143,1210625,19660
4144,1210625,35490
4145,1210625,14040
4146,1210625,27480
4147,1000000,51330
4148,1000000,216110
4149,1210625,34500
4150,1210625,37060
4151,1210625,27580
4152,1210625,29970
4153,1210625,27570
4154,1000000,59270
4155,1210625,24350
4156,1000000,51910
4157,1210625,26020
4158,1210625,37370
4159,1210625,29690
4160,1210625,29850
4161,1000000,131150
4162,1210625,26650
4163,1000000,41880
4164,1210625,25560
4165,1210625,27360
4166,1000000,43470
4167,1210625,35430
4168,1210625,30380
4169,1000000,72170
4170,1210625,13840
4171,1210625,15010
4172,1000000,45830
4173,1000000,42240
4174,1210625,16430
4175,1000000,50420
4176,1210625,16520
4177,1210625,14390
4178,1210625,21840
4179,1000000,42920
4180,1000000,51040
4181,1210625,34750
4182,1210625,32190
4183,1210625,23120
4184,1000000,93380
4185,1000000,67820
4186,1000000,64100
4187,1210625,21920
4188,1210625,23370
4189,1210625,17660
4190,1210625,30900
4191,1210625,14740
4192,1210625,37550
4193,1000000,47890
4194,1210625,17180
4195,1210625,31120
4196,1000000,43200
4197,1000000,60110
4198,1210625,24700
4199,1210625,39570
4200,1000000,222990
4201,1210625,32260
4202,1210625,23230
4203,1000000,74250
4204,1210625,25840
4205,1000000,120830
4206,1210625,15440
4207,1000000,46170
4208,1000000,45750
4209,1000000,141810
4210,1210625,38880
4211,1210625,24980
4212,1210625,25490
4213,1210625,27700
4214,1210625,21320
4215,1210625,26030
4216,1210625,18770
4217,1000000,48120
4218,1210625,33780
4219,1000000,46620
4220,1000000,49270
4221,1210625,39100
4222,1000000,74750
4223,1210625,10020
4224,1210625,26390
4225,1210625,36560
4226,1000000,127890
4227,1210625,27400
4228,1210625,33240
4229,1210625,20710
4230,1000000,74850
4231,1210625,16440
4232,1210625,24330
4233,1000000,50010
4234,1210625,33170
4235,1000000,89490
4236,1210625,39290
4237,1210625,17030
4238,1210625,29590
4239,1000000,49630
4240,1000000,58810
4241,1210625,28650
4242,1210625,30730
4243,1000000,44450
4244,1210625,31310
4245,1210625,15030
4246,1000000,41000
4247,1000000,55200
4248,1000000,68300
4249,1210625,18990
4250,1210625,26340
4251,1210625,34090
4252,1210625,34740
4253,1000000,60650
4254,1210625,39430
4255,1000000,59290
4256,1000000,70290
4257,1210625,21420
4258,1000000,53750
4259,1210625,20530
4260,1000000,84220
4261,1210625,31480
4262,1210625,18400
4263,1210625,10810
4264,1210625,17710
4265,1000000,68510
4266,1000000,44000
4267,1000000,43790
4268,1210625,17120
4269,1210625,26370
4270,1210625,29810
4271,1210625,23350
4272,1210625,18120
4273,1210625,15660
4274,1210625,37580
4275,1210625,32010
4276,1210625,14910
4277,1210625,24670
4278,1210625,35560
4279,1210625,36050
4280,1210625,22760
4281,1000000,41920
4282,1000000,41330
4283,1210625,23720
4284,1210625,15970
4285,1210625,16340
4286,1210625,36050
4287,1210625,16760
4288,1000000,50300
4289,1000000,89680
4290,1210625,10000
4291,1210625,14140
4292,1210625,25530
4293,1000000,46910
4294,1000000,66170
4295,1000000,41120
4296,1210625,23720
4297,1000000,170870
4298,1210625,27100
4299,1210625,23360
4300,1000000,150090
4301,1000000,63070
4302,1210625,28820
4303,1210625,27860
4304,1210625,21730
4305,1000000,49130
4306,1210625,17740
4307,1000000,41010
4308,1000000,61970
4309,1210625,21380
4310,1210625,35840
4311,1000000,46300
4312,1000000,56770
4313,1000000,113590
4314,1210625,28440
4315,1210625,30570
4316,1210625,22850
4317,1000000,41520
4318,1000000,122130
4319,1000000,161440
4320,1210625,26640
4321,1000000,86750
4322,1210625,24730
4323,1210625,32800
4324,1210625,28320
4325,1000000,48370
4326,1000000,295370
4327,1000000,141760
4328,1000000,52680
4329,1210625,16290
4330,1000000,198520
4331,1000000,41910
4332,1210625,24130
4333,1210625,20510
4334,1210625,31300
4335,1210625,20420
4336,1210625,18540
4337,1000000,90270
4338,1210625,32850
4339,1210625,39930
4340,1210625,24950
4341,1210625,29620
4342,1210625,22350
4343,1210625,24900
4344,1210625,14480
4345,1000000,60510
4346,1000000,59430
4347,1210625,20580
4348,1210625,21190
4349,1210625,32930
4350,1000000,42980
4351,1210625,39250
4352,1210625,26160
4353,1210625,27340
4354,1210625,28810
4355,1000000,61410
4356,1210625,9410
4357,1000000,72180
4358,1000000,56700
4359,1210625,31910
4360,1000000,64070
4361,1210625,29750
4362,1000000,40370
4363,1210625,29330
4364,1210625,32910
4365,1210625,35640
4366,1000000,61850
4367,1000000,117950
4368,1210625,25140
4369,1210625,33420
4370,1210625,28700
4371,1000000,53400
4372,1210625,18110
4373,1000000,50900
4374,1210625,26480
4375,1000000,81150
4376,1000000,83980
4377,1210625,35310
4378,1000000,73600
4379,1210625,15920
4380,1000000,56620
4381,1000000,46460
4382,1210625,27050
4383,1210625,30420
4384,1000000,48630
4385,1210625,17480
4386,1210625,28200
4387,1210625,34030
4388,1000000,88870
4389,1000000,77200
4390,1210625,22130
4391,1000000,59480
4392,1210625,35490
4393,1210625,28100
4394,1000000,69150
4395,1000000,44610
4396,1000000,77750
4397,1000000,79910
4398,1210625,18140
4399,1210625,34110
4400,1210625,16260
4401,1000000,64870
4402,1210625,13740
4403,1000000,60760
4404,1000000,59470
4405,1210625,19260
4406,1000000,71100
4407,1210625,18520
4408,1000000,58280
4409,1210625,11310
4410,1210625,38910
4411,1210625,31660
4412,1210625,30370
4413,1000000,53220
4414,1210625,8510
4415,1000000,68580
4416,1000000,83300
4417,1210625,25950
4418,1210625,21430
4419,1000000,40300
4420,1210625,17220
4421,1210625,25740
4422,1210625,11530
4423,1210625,15100
4424,1210625,15100
4425,1210625,30700
4426,1210625,15900
4427,1000000,47690
4428,1000000,69920
4429,1210625,19920
4430,1210625,29910
4431,1210625,33710
4432,1000000,68140
4433,1000000,45630
4434,1210625,21780
4435,1210625,39170
4436,1210625,34730
4437,1210625,13540
4438,1210625,37080
4439,1000000,40990
4440,1000000,50410
4441,1000000,84100
4442,1210625,22230
4443,1210625,15530
4444,1210625,30320
4445,1000000,75980
4446,1210625,24960
4447,1210625,27880
4448,1210625,19870
4449,1210625,33390
4450,1210625,24030
4451,1000000,52580
4452,1210625,35250
4453,1210625,26640
4454,1210625,26330
4455,1210625,30320
4456,1000000,53360
4457,1210625,32950
4458,1210625,8480
4459,1000000,110810
4460,1210625,18390
4461,1000000,43840
4462,1210625,22240
4463,1210625,18360
4464,1210625,35290
4465,1210625,29250
4466,1210625,33570
4467,1210625,18010
4468,1210625,30930
4469,1210625,8360
4470,1000000,53490
4471,1210625,15460
4472,1210625,29840
4473,1000000,42180
4474,1210625,36470
4475,1210625,39770
4476,1210625,29580
4477,1000000,66270
4478,1210625,15120
4479,1000000,62410
4480,1210625,23180
4481,1000000,40120
4482,1000000,60590
4483,1210625,18030
4484,1210625,25930
4485,1210625,28000
4486,1210625,16990
4487,1210625,30740
4488,1000000,44870
4489,1210625,39380
4490,5116,1000000
4491,1210625,16290
4492,1210625,38890
4493,1210625,20350
4494,1210625,10300
4495,1210625,35370
4496,1210625,30430
4497,1210625,29830
4498,1210625,13260
4499,1210625,37170
4500,1210625,34100
4501,1210625,29420
4502,1210625,19980
4503,1210625,29260
4504,1210625,27860
4505,1000000,40470
4506,1000000,115420
4507,1210625,27060
4508,1210625,22490
4509,1210625,35930
4510,1000000,86590
4511,1000000,48280
4512,1210625,33460
4513,1210625,19240
4514,1210625,14500
4515,1000000,132480
4516,1210625,17530
4517,1210625,26790
4518,1210625,35380
4519,1210625,22390
4520,1210625,13350
4521,1210625,22520
4522,1210625,11160
4523,1210625,21100
4524,1210625,30080
4525,1210625,19660
4526,1000000,60330
4527,1210625,33340
4528,1210625,36670
4529,1210625,37900
4530,1210625,20580
4531,1210625,38220
4532,1210625,18720
4533,1210625,17700
4534,1210625,38840
4535,1210625,19750
4536,1210625,13570
4537,1210625,32560
4538,1210625,28860
4539,1210625,15380
4540,1210625,31510
4541,1210625,15410
4542,1210625,15960
4543,1000000,55840
4544,1210625,32570
4545,1000000,41220
4546,1210625,32380
4547,1000000,47750
4548,1000000,66680
4549,1000000,44750
4550,1210625,19900
4551,1000000,50240
4552,1000000,71130
4553,1210625,15450
4554,1000000,67160
4555,1210625,20460
4556,1000000,53700
4557,1210625,18650
4558,1210625,21710
4559,1000000,94970
4560,1000000,63530
4561,1000000,93030
4562,1210625,28500
4563,1210625,19850
4564,1000000,53690
4565,1210625,30720
4566,1000000,48520
4567,1210625,20260
4568,1210625,27040
4569,1000000,44290
4570,1210625,10580
4571,1210625,28550
4572,1000000,63030
4573,1210625,31730
4574,1000000,51810
4575,1210625,23410
4576,1000000,56370
4577,1210625,12700
4578,1210625,39300
4579,1210625,7610
4580,1210625,12080
4581,1210625,32180
4582,1210625,29240
4583,1000000,50290
4584,1210625,22370
4585,1000000,98670
4586,1000000,46540
4587,1000000,48190
4588,1210625,16870
4589,1000000,178320
4590,1210625,28510
4591,1210625,18740
4592,1210625,11950
4593,1210625,32850
4594,1000000,111040
4595,1000000,53950
4596,1000000,124790
4597,1000000,40850
4598,1210625,37600
4599,1000000,40640
4600,1000000,54330
4601,1210625,20350
4602,1210625,28870
4603,1210625,34230
4604,1210625,27380
4605,1210625,26830
4606,1210625,18810
4607,1000000,79560
4608,1210625,20000
4609,1210625,35430
4610,1000000,52330
4611,1210625,32200
4612,1210625,24930
4613,1210625,15980
4614,1000000,47210
4615,1210625,35340
4616,1000000,60840
4617,1000000,53410
4618,1000000,51910
4619,1210625,25350
4620,1210625,39240
4621,1210625,31100
4622,1210625,22510
4623,1210625,35890
4624,1210625,21090
4625,1210625,39700
4626,1000000,42770
4627,1210625,22760
4628,1210625,33080
4629,1000000,42390
4630,1000000,122160
4631,1210625,10940
4632,1000000,46920
4633,1210625,22250
4634,1210625,22090
4635,1000000,42780
4636,1210625,22190
4637,1210625,18130
4638,1000000,54620
4639,1000000,82240
4640,1000000,42860
4641,1210625,23910
4642,1210625,28620
4643,1210625,26970
4644,1210625,36010
4645,1210625,32620
4646,1210625,14780
4647,1210625,37590
4648,1210625,21920
4649,1210625,37900
4650,1210625,14630
4651,1210625,36710
4652,1210625,17470
4653,1210625,29070
4654,1000000,52700
4655,1210625,24320
4656,1210625,33770
4657,1000000,42030
4658,1210625,11810
4659,1000000,48850
4660,1210625,32420
4661,1000000,136670
4662,1210625,31130
4663,1000000,55590
4664,1000000,70910
4665,1210625,25550
4666,1210625,31760
4667,1000000,49580
4668,1210625,31900
4669,1210625,6920
4670,1210625,32010
4671,1210625,36060
4672,1210625,27620
4673,1210625,21340
4674,1000000,70270
4675,1000000,47400
4676,1210625,36460
4677,1000000,65800
4678,1210625,27610
4679,1210625,18480
4680,1210625,29240
4681,1210625,36650
4682,1210625,24640
4683,1000000,42350
4684,1210625,25400
4685,1000000,42730
4686,1210625,29670
4687,1000000,80750
4688,1000000,48800
4689,1210625,19910
4690,1000000,59360
4691,1210625,22220
4692,5116,1000000
4693,1210625,26220
4694,1000000,43430
4695,1210625,34380
4696,1210625,28210
4697,1000000,53990
4698,1000000,56100
4699,1210625,27910
4700,1210625,15280
4701,1000000,151630
4702,1210625,19510
4703,1000000,58870
4704,1210625,25600
4705,1210625,38200
4706,1210625,35300
4707,1000000,42410
4708,1210625,22020
4709,1000000,56790
4710,1000000,47760
4711,1000000,41140
4712,5116,1000000
4713,1000000,59790
4714,1210625,19190
4715,1210625,12630
4716,1210625,18020
4717,1000000,53480
4718,1210625,33640
4719,1000000,86920
4720,1000000,62600
4721,5116,1000000
4722,1210625,29610
4723,1000000,51240
4724,1210625,34850
4725,1000000,52950
4726,1210625,32460
4727,1000000,70980
4728,1000000,115340
4729,1210625,32820
4730,1210625,27980
4731,1000000,70470
4732,1210625,28690
4733,1000000,70820
4734,1000000,47130
4735,1000000,56950
4736,1210625,36530
4737,1000000,43330
4738,1000000,79110
4739,1210625,26550
4740,1210625,29850
4741,1210625,37920
4742,1210625,32110
4743,1210625,18210
4744,1000000,65030
4745,1000000,83050
4746,1000000,52050
4747,1210625,23210
4748,1000000,41950
4749,1210625,24990
4750,1000000,50460
4751,1000000,66200
4752,1210625,16620
4753,1210625,23230
4754,1000000,54730
4755,1000000,63010
4756,1210625,23100
4757,1210625,22900
4758,1210625,37290
4759,1210625,27470
4760,1210625,38260
4761,1210625,17810
4762,1210625,28810
4763,1210625,23360
4764,1210625,16010
4765,1210625,24080
4766,1210625,9050
4767,1000000,48520
4768,1210625,23470
4769,1210625,30680
4770,1210625,15840
4771,1000000,114320
4772,1210625,25340
4773,1000000,40570
4774,1210625,35150
4775,1210625,13280
4776,1000000,45950
4777,1000000,45310
4778,1000000,51220
4779,1210625,39620
4780,1210625,18860
4781,1210625,25460
4782,1210625,11450
4783,1210625,36420
4784,1210625,28710
4785,1210625,18650
4786,1000000,44980
4787,1000000,185880
4788,1210625,34600
4789,1210625,28460
4790,1000000,47100
4791,1210625,32360
4792,1210625,34630
4793,1210625,20550
4794,1210625,15010
4795,1000000,49590
4796,1210625,34720
4797,1210625,17960
4798,1210625,23470
4799,1210625,34800
4800,1210625,27090
4801,1210625,19410
4802,1210625,20520
4803,1210625,39100
4804,1000000,47100
4805,1210625,36210
4806,1210625,8170
4807,1210625,23730
4808,1000000,44220
4809,1210625,11380
4810,1210625,33170
4811,1000000,44890
4812,1210625,20650
4813,1210625,39130
4814,1000000,53990
4815,1210625,36180
4816,1000000,48630
4817,1000000,42900
4818,1210625,31860
4819,1210625,14230
4820,1000000,57590
4821,1210625,14030
4822,1210625,18400
4823,1000000,94780
4824,1210625,17600
4825,1210625,34110
4826,1210625,17910
4827,1210625,15810
4828,1000000,68290
4829,1000000,40450
4830,1000000,49520
4831,1000000,88400
4832,1210625,14410
4833,1000000,81030
4834,1210625,29320
4835,1210625,25450
4836,1210625,29000
4837,1000000,47310
4838,1000000,143850
4839,1000000,40520
4840,1210625,35710
4841,1210625,16340
4842,1210625,26940
4843,1000000,44900
4844,1000000,45250
4845,1000000,51490
4846,1000000,87430
4847,1000000,54060
4848,1210625,39840
4849,1000000,90900
4850,1000000,53970
4851,1000000,40260
4852,1210625,38810
4853,1000000,45610
4854,1210625,39900
4855,1210625,13220
4856,1210625,21430
4857,1210625,31570
4858,1210625,9460
4859,1000000,58820
4860,1210625,29800
4861,1210625,12360
4862,1210625,32690
4863,1000000,45760
4864,1210625,33440
4865,1210625,36720
4866,1000000,69460
4867,1210625,16760
4868,1210625,39170
4869,1210625,17360
4870,1210625,31550
4871,1210625,23070
4872,1210625,23400
4873,1210625,17100
4874,1210625,25470
4875,1000000,45150
4876,1210625,37060
4877,1210625,13430
4878,1000000,63640
4879,1210625,26680
4880,1210625,18620
4881,1210625,30880
4882,1210625,37050
4883,1210625,18670
4884,1000000,64370
4885,1000000,85700
4886,1210625,26590
4887,1000000,266160
4888,1210625,11970
4889,1210625,15330
4890,1210625,33200
4891,1000000,41140
4892,1000000,41020
4893,1210625,27120
4894,1210625,36460
4895,1210625,21410
4896,1210625,24850
4897,1210625,23980
4898,1210625,15050
4899,1210625,21150
4900,1210625,31510
4901,1000000,50800
4902,1210625,34320
4903,1000000,52860
4904,1000000,40930
4905,1210625,23930
4906,1210625,36390
4907,1210625,18310
4908,1000000,66920
4909,1210625,31440
4910,1210625,9970
4911,1210625,19590
4912,1210625,36580
4913,1000000,53130
4914,1210625,30640
4915,1210625,28600
4916,1000000,48260
4917,1210625,21490
4918,1000000,80110
4919,1000000,84750
4920,1210625,37010
4921,1000000,50960
4922,1210625,26950
4923,1000000,53590
4924,1210625,34790
4925,1210625,21400
4926,1210625,25900
4927,1210625,13970
4928,1000000,72400
4929,1210625,12930
4930,1000000,42980
4931,1000000,49990
4932,1210625,22860
4933,1210625,39410
4934,1210625,28170
4935,1210625,28750
4936,1000000,55610
4937,1000000,42360
4938,1210625,16030
4939,1210625,37300
4940,1210625,22900
4941,1210625,38470
4942,1000000,55980
4943,1210625,28580
4944,1210625,35850
4945,1000000,41900
4946,1210625,13850
4947,1210625,10570
4948,1210625,31650
4949,1000000,75100
4950,1210625,25370
4951,1210625,21140
4952,1210625,37420
4953,1210625,35600
4954,1210625,29960
4955,1210625,22760
4956,1210625,12210
4957,1210625,12950
4958,1210625,17960
4959,1210625,25230
4960,1210625,26860
4961,1210625,24480
4962,1210625,31250
4963,1210625,18940
4964,1000000,139540
4965,1210625,37000
4966,1210625,30450
4967,1210625,15550
4968,1000000,50390
4969,1210625,26930
4970,1000000,51050
4971,1000000,58060
4972,1000000,55840
4973,1000000,67610
4974,1000000,68010
4975,1210625,24130
4976,1000000,63390
4977,1000000,41600
4978,1210625,29490
4979,1210625,25730
4980,1210625,24180
4981,1210625,14020
4982,1210625,5580
4983,1210625,7670
4984,1210625,39010
4985,1210625,34110
4986,1000000,52890
4987,1210625,29110
4988,1000000,43680
4989,1210625,19380
4990,1210625,20070
4991,1000000,130190
4992,1000000,51990
4993,1210625,26780
4994,1000000,48410
4995,1210625,29120
4996,1210625,18490
4997,1000000,41940
4998,1000000,58990
4999,1210625,31350
5000,1210625,30730
5001,1000000,98630
5002,1210625,25620
5003,1210625,30080
5004,1210625,13940
5005,1210625,28600
5006,1000000,76800
5007,1000000,48070
5008,1210625,15690
5009,1210625,21830
5010,1210625,29200
5011,1000000,40770
5012,1210625,27230
5013,1000000,50720
5014,1210625,25220
5015,1000000,41520
5016,1000000,108670
5017,1000000,59580
5018,1210625,36660
5019,1210625,23820
5020,1210625,24340
5021,1210625,22540
5022,1210625,14670
5023,1210625,34950
5024,1210625,27570
5025,1000000,46680
5026,1000000,53830
5027,1210625,27300
5028,1210625,35960
5029,1210625,33440
5030,1000000,45340
5031,1210625,27820
5032,1000000,119770
5033,1210625,13850
5034,1210625,22560
5035,1210625,12470
5036,1000000,72340
5037,1000000,53120
5038,1000000,41040
5039,1210625,32590
5040,1210625,30870
5041,1210625,37440
5042,1210625,33270
5043,1000000,40190
5044,1210625,21760
5045,1210625,23620
5046,1000000,45470
5047,1000000,47910
5048,1210625,21460
5049,1210625,33990
5050,1210625,28120
5051,1210625,31730
5052,1000000,63460
5053,1210625,19890
5054,1210625,21450
5055,1210625,14570
5056,1210625,20750
5057,1210625,34640
5058,1000000,57330
5059,1210625,33430
5060,1210625,30830
5061,1210625,13380
5062,1210625,25110
5063,1210625,10610
5064,1210625,28050
5065,1210625,27890
5066,1000000,41370
5067,1210625,21720
5068,1210625,26040
5069,1210625,13470
5070,1210625,18610
5071,1210625,29210
5072,1210625,28210
5073,1000000,64650
5074,1210625,30580
5075,1210625,19880
5076,1000000,59420
5077,1210625,30550
5078,1210625,26690
5079,1210625,12090
5080,1210625,36830
5081,1210625,18170
5082,1000000,49160
5083,1000000,56580
5084,1210625,21570
5085,1000000,60570
5086,1000000,43130
5087,1210625,20310
5088,1210625,27000
5089,1210625,25900
5090,1000000,89370
5091,1210625,15220
5092,1210625,23090
5093,1210625,16570
5094,1210625,24290
5095,1000000,48210
5096,1210625,26550
5097,1210625,14510
5098,1210625,39790
5099,1000000,42430
5100,1210625,25170
5101,1000000,109770
5102,1210625,16830
5103,1210625,10370
5104,1210625,20230
5105,1210625,23600
5106,1000000,89190
5107,1210625,15540
5108,1000000,52040
5109,1210625,13920
5110,1210625,29570
5111,1210625,39680
5112,1210625,26840
5113,1000000,47210
5114,1000000,154850
5115,1000000,46590
5116,1210625,24710
5117,1000000,98120
5118,1210625,26310
5119,5116,1000000
5120,1210625,20830
5121,1210625,26510
5122,1210625,15290
5123,1000000,42490
5124,1000000,49820
5125,1210625,34410
5126,1000000,40440
5127,1210625,34140
5128,1210625,32740
5129,1210625,22800
5130,1210625,30880
5131,1210625,30410
5132,1210625,36180
5133,1000000,47420
5134,1210625,32940
5135,1000000,128860
5136,1210625,22170
5137,1210625,26500
5138,1000000,81140
5139,1000000,172270
5140,1210625,32510
5141,1210625,22720
5142,1210625,19550
5143,1210625,26300
5144,1210625,22610
5145,1000000,40670
5146,1210625,20290
5147,1210625,23760
5148,1210625,11070
5149,1000000,51320
5150,1000000,52480
5151,1210625,20280
5152,1210625,19270
5153,1000000,41030
5154,1210625,30820
5155,1210625,15250
5156,1210625,28830
5157,1000000,43700
5158,1000000,41710
5159,1000000,72120
5160,1210625,18940
5161,1210625,38620
5162,1000000,49150
5163,1210625,27820
5164,1210625,26210
5165,1210625,15130
5166,1000000,68760
5167,1000000,58150
5168,1210625,34280
5169,1000000,45160
5170,1210625,24670
5171,1210625,20870
5172,1210625,15980
5173,1000000,59360
5174,1210625,22240
5175,1000000,81580
5176,1210625,24640
5177,1210625,31170
5178,1000000,52680
5179,1210625,19850
5180,1210625,20650
5181,1000000,133100
5182,1000000,106680
5183,1210625,36320
5184,1000000,89000
5185,1000000,46210
5186,1000000,53530
5187,1210625,24220
5188,1000000,66690
5189,1000000,89240
5190,1000000,42480
5191,1210625,32820
5192,1210625,38170
5193,1210625,26180
5194,1000000,80580
5195,1210625,33310
5196,1000000,61860
5197,1210625,32520
5198,1210625,31430
5199,1210625,29320
5200,1210625,13830
5201,1210625,25770
5202,1210625,38200
5203,1210625,29680
5204,1000000,88510
5205,1210625,21160
5206,1210625,30420
5207,1000000,264910
5208,1210625,20640
5209,1210625,39280
5210,1000000,51950
5211,1000000,45650
5212,1000000,50330
5213,1210625,38470
5214,1000000,61100
5215,1210625,11870
5216,1000000,72910
5217,1210625,21350
5218,1000000,53490
5219,1000000,57360
5220,1000000,41800
5221,1210625,17300
5222,1210625,22420
5223,1000000,62230
5224,1000000,52760
5225,1210625,27640
5226,1210625,17260
5227,1210625,22460
5228,1210625,24200
5229,1210625,29710
5230,1210625,22230
5231,1210625,24680
5232,1210625,16770
5233,1000000,57590
5234,1210625,21270
5235,1000000,50200
5236,1210625,15550
5237,1000000,49510
5238,1210625,30310
5239,1210625,24840
5240,1210625,27420
5241,1000000,54680
5242,1000000,43830
5243,1210625,39740
5244,1210625,27560
5245,1210625,32180
5246,1210625,16860
5247,1000000,59550
5248,1210625,20830
5249,1210625,32950
5250,1210625,22790
5251,1210625,31060
5252,1210625,19520
5253,1210625,17170
5254,1000000,45720
5255,1000000,59790
5256,1210625,13920
5257,1000000,46730
5258,1000000,49220
5259,1000000,46160
5260,1210625,23240
5261,1000000,56080
5262,1000000,40240
5263,1210625,25550
5264,1210625,33710
5265,1000000,106170
5266,1210625,34280
5267,1210625,36750
5268,1000000,43080
5269,1210625,28390
5270,1000000,45720
5271,1000000,72970
5272,1000000,56950
5273,1000000,43920
5274,1210625,18720
5275,1210625,21730
5276,1210625,37580
5277,1000000,87960
5278,1210625,22880
5279,1000000,216720
5280,1210625,35860
5281,1210625,31340
5282,1210625,30630
5283,1210625,33940
5284,1000000,132080
5285,1210625,31680
5286,1000000,47870
5287,1210625,8740
5288,1000000,99380
5289,1000000,65820
5290,1000000,123090
5291,1210625,26260
5292,1000000,77130
5293,1210625,27440
5294,1210625,18150
5295,1210625,36950
5296,1210625,38020
5297,1210625,27310
5298,1000000,51560
5299,1210625,24750
5300,1210625,14430
5301,1210625,27000
5302,1210625,19390
5303,1210625,32640
5304,1000000,53830
5305,1210625,20050
5306,1210625,22110
5307,1000000,48880
5308,1210625,31090
5309,1000000,104810
5310,1210625,28550
5311,1210625,23700
5312,1000000,46820
5313,1000000,75720
5314,1000000,49690
5315,1000000,60780
5316,1210625,29740
5317,1210625,36000
5318,1000000,52160
5319,1210625,25530
5320,1210625,19530
5321,1210625,14290
5322,1210625,33870
5323,1210625,14200
5324,1210625,29600
5325,1210625,19240
5326,1210625,38110
5327,1210625,33560
5328,1210625,20520
5329,1210625,19340
5330,1210625,21240
5331,1210625,28890
5332,1000000,184850
5333,1210625,25080
5334,1210625,30300
5335,1000000,47040
5336,1210625,37260
5337,1210625,31700
5338,1000000,42460
5339,1210625,39170
5340,1210625,27720
5341,1210625,28640
5342,1210625,19450
5343,1000000,80090
5344,1000000,51110
5345,1210625,32960
5346,1210625,30170
5347,1210625,26350
5348,1210625,22340
5349,1000000,41200
5350,1000000,108220
5351,1000000,43180
5352,1210625,31640
5353,1210625,34720
5354,1210625,12920
5355,1210625,22280
5356,1210625,14410
5357,1210625,26930
5358,1210625,24570
5359,1210625,16830
5360,1000000,156290
5361,1210625,34200
5362,1210625,18570
5363,1000000,89820
5364,1000000,62400
5365,1210625,32020
5366,1210625,29640
5367,1210625,24240
5368,1210625,16490
5369,1000000,65130
5370,1210625,32460
5371,1210625,35280
5372,1210625,23490
5373,1000000,40030
5374,1000000,50180
5375,1210625,13920
5376,1000000,43490
5377,1210625,33360
5378,1210625,16500
5379,1210625,27870
5380,1210625,30300
5381,1000000,42800
5382,1210625,23000
5383,1210625,18570
5384,1210625,32360
5385,1210625,33030
5386,1210625,30690
5387,1000000,45180
5388,1210625,16480
5389,1210625,33550
5390,1210625,26610
5391,1210625,30950
5392,1210625,22780
5393,1210625,28060
5394,1000000,45260
5395,1210625,34880
5396,1210625,25360
5397,1210625,37870
5398,1210625,19090
5399,1000000,42230
5400,1210625,21110
5401,1210625,20490
5402,1210625,21030
5403,1210625,22180
5404,1000000,209290
5405,1000000,66920
5406,1210625,21240
5407,1210625,29520
5408,1210625,25670
5409,1000000,46760
5410,1000000,83130
5411,1210625,27720
5412,1000000,89750
5413,1210625,12980
5414,1210625,26750
5415,1000000,97820
5416,1210625,24420
5417,1000000,58860
5418,1210625,18360
5419,1000000,87320
5420,1000000,42460
5421,1000000,47910
5422,1210625,35880
5423,1000000,54110
5424,1000000,141580
5425,1000000,67110
5426,1000000,51680
5427,1000000,61630
5428,1210625,28870
5429,1000000,40500
5430,1210625,25680
5431,1000000,117460
5432,1210625,21390
5433,1210625,19890
5434,1210625,22210
5435,1210625,13860
5436,1210625,22790
5437,1210625,26080
5438,5116,1000000
5439,1210625,37060
5440,1210625,34620
5441,1000000,42540
5442,1210625,23590
5443,1210625,17700
5444,1000000,51980
5445,1210625,29330
5446,1000000,45400
5447,1210625,36280
5448,1210625,10260
5449,1210625,36590
5450,1210625,16860
5451,1000000,84020
5452,1210625,22730
5453,1210625,10120
5454,1000000,108690
5455,1000000,47890
5456,1210625,25660
5457,1210625,21860
5458,1210625,21540
5459,1210625,31910
5460,1000000,41010
5461,1210625,32550
5462,1210625,37670
5463,1210625,33050
5464,1210625,16500
5465,1210625,24230
5466,1000000,43880
5467,1000000,56090
5468,1000000,40670
5469,1000000,58680
5470,1000000,47940
5471,1210625,17970
5472,1000000,167730
5473,1210625,16810
5474,1210625,25990
5475,1210625,24490
5476,1210625,24400
5477,1210625,30740
5478,1000000,51830
5479,1210625,25690
5480,1210625,30670
5481,1000000,49750
5482,1210625,34630
5483,1000000,66470
5484,1210625,33000
5485,1000000,107900
5486,1210625,19450
5487,1210625,23010
5488,1210625,17490
5489,1210625,35400
5490,1000000,186460
5491,1210625,15600
5492,1210625,30430
5493,1210625,8340
5494,1000000,48180
5495,1210625,36580
5496,1210625,35740
5497,1210625,25500
5498,1000000,52310
5499,1000000,48160
5500,1210625,33990
5501,1000000,50340
5502,1210625,34990
5503,1210625,22340
5504,1000000,58680
5505,1210625,28600
5506,1210625,28980
5507,1210625,8820
5508,1210625,34590
5509,1210625,31780
5510,1210625,24180
5511,1210625,35420
5512,1210625,28060
5513,1210625,24240
5514,1210625,18000
5515,1000000,67490
5516,1210625,29550
5517,1210625,16370
5518,1210625,27630
5519,1210625,11880
5520,1000000,56430
5521,1210625,18130
5522,1210625,29460
5523,1210625,21010
5524,1210625,17000
5525,1210625,26450
5526,1000000,152160
5527,1000000,61420
5528,1210625,39010
5529,1210625,11370
5530,1000000,54330
5531,1210625,33480
5532,1000000,41210
5533,1000000,57770
5534,1210625,16430
5535,1210625,20590
5536,1210625,31070
5537,1210625,17220
5538,1210625,32780
5539,1000000,60140
5540,1000000,70820
5541,1210625,39220
5542,1210625,15770
5543,1210625,24010
5544,1210625,35550
5545,1210625,32330
5546,1210625,34080
5547,1210625,15760
5548,1000000,78210
5549,1000000,60110
5550,1000000,76120
5551,1210625,18730
5552,1210625,37090
5553,1210625,32170
5554,1210625,28380
5555,1210625,38390
5556,1210625,33030
5557,1000000,59370
5558,1210625,18410
5559,1210625,29530
5560,1000000,93750
5561,1000000,87470
5562,1210625,18110
5563,1000000,48270
5564,1000000,46140
5565,1210625,24940
5566,1210625,23320
5567,1210625,31440
5568,1210625,24090
5569,1210625,35580
5570,1000000,113500
5571,1210625,29540
5572,1210625,39670
5573,1000000,65670
5574,1000000,45550
5575,1210625,27820
5576,1000000,92420
5577,1210625,28150
5578,1210625,19460
5579,1210625,34270
5580,1210625,28500
5581,1210625,23570
5582,1210625,25970
5583,1210625,24980
5584,1210625,35770
5585,1210625,31600
5586,1210625,21470
5587,1210625,13970
5588,1210625,26820
5589,1210625,29350
5590,1210625,24000
5591,1000000,49940
5592,1000000,83780
5593,1210625,23450
5594,1000000,43420
5595,1210625,10850
5596,1210625,35910
5597,1000000,46050
5598,1210625,23000
5599,1210625,17690
5600,1210625,37880
5601,1000000,105780
5602,1210625,16490
5603,1210625,30570
5604,1210625,32170
5605,1000000,138760
5606,1000000,50950
5607,1210625,7550
5608,1210625,29390
5609,1210625,29190
5610,1210625,25910
5611,1210625,27510
5612,1210625,38240
5613,1210625,19050
5614,1210625,23680
5615,1210625,24340
5616,1000000,41750
5617,1210625,29280
5618,1210625,24900
5619,1210625,29770
5620,1210625,17650
5621,1210625,12310
5622,1210625,26890
5623,1000000,48950
5624,1210625,35950
5625,1210625,31080
5626,1000000,75370
5627,1210625,25020
5628,1000000,67750
5629,1000000,43380
5630,1210625,26640
5631,1210625,28960
5632,1210625,11610
5633,1000000,50580
5634,1210625,38670
5635,1000000,53400
5636,1210625,15620
5637,1210625,28540
5638,1000000,42820
5639,1210625,38500
5640,1210625,29250
5641,1210625,18300
5642,1000000,55140
5643,1210625,23160
5644,1210625,17280
5645,1000000,49310
5646,1210625,34030
5647,1000000,46840
5648,1000000,69870
5649,5116,1000000
5650,1000000,67220
5651,1210625,18980
5652,1210625,37100
5653,1000000,51950
5654,1210625,15800
5655,1210625,16680
5656,1210625,6060
5657,1210625,30110
5658,1210625,26650
5659,1210625,28870
5660,1210625,21890
5661,1210625,18200
5662,1210625,18020
5663,1210625,28260
5664,1000000,43160
5665,1000000,77010
5666,1210625,31910
5667,1210625,16380
5668,1210625,27640
5669,1210625,30250
5670,1210625,26780
5671,1210625,18170
5672,1210625,11520
5673,1210625,28880
5674,1000000,43990
5675,1000000,58310
5676,1210625,17810
5677,1000000,54300
5678,1000000,40250
5679,1210625,26810
5680,1210625,39440
5681,1210625,29390
5682,1210625,18650
5683,1000000,43510
5684,1000000,77170
5685,1210625,11850
5686,1000000,46740
5687,1210625,23520
5688,1000000,44900
5689,1210625,36380
5690,1210625,27290
5691,1210625,22700
5692,1210625,35500
5693,1210625,15400
5694,1210625,14050
5695,1210625,7810
5696,1000000,46940
5697,1210625,38590
5698,1210625,20820
5699,1210625,26230
5700,1000000,90870
5701,1210625,39300
5702,1210625,22560
5703,1210625,27140
5704,1000000,41510
5705,1210625,21450
5706,1210625,21910
5707,1210625,26040
5708,1000000,57150
5709,1210625,7210
5710,1210625,30960
5711,1210625,27830
5712,1210625,25650
5713,1210625,19640
5714,1210625,37850
5715,1000000,52440
5716,1210625,29020
5717,1210625,31480
5718,1210625,29400
5719,1210625,14350
5720,1000000,115260
5721,1000000,46370
5722,1000000,51830
5723,1210625,9230
5724,1210625,13340
5725,1210625,21840
5726,1210625,25930
5727,1210625,38370
5728,1000000,40970
5729,1210625,30220
5730,1210625,23180
5731,1000000,56050
5732,1210625,22710
5733,1210625,34150
5734,1210625,35030
5735,1210625,12140
5736,1210625,16300
5737,1000000,62660
5738,1000000,54560
5739,1000000,71170
5740,5116,1000000
5741,1210625,27700
5742,1210625,39620
5743,1000000,94510
5744,1000000,40510
5745,1210625,35890
5746,1210625,36430
5747,1210625,14300
5748,1000000,82390
5749,1210625,11660
5750,1210625,33240
5751,1210625,21250
5752,1000000,95980
5753,1210625,10060
5754,1000000,45320
5755,1210625,23800
5756,1210625,38430
5757,1210625,19950
5758,1210625,24470
5759,1000000,44900
5760,1210625,33240
5761,1210625,34290
5762,1210625,9520
5763,1000000,70820
5764,1210625,27810
5765,1210625,22090
5766,1210625,18730
5767,1210625,25870
5768,1000000,76150
5769,1000000,79810
5770,1000000,53630
5771,1210625,21750
5772,1210625,30340
5773,1000000,48690
5774,1210625,27370
5775,1000000,81480
5776,1000000,59490
5777,1000000,56030
5778,1000000,52890
5779,1000000,40800
5780,1000000,44340
5781,1000000,64360
5782,1210625,12840
5783,1210625,22690
5784,1000000,64410
5785,1210625,8130
5786,1000000,43820
5787,1000000,57840
5788,1210625,24530
5789,1000000,47850
5790,1210625,33830
5791,1000000,52560
5792,1000000,43420
5793,1000000,44090
5794,1210625,35570
5795,1210625,36630
5796,1210625,34630
5797,1000000,60440
5798,1000000,66220
5799,1210625,15130
5800,1000000,45040
5801,1210625,29360
5802,1000000,67040
5803,1210625,17070
5804,1000000,42410
5805,1210625,29040
5806,1210625,23930
5807,1210625,25790
5808,1000000,59310
5809,1000000,69820
5810,1000000,76240
5811,1210625,27360
5812,1210625,34810
5813,1210625,36960
5814,1210625,37000
5815,1210625,30090
5816,1210625,17660
5817,1210625,25560
5818,1000000,41430
5819,1210625,25430
5820,1210625,32230
5821,1210625,30020
5822,1210625,16380
5823,1210625,32220
5824,1000000,140330
5825,1000000,57490
5826,1210625,20270
5827,1000000,40640
5828,1210625,17550
5829,1210625,28110
5830,1210625,27640
5831,1000000,42340
5832,1000000,47420
5833,1000000,41890
5834,1210625,29970
5835,1000000,64600
5836,1210625,28390
5837,1210625,23170
5838,1210625,25890
5839,1000000,41020
5840,1210625,31440
5841,1000000,60240
5842,1210625,34040
5843,1000000,62510
5844,1210625,39030
5845,1210625,24850
5846,1000000,58480
5847,1210625,18590
5848,1000000,83770
5849,1210625,22430
5850,1000000,69900
5851,1000000,46120
5852,1210625,11690
5853,1210625,21350
5854,1210625,32400
5855,1000000,41930
5856,1210625,32920
5857,1210625,39220
5858,1000000,72460
5859,1210625,18710
5860,1210625,37400
5861,1000000,56480
5862,1000000,116380
5863,1210625,20360
5864,5116,1000000
5865,1210625,18750
5866,1000000,60000
5867,1210625,12130
5868,1000000,46110
5869,1210625,34850
5870,1210625,14520
5871,1210625,24850
5872,1210625,28960
5873,1210625,27910
5874,1000000,42190
5875,1000000,40650
5876,1210625,29590
5877,1210625,33710
5878,1210625,30250
5879,1000000,45320
5880,1000000,41070
5881,1210625,37710
5882,1210625,38970
5883,1000000,80800
5884,1210625,21850
5885,1000000,55980
5886,1210625,29030
5887,1210625,39720
5888,1000000,45470
5889,1210625,12360
5890,1000000,62520
5891,1210625,39130
5892,1000000,40980
5893,1000000,44130
5894,1000000,50950
5895,1210625,28590
5896,1000000,155520
5897,1210625,38470
5898,1210625,37080
5899,1210625,13720
5900,1000000,87830
5901,1210625,6080
5902,1210625,21950
5903,1000000,83920
5904,1210625,17390
5905,1210625,20350
5906,1000000,44850
5907,1210625,39680
5908,1000000,40700
5909,1210625,36740
5910,1000000,70460
5911,1210625,28330
5912,1210625,32090
5913,1210625,15110
5914,1210625,35240
5915,1000000,49750
5916,1210625,5940
5917,1000000,174610
5918,1000000,59430
5919,1210625,29880
5920,1210625,22330
5921,1000000,76560
5922,1210625,16850
5923,1000000,49480
5924,1000000,110440
5925,1000000,50440
5926,1210625,23680
5927,1000000,55580
5928,1000000,52870
5929,1210625,29060
5930,1000000,63120
5931,1000000,118130
5932,1000000,70670
5933,1210625,39460
5934,1210625,15350
5935,1210625,18990
5936,1000000,40180
5937,1210625,16760
5938,1210625,36290
5939,1210625,39180
5940,1210625,14430
5941,1210625,27820
5942,1210625,26350
5943,1210625,5110
5944,1210625,19320
5945,1000000,69580
5946,1210625,22630
5947,1210625,28780
5948,1210625,21080
5949,1210625,13710
5950,1000000,45100
5951,1210625,30100
5952,1000000,95890
5953,1210625,28440
5954,1000000,60320
5955,1210625,19330
5956,1210625,33760
5957,1000000,80120
5958,1210625,15930
5959,1210625,29790
5960,1210625,33730
5961,1210625,30250
5962,1210625,16740
5963,1210625,21360
5964,1210625,15390
5965,1000000,45260
5966,1210625,28940
5967,1210625,22900
5968,1000000,61480
5969,1210625,14070
5970,1210625,32590
5971,1000000,66170
5972,1000000,41920
5973,1210625,35820
5974,1000000,88900
5975,1210625,38520
5976,1210625,27530
5977,1210625,31020
5978,1210625,21050
5979,1210625,38000
5980,1210625,17970
5981,1000000,40980
5982,1210625,19430
5983,1210625,20170
5984,1000000,46760
5985,1000000,63410
5986,1000000,49640
5987,1210625,36670
5988,1210625,28290
5989,1000000,54530
5990,1210625,34590
5991,1000000,49350
5992,1210625,20660
5993,1210625,17310
5994,1210625,31250
5995,1210625,4420
5996,1210625,34410
5997,1210625,17580
5998,1210625,33980
5999,1210625,29150
6000,1210625,37640
6001,1000000,145390
6002,1210625,20840
6003,1000000,153420
6004,1210625,13750
6005,1210625,24810
6006,1210625,17470
6007,1210625,37440
6008,1000000,41010
6009,1210625,17800
6010,1210625,19330
6011,1210625,19390
6012,1210625,22990
6013,1000000,46280
6014,1210625,20460
6015,1210625,19800
6016,1000000,48830
6017,1210625,23360
6018,1210625,32030
6019,1210625,37600
6020,1210625,22110
6021,1210625,30490
6022,1210625,16900
6023,1000000,92280
6024,1210625,29580
6025,1210625,21040
6026,1000000,188290
6027,1210625,24460
6028,1210625,21410
6029,1210625,15910
6030,1000000,46570
6031,1210625,36250
6032,1210625,35940
6033,1000000,56070
6034,1210625,27870
6035,1210625,35750
6036,1210625,30940
6037,1210625,20240
6038,1210625,39260
6039,1000000,55010
6040,1210625,18400
6041,1210625,25670
6042,1210625,17590
6043,1000000,70270
6044,1000000,40340
6045,1210625,30630
6046,1210625,15700
6047,1210625,6340
6048,1210625,18490
6049,1210625,25410
6050,1210625,14770
6051,1210625,32070
6052,1000000,135020
6053,1000000,94140
6054,1210625,14600
6055,1210625,36870
6056,1210625,11700
6057,1000000,57520
6058,1000000,61610
6059,1210625,26630
6060,1210625,17590
6061,1000000,134520
6062,1210625,30560
6063,1210625,30320
6064,1000000,109000
6065,1210625,13660
6066,1000000,54880
6067,1000000,51950
6068,1000000,45520
6069,1210625,26180
6070,1210625,9920
6071,1210625,17500
6072,1210625,27350
6073,1210625,20570
6074,1000000,58890
6075,1210625,11660
6076,1000000,48030
6077,1210625,16650
6078,1000000,82910
6079,1210625,29550
6080,1210625,24600
6081,1210625,14290
6082,1210625,20760
6083,1210625,29530
6084,1210625,15850
6085,1000000,43630
6086,1000000,62370
6087,1210625,32330
6088,1210625,29800
6089,1210625,38970
6090,1210625,31150
6091,1210625,30460
6092,1000000,48960
6093,1000000,59200
6094,1210625,8660
6095,1210625,29150
6096,1000000,68870
6097,1000000,137620
6098,1210625,38650
6099,1210625,12300
6100,1000000,52560
6101,1000000,74700
6102,1000000,43590
6103,1000000,48900
6104,1210625,22620
6105,1000000,56720
6106,1210625,25100
6107,1000000,65550
6108,1000000,57530
6109,1210625,12460
6110,1210625,39240
6111,1000000,46960
6112,1000000,45050
6113,1210625,12650
6114,1210625,21080
6115,1210625,32700
6116,1210625,23090
6117,1000000,113820
6118,5116,1000000
6119,1000000,93010
6120,1210625,24080
6121,1210625,12160
6122,1210625,17830
6123,1210625,23240
6124,1210625,14520
6125,1000000,61160
6126,1210625,25100
6127,1210625,29150
6128,1000000,58940
6129,1000000,68810
6130,1210625,26780
6131,1210625,22360
6132,1210625,37440
6133,1210625,17670
6134,1210625,12920
6135,1210625,33920
6136,1000000,47820
6137,1000000,61080
6138,1000000,89530
6139,1000000,232200
6140,1210625,12190
6141,1210625,27100
6142,1210625,22390
6143,1210625,24960
6144,1210625,10190
6145,1210625,33800
6146,1000000,56390
6147,1000000,133020
6148,1000000,49630
6149,1210625,14060
6150,1000000,51130
6151,1210625,27000
6152,1000000,46570
6153,1000000,60360
6154,1210625,37320
6155,1000000,135860
6156,1210625,39770
6157,1210625,25070
6158,1210625,28410
6159,1000000,42360
6160,1210625,9710
6161,1000000,138280
6162,1210625,29670
6163,1000000,40640
6164,1210625,31360
6165,1210625,29590
6166,1210625,27680
6167,1000000,67050
6168,1210625,5470
6169,1210625,36230
6170,1210625,39310
6171,1000000,54560
6172,1210625,38940
6173,1000000,57410
6174,1000000,66910
6175,1210625,15870
6176,1000000,77170
6177,1000000,68840
6178,1210625,28900
6179,1210625,33500
6180,1000000,48450
6181,5116,1000000
6182,1000000,89180
6183,1210625,25060
6184,1210625,14900
6185,1210625,14170
6186,1000000,43400
6187,1210625,27150
6188,1210625,23840
6189,1210625,29750
6190,1210625,24640
6191,1210625,25970
6192,1210625,24670
6193,1000000,68300
6194,1000000,70110
6195,1210625,12950
6196,1210625,20260
6197,1000000,49630
6198,1210625,27180
6199,1000000,53680
6200,1000000,80380
6201,1210625,22940
6202,1210625,32250
6203,1210625,28060
6204,1000000,54520
6205,1000000,55600
6206,1210625,37160
6207,1000000,43380
6208,1210625,17320
6209,1210625,15630
6210,1210625,28090
6211,1210625,25250
6212,1210625,16070
6213,1210625,21020
6214,1210625,39690
6215,1210625,30300
6216,1210625,25980
6217,1000000,46310
6218,1000000,68590
6219,1000000,59120
6220,5116,1000000
6221,1000000,53140
6222,1210625,24100
6223,1000000,40970
6224,1000000,51130
6225,1210625,30830
6226,1210625,16020
6227,1000000,40800
6228,1210625,7660
6229,1210625,35170
6230,1000000,82810
6231,1000000,66300
6232,1000000,75080
6233,1210625,26980
6234,1000000,59540
6235,1210625,30030
6236,1210625,11560
6237,1000000,75720
6238,1210625,32240
6239,1000000,51800
6240,1000000,40180
6241,1000000,71120
6242,1000000,66610
6243,1210625,25060
6244,1000000,52180
6245,1210625,26260
6246,1210625,27830
6247,1210625,35130
6248,1210625,26120
6249,1210625,21030
6250,1210625,31610
6251,1210625,33530
6252,1210625,28320
6253,1000000,42080
6254,1210625,37190
6255,1210625,38570
6256,1000000,49190
6257,1210625,22980
6258,1210625,31230
6259,1210625,38920
6260,1000000,64490
6261,1210625,12060
6262,1000000,41330
6263,1000000,44040
6264,1000000,43370
6265,1210625,28100
6266,1210625,27900
6267,1000000,43050
6268,1210625,39080
6269,1210625,35310
6270,1000000,45540
6271,1000000,43800
6272,1210625,6300
6273,1000000,46820
6274,1210625,27190
6275,1000000,51090
6276,1210625,22000
6277,1210625,32110
6278,1210625,19650
6279,1210625,17490
6280,1210625,31260
6281,1210625,30600
6282,1210625,22750
6283,1210625,14800
6284,1000000,60140
6285,1210625,39080
6286,1210625,15810
6287,1210625,37310
6288,1210625,24510
6289,1000000,201110
6290,1210625,32960
6291,1000000,50560
6292,1210625,30550
6293,1000000,40990
6294,1210625,29490
6295,1000000,63820
6296,1210625,21540
6297,1210625,36290
6298,1000000,52320
6299,1000000,40780
6300,1210625,33190
6301,1210625,16600
6302,1000000,48000
6303,1210625,30250
6304,1210625,17120
6305,1210625,19090
6306,1210625,28470
6307,1000000,78120
6308,1210625,30460
6309,1210625,13410
6310,1210625,24020
6311,1210625,6490
6312,1000000,47310
6313,1210625,31180
6314,1000000,54580
6315,1000000,46230
6316,1210625,12750
6317,1210625,36100
6318,1210625,29630
6319,1000000,42460
6320,1210625,33640
6321,1210625,17660
6322,1000000,52250
6323,1210625,30040
6324,1210625,10760
6325,1210625,31060
6326,1210625,13990
6327,1210625,31820
6328,1210625,14800
6329,1210625,16650
6330,1000000,56780
6331,1000000,61970
6332,1210625,17210
6333,1210625,14670
6334,1000000,40370
6335,1210625,35070
6336,1000000,41400
6337,1000000,49270
6338,1210625,21880
6339,1000000,41400
6340,1210625,13030
6341,1000000,54160
6342,1210625,29410
6343,1210625,29410
6344,1000000,43680
6345,1210625,14030
6346,1000000,49520
6347,1000000,42450
6348,1210625,32300
6349,1210625,23670
6350,1210625,33580
6351,1210625,26400
6352,1210625,34970
6353,1210625,27120
6354,1000000,48330
6355,1210625,36220
6356,1210625,26790
6357,1210625,17930
6358,1000000,43360
6359,1000000,64600
6360,1210625,33070
6361,1000000,42290
6362,1210625,24350
6363,1000000,45040
6364,1000000,95590
6365,1210625,24120
6366,1210625,14430
6367,1210625,20430
6368,1210625,29020
6369,1000000,55600
6370,1210625,26880
6371,1000000,49410
6372,1210625,23090
6373,1210625,27650
6374,1210625,23090
6375,1210625,22840
6376,1210625,12820
6377,1000000,44520
6378,1210625,22490
6379,1000000,168750
6380,1000000,58860
6381,1000000,46850
6382,1000000,153680
6383,1210625,25570
6384,1000000,44140
6385,1210625,12160
6386,1210625,12710
6387,1210625,10950
6388,1000000,66520
6389,1210625,29870
6390,1000000,50390
6391,1000000,47970
6392,1210625,37800
6393,1210625,27070
6394,1000000,51210
6395,1210625,15350
6396,1000000,56180
6397,1210625,19100
6398,1210625,37810
6399,1210625,12770
6400,1000000,45830
6401,1210625,22420
6402,1210625,23860
6403,1210625,38740
6404,1210625,29530
6405,1000000,62560
6406,1210625,17010
6407,1210625,33440
6408,1210625,15330
6409,1210625,22950
6410,1210625,25900
6411,1000000,42930
6412,1210625,25900
6413,1210625,25810
6414,1210625,33560
6415,1210625,18990
6416,1210625,10680
6417,1210625,19750
6418,1210625,19580
6419,1210625,31430
6420,1210625,32360
6421,1000000,52600
6422,1210625,38180
6423,1210625,38670
6424,1000000,44190
6425,1000000,179180
6426,1000000,77310
6427,1000000,182110
6428,1000000,45390
6429,1210625,13660
6430,1210625,34910
6431,1210625,20520
6432,1210625,22120
6433,1210625,19480
6434,1000000,53320
6435,1000000,43360
6436,1210625,36060
6437,1210625,27870
6438,1000000,44540
6439,1000000,370990
6440,1210625,26020
6441,1000000,49750
6442,1000000,49330
6443,1000000,50620
6444,1210625,36570
6445,1210625,13550
6446,1000000,64740
6447,1000000,50020
6448,1210625,9220
6449,1000000,40010
6450,1210625,27540
6451,1000000,59370
6452,1210625,23210
6453,1210625,22510
6454,1000000,41690
6455,1000000,194360
6456,1210625,27460
6457,1210625,18090
6458,1000000,82090
6459,1210625,23770
6460,1000000,46090
6461,1210625,29180
6462,1210625,22260
6463,1210625,17830
6464,1210625,23590
6465,1210625,28180
6466,1000000,57820
6467,1210625,13380
6468,1210625,20710
6469,1000000,133870
6470,1210625,32720
6471,1000000,53210
6472,1000000,52640
6473,1000000,43630
6474,1210625,19220
6475,1210625,33160
6476,1210625,26320
6477,1210625,33780
6478,1210625,17650
6479,1210625,17750
6480,1000000,51810
6481,1210625,9350
6482,1210625,38700
6483,1210625,32150
6484,1000000,88910
6485,1210625,26840
6486,1210625,34750
6487,1000000,51300
6488,1210625,11280
6489,1210625,24320
6490,1000000,61640
6491,1210625,9750
6492,1210625,22710
6493,1000000,45710
6494,1210625,28520
6495,1000000,41970
6496,1210625,13770
6497,1210625,38180
6498,1000000,45180
6499,1210625,27410
6500,1210625,23850
6501,1210625,32020
6502,1210625,25690
6503,1210625,16410
6504,1210625,10550
6505,1210625,13440
6506,1210625,30700
6507,1000000,115300
6508,1210625,38740
6509,1210625,25930
6510,1210625,12530
6511,1210625,27260
6512,1210625,31860
6513,1210625,28250
6514,1210625,26230
6515,1210625,19350
6516,1210625,32130
6517,1210625,33490
6518,1000000,45130
6519,1000000,61580
6520,1210625,38770
6521,1000000,41060
6522,1210625,24180
6523,1210625,23930
6524,1000000,45730
6525,1210625,15330
6526,1000000,42650
6527,1210625,27180
6528,1000000,42750
6529,1210625,38300
6530,1210625,19190
6531,1000000,104780
6532,1210625,34220
6533,1000000,51830
6534,1210625,19340
6535,1210625,30840
6536,1210625,23840
6537,1210625,18710
6538,1210625,35180
6539,1000000,55700
6540,1210625,21920
6541,1210625,17990
6542,1000000,47330
6543,1000000,279700
6544,1000000,45160
6545,1210625,31270
6546,1000000,136590
6547,1000000,239210
6548,1210625,34190
6549,1210625,18950
6550,1000000,253750
6551,1210625,28980
6552,1000000,47850
6553,1210625,38440
6554,1210625,32070
6555,1210625,30860
6556,1210625,19940
6557,1000000,43240
6558,1000000,45490
6559,1210625,35190
6560,1000000,48940
6561,1000000,53610
6562,1000000,50260
6563,1210625,24080
6564,1000000,83520
6565,1210625,12020
6566,1000000,63820
6567,1210625,20960
6568,1000000,48940
6569,1210625,37930
6570,1000000,45140
6571,1210625,19410
6572,1210625,24080
6573,1210625,36170
6574,1000000,50430
6575,1210625,33990
6576,1000000,54050
6577,1000000,45950
6578,1210625,16480
6579,1210625,28110
6580,1000000,42600
6581,1000000,75340
6582,1210625,21100
6583,1210625,19930
6584,1210625,21990
6585,1210625,11670
6586,1000000,50610
6587,1210625,20190
6588,1210625,28290
6589,1210625,25850
6590,1210625,12530
6591,1210625,29790
6592,1000000,57010
6593,1210625,17630
6594,1210625,32180
6595,1210625,21430
6596,1000000,136700
6597,1210625,19590
6598,1210625,22160
6599,1210625,20260
6600,1210625,23190
6601,1210625,18700
6602,1000000,50460
6603,1210625,36570
6604,1210625,31900
6605,1000000,70750
6606,1000000,55650
6607,1210625,29810
6608,1210625,10190
6609,1210625,28640
6610,1210625,11370
6611,1210625,24200
6612,1210625,17130
6613,1000000,79800
6614,1210625,24010
6615,1000000,53540
6616,1000000,41350
6617,1210625,20210
6618,1000000,60950
6619,1210625,31090
6620,1210625,30490
6621,1000000,103270
6622,1210625,18820
6623,1000000,56830
6624,1210625,14920
6625,1210625,35820
6626,1000000,43660
6627,1000000,46710
6628,1210625,30310
6629,1000000,74590
6630,1210625,25630
6631,1210625,28130
6632,1210625,29640
6633,1210625,12850
6634,1210625,23070
6635,1210625,25200
6636,1000000,71350
6637,1210625,23710
6638,1210625,18260
6639,1000000,264170
6640,1210625,38400
6641,1000000,43640
6642,1210625,24190
6643,1210625,30760
6644,1000000,48110
6645,1210625,21250
6646,1000000,101920
6647,1210625,37300
6648,1000000,41980
6649,1210625,26360
6650,1210625,7740
6651,1210625,24720
6652,1000000,46340
6653,1210625,14840
6654,1000000,63810
6655,1000000,41280
6656,1210625,25030
6657,1210625,27220
6658,1210625,14440
6659,1000000,78190
6660,1000000,40440
6661,1000000,163390
6662,1210625,30970
6663,1210625,27740
6664,1210625,37480
6665,1210625,19180
6666,1210625,27030
6667,1000000,234440
6668,1210625,27830
6669,1000000,87300
6670,1210625,20810
6671,1210625,30290
6672,1000000,46280
6673,1210625,36730
6674,1210625,28610
6675,1000000,49020
6676,1210625,36860
6677,1210625,33480
6678,1210625,39690
6679,1000000,75710
6680,1210625,16170
6681,1210625,10800
6682,1210625,31980
6683,1000000,60440
6684,1210625,20440
6685,1210625,21000
6686,1210625,27580
6687,1210625,31880
6688,1210625,23120
6689,1000000,50600
6690,1210625,22840
6691,1000000,40390
6692,1210625,21310
6693,1000000,67220
6694,1210625,17220
6695,1210625,39520
6696,1210625,25310
6697,1210625,34270
6698,1210625,39670
6699,1000000,46700
6700,1210625,28370
6701,1210625,25200
6702,1210625,28290
6703,1210625,25140
6704,1000000,42900
6705,1210625,28990
6706,1210625,30680
6707,1210625,38830
6708,1000000,58300
6709,1210625,32950
6710,1000000,50880
6711,1210625,16970
6712,1000000,58220
6713,1000000,42650
6714,1210625,21520
6715,1210625,14250
6716,1210625,22880
6717,1210625,21770
6718,1210625,11700
6719,1210625,29870
6720,1210625,16850
6721,1000000,58950
6722,1210625,28900
6723,1210625,15830
6724,1000000,71230
6725,1210625,14660
6726,1210625,29210
6727,1000000,47970
6728,1000000,42250
6729,1000000,90480
6730,1000000,89900
6731,1210625,32620
6732,1210625,17160
6733,1210625,29970
6734,1210625,33730
6735,1210625,17970
6736,1210625,25730
6737,1000000,53460
6738,1210625,6260
6739,1210625,28060
6740,1210625,39120
6741,1000000,113180
6742,1210625,35200
6743,1210625,30710
6744,1210625,28660
6745,1210625,25570
6746,1000000,44650
6747,1000000,43320
6748,1210625,9890
6749,1210625,25030
6750,1000000,47330
6751,1210625,27740
6752,1210625,30450
6753,1000000,72860
6754,1210625,36190
6755,1210625,22100
6756,1210625,27120
6757,1210625,27890
6758,1210625,30340
6759,1210625,28300
6760,1000000,50760
6761,1000000,40140
6762,1210625,34350
6763,1000000,51580
6764,1210625,31310
6765,1210625,29560
6766,1000000,42500
6767,1210625,30420
6768,1210625,31530
6769,1210625,16240
6770,1210625,31550
6771,1000000,56980
6772,1210625,18550
6773,1210625,27450
6774,1210625,36070
6775,1210625,24100
6776,1210625,19800
6777,1000000,65220
6778,1000000,50900
6779,1000000,92380
6780,1210625,32630
6781,1210625,15090
6782,1210625,21190
6783,1210625,30750
6784,1210625,27750
6785,1210625,16900
6786,1000000,184840
6787,1210625,29240
6788,1210625,28170
6789,1210625,20830
6790,1210625,22540
6791,1210625,20730
6792,1210625,27530
6793,1210625,23630
6794,1210625,22670
6795,1000000,50070
6796,1210625,14290
6797,1210625,17900
6798,1210625,23920
6799,1210625,12100
6800,1210625,30700
6801,1210625,38150
6802,1000000,40950
6803,1210625,19220
6804,1210625,24010
6805,1210625,35720
6806,1210625,22440
6807,1210625,35630
6808,1210625,38570
6809,1210625,33090
6810,1000000,45120
6811,1000000,62960
6812,1000000,62080
6813,1210625,18220
6814,1000000,52670
6815,1210625,39280
6816,1210625,9830
6817,1210625,39360
6818,1210625,31240
6819,1210625,27530
6820,1210625,29590
6821,1000000,65420
6822,1000000,42540
6823,1210625,24410
6824,1210625,29840
6825,1210625,34600
6826,1210625,22560
6827,1210625,39770
6828,1210625,15320
6829,1000000,95450
6830,1000000,44570
6831,1210625,27650
6832,1000000,42670
6833,1000000,41090
6834,1000000,181930
6835,1210625,30310
6836,1210625,12690
6837,1210625,24160
6838,1000000,42090
6839,1210625,17760
6840,1210625,14010
6841,1000000,47320
6842,1000000,41810
6843,1210625,34850
6844,1000000,44820
6845,1210625,25530
6846,1000000,50450
6847,1000000,66360
6848,1210625,32990
6849,1000000,85160
6850,1210625,28490
6851,1210625,29040
6852,1210625,24410
6853,1210625,25690
6854,1210625,38540
6855,1210625,8760
6856,1210625,29170
6857,1210625,26990
6858,1210625,26140
6859,1210625,36320
6860,1210625,15380
6861,1210625,37370
6862,5116,1000000
6863,1000000,61850
6864,1210625,12230
6865,1210625,27880
6866,1000000,54990
6867,1210625,38240
6868,1000000,58100
6869,1210625,22340
6870,1210625,28760
6871,1210625,8250
6872,1210625,33810
6873,1000000,196030
6874,1210625,22750
6875,1000000,107400
6876,1210625,19120
6877,1000000,113680
6878,1000000,44550
6879,1210625,27420
6880,1210625,21640
6881,1210625,19610
6882,1210625,19850
6883,1210625,38720
6884,1000000,44380
6885,1210625,12970
6886,1000000,209230
6887,1000000,64890
6888,1210625,13800
6889,1000000,52800
6890,1210625,33120
6891,1210625,20850
6892,1000000,51440
6893,1000000,90430
6894,1210625,17920
6895,1210625,19640
6896,1210625,27630
6897,1000000,44280
6898,1210625,35080
6899,1210625,10760
6900,1000000,42120
6901,1210625,26680
6902,1210625,35610
6903,1000000,52350
6904,1210625,21180
6905,1210625,22900
6906,1000000,45900
6907,1210625,26070
6908,1210625,32480
6909,1210625,24970
6910,1210625,27510
6911,1210625,13680
6912,1210625,39900
6913,1000000,40200
6914,1000000,51510
6915,1210625,20780
6916,1210625,22900
6917,1210625,32290
6918,1210625,31010
6919,1210625,13020
6920,1000000,43320
6921,1000000,122520
6922,1210625,14520
6923,1210625,32140
6924,1210625,34930
6925,1210625,26700
6926,1210625,26160
6927,1210625,14940
6928,1000000,48950
6929,1210625,26330
6930,1210625,18120
6931,1210625,32340
6932,1000000,48330
6933,1000000,44390
6934,1000000,175750
6935,1210625,15710
6936,1210625,24550
6937,1210625,23730
6938,1210625,5540
6939,1210625,27680
6940,1210625,30560
6941,1210625,29560
6942,1210625,14600
6943,1210625,27940
6944,1210625,17080
6945,1210625,27920
6946,1210625,21780
6947,1210625,15020
6948,1210625,23070
6949,1000000,48750
6950,1210625,37830
6951,1000000,75410
6952,1210625,24040
6953,1210625,34470
6954,1000000,74190
6955,1210625,12080
6956,1210625,23270
6957,1210625,19680
6958,1000000,59220
6959,1000000,50890
6960,1210625,29120
6961,1210625,24620
6962,1210625,34810
6963,1210625,32520
6964,1210625,39790
6965,1210625,21110
6966,1000000,44320
6967,1210625,19390
6968,1210625,33980
6969,1210625,26050
6970,1210625,20940
6971,1000000,41480
6972,1210625,34870
6973,1210625,23560
6974,1000000,60750
6975,1210625,23110
6976,1210625,27530
6977,1210625,30240
6978,1000000,56340
6979,1000000,81010
6980,1000000,67750
6981,1000000,105870
6982,1210625,28280
6983,1210625,22540
6984,1000000,66540
6985,1000000,54180
6986,1000000,69010
6987,1000000,151190
6988,1210625,28140
6989,1000000,49280
6990,1210625,26300
6991,1210625,19090
6992,1210625,26210
6993,1000000,95540
6994,1210625,31650
6995,1210625,38460
6996,1210625,8090
6997,1210625,16440
6998,1210625,38420
6999,1210625,36700
7000,1210625,23550
7001,1000000,44100
7002,1000000,84910
7003,1000000,119760
7004,1210625,16800
7005,1210625,23830
7006,1000000,134830
7007,1000000,41760
7008,1000000,40270
7009,1210625,23010
7010,1210625,30140
7011,1000000,71200
7012,1000000,46950
7013,1210625,34930
7014,1210625,33580
7015,1000000,63430
7016,1210625,9560
7017,1000000,42300
7018,1210625,17350
7019,1210625,21710
7020,1000000,71630
7021,1210625,29190
7022,1210625,11740
7023,1210625,13450
7024,1000000,52450
7025,1000000,48520
7026,1000000,43280
7027,1210625,37710
7028,1210625,29880
7029,1210625,14020
7030,1210625,33110
7031,1210625,17730
7032,1000000,73210
7033,1210625,33920
7034,1000000,412570
7035,1000000,50920
7036,1210625,21240
7037,1210625,24440
7038,1210625,24060
7039,1000000,140480
7040,1000000,42960
7041,1000000,41960
7042,1000000,45900
7043,1210625,9960
7044,1210625,28240
7045,1210625,18110
7046,1210625,34150
7047,1000000,44610
7048,1210625,18140
7049,1210625,23640
7050,1000000,41050
7051,1000000,40600
7052,1000000,53150
7053,1000000,76270
7054,1210625,32700
7055,1210625,26910
7056,1210625,34980
7057,1210625,28060
7058,1210625,38750
7059,1000000,41840
7060,1210625,38130
7061,1210625,26470
7062,1210625,28310
7063,1210625,22160
7064,1210625,22060
7065,1210625,32920
7066,1210625,19350
7067,1210625,23800
7068,1210625,33400
7069,1000000,75810
7070,1000000,108100
7071,1210625,14630
7072,1000000,198940
7073,1000000,42930
7074,1210625,28020
7075,1000000,112710
7076,1210625,25320
7077,1000000,42660
7078,1210625,32800
7079,1210625,27960
7080,1210625,25630
7081,1210625,19220
7082,1210625,18710
7083,1210625,35820
7084,1000000,49880
7085,1000000,122350
7086,1000000,93690
7087,1000000,59690
7088,1000000,42820
7089,1210625,14520
7090,1210625,15200
7091,1210625,11790
7092,1000000,56180
7093,1210625,19040
7094,1000000,98530
7095,1210625,27670
7096,1000000,46030
7097,1210625,29980
7098,1210625,34350
7099,1210625,29070
7100,1210625,21850
7101,1210625,32580
7102,1000000,41680
7103,1210625,37030
7104,1210625,27610
7105,1000000,77420
7106,1000000,44510
7107,1000000,71020
7108,1210625,39930
7109,1000000,83240
7110,1000000,45020
7111,1000000,46410
7112,1210625,11100
7113,1210625,24840
7114,1000000,96580
7115,1210625,36570
7116,1210625,20070
7117,1210625,23660
7118,1210625,18950
7119,1210625,32740
7120,1210625,35770
7121,1210625,30180
7122,1210625,35270
7123,1210625,22490
7124,1210625,18990
7125,1210625,25650
7126,1210625,27650
7127,1210625,21930
7128,1000000,55440
7129,1210625,16140
7130,1210625,28110
7131,1210625,9910
7132,1210625,16710
7133,1000000,45310
7134,1000000,42610
7135,1210625,18490
7136,1000000,42990
7137,1000000,110030
7138,1000000,66170
7139,1000000,50370
7140,1210625,18400
7141,1210625,21860
7142,1210625,18680
7143,1000000,52470
7144,1210625,21520
7145,1210625,14250
7146,1210625,39190
7147,1000000,115480
7148,1000000,40580
7149,1210625,31320
7150,1000000,53200
7151,1000000,70200
7152,1210625,25060
7153,1210625,28810
7154,1000000,42250
7155,1210625,31370
7156,1000000,49020
7157,1210625,16910
7158,1210625,28380
7159,1000000,53390
7160,1210625,37330
7161,1210625,32390
7162,1210625,28400
7163,1210625,20660
7164,1000000,53490
7165,1000000,54350
7166,1000000,69290
7167,1210625,15070
7168,1210625,9580
7169,1000000,62610
7170,1210625,37570
7171,1210625,17010
7172,1210625,12200
7173,1210625,12350
7174,1000000,42090
7175,1210625,19560
7176,1000000,73420
7177,1210625,38180
7178,1210625,16300
7179,1210625,39880
7180,1000000,48990
7181,1210625,7400
7182,1000000,272950
7183,1210625,28250
7184,1210625,32810
7185,1210625,20470
7186,1000000,54650
7187,1000000,65590
7188,1000000,65100
7189,1000000,59910
7190,1210625,20760
7191,1210625,34030
7192,1000000,46000
7193,1000000,41460
7194,1000000,72780
7195,5116,1000000
7196,1000000,93990
7197,1000000,41090
7198,1210625,29110
7199,1000000,57330
7200,1210625,12280
7201,1000000,40760
7202,1210625,20680
7203,1210625,27240
7204,1000000,40180
7205,1000000,42940
7206,1000000,46640
7207,1000000,380280
7208,1000000,119580
7209,1210625,37570
7210,1210625,25830
7211,1000000,41400
7212,1000000,70690
7213,1210625,18650
7214,1000000,63890
7215,1210625,31460
7216,1210625,29750
7217,1210625,25570
7218,1000000,42020
7219,1210625,11480
7220,1000000,42750
7221,1000000,134700
7222,1210625,19290
7223,1210625,17200
7224,1210625,38070
7225,1210625,25340
7226,1210625,24580
7227,1000000,43310
7228,1210625,18160
7229,1000000,50580
7230,1210625,17390
7231,1000000,44530
7232,1000000,70940
7233,1210625,15400
7234,1210625,30190
7235,1000000,44130
7236,5116,1000000
7237,1210625,24540
7238,1000000,47920
7239,1000000,50920
7240,1210625,31670
7241,1000000,71090
7242,1210625,21510
7243,1210625,13470
7244,1000000,81060
7245,1210625,33700
7246,1210625,24880
7247,1000000,53540
7248,1210625,28540
7249,1210625,20330
7250,1000000,42350
7251,1210625,35230
7252,1000000,47800
7253,1210625,24010
7254,1000000,55530
7255,1210625,27910
7256,1210625,24040
7257,1000000,55590
7258,1000000,99770
7259,1000000,88680
7260,1000000,75660
7261,1210625,30020
7262,1210625,25090
7263,1210625,32080
7264,1000000,46120
7265,1210625,36290
7266,1210625,37810
7267,1210625,34680
7268,1000000,49130
7269,1000000,327300
7270,1000000,43520
7271,1210625,33600
7272,1210625,31370
7273,1210625,29620
7274,1000000,41710
7275,1210625,30660
7276,1210625,36240
7277,1000000,158700
7278,1210625,26450
7279,1210625,21330
7280,1210625,27690
7281,1210625,38440
7282,1210625,39520
7283,1000000,88600
7284,1000000,66960
7285,1000000,180820
7286,1210625,14010
7287,1210625,27810
7288,1000000,89450
7289,1210625,14420
7290,1000000,47480
7291,1210625,23220
7292,1000000,44490
7293,1210625,22780
7294,1000000,53220
7295,1210625,24770
7296,1000000,51170
7297,1000000,42410
7298,1000000,76520
7299,1000000,56340
7300,1210625,35610
7301,1000000,58480
7302,1000000,43020
7303,1000000,55170
7304,1210625,15460
7305,1000000,51910
7306,1210625,32440
7307,1000000,68800
7308,1210625,20410
7309,1210625,15820
7310,1000000,64200
7311,1000000,61810
7312,1210625,36270
7313,1000000,60850
7314,1210625,23830
7315,1210625,13570
7316,1210625,29140
7317,1000000,41970
7318,1210625,20020
7319,1210625,25400
7320,1000000,68600
7321,1000000,45300
7322,1210625,39040
7323,1210625,24830
7324,1210625,28900
7325,1210625,21080
7326,1000000,53340
7327,1210625,15220
7328,1210625,22450
7329,1210625,9080
7330,1210625,29560
7331,1210625,23570
7332,1210625,26980
7333,1210625,17010
7334,1210625,20400
7335,1210625,23850
7336,1210625,31260
7337,1000000,51370
7338,1210625,29010
7339,1210625,16150
7340,1210625,26180
7341,1000000,50330
7342,1000000,43660
7343,1210625,38140
7344,1210625,17240
7345,1210625,29630
7346,1000000,44470
7347,1210625,10520
7348,1210625,26800
7349,1000000,95900
7350,1210625,32050
7351,1210625,18180
7352,1000000,53230
7353,1000000,66190
7354,1210625,27350
7355,1000000,49600
7356,1210625,22510
7357,1000000,56000
7358,1000000,55350
7359,1210625,39890
7360,1210625,37720
7361,1210625,28480
7362,1210625,35290
7363,1000000,60020
7364,1210625,18310
7365,1000000,73370
7366,1210625,21290
7367,1210625,29610
7368,1210625,29200
7369,1210625,14790
7370,1000000,70820
7371,1210625,23550
7372,1210625,26050
7373,1210625,17400
7374,1000000,40760
7375,1210625,27910
7376,1000000,86150
7377,1000000,91190
7378,1210625,28290
7379,1000000,52940
7380,1210625,23090
7381,1210625,25850
7382,1000000,60710
7383,1000000,48520
7384,1210625,32330
7385,1210625,20150
7386,1000000,56250
7387,1210625,34730
7388,1210625,25370
7389,1000000,54320
7390,1210625,22750
7391,1210625,38190
7392,1210625,34700
7393,1000000,56490
7394,1210625,14990
7395,1000000,44750
7396,1210625,25790
7397,1210625,29110
7398,1210625,13420
7399,1210625,26260
7400,1000000,41530
7401,1000000,52560
7402,1210625,32070
7403,1000000,211220
7404,1000000,50810
7405,1210625,24260
7406,1000000,66570
7407,1210625,31080
7408,1210625,23700
7409,1210625,14840
7410,1000000,78770
7411,1210625,26390
7412,1210625,13680
7413,1210625,16950
7414,1000000,138550
7415,1000000,64320
7416,1000000,47340
7417,1210625,24950
7418,1210625,14960
7419,1210625,22040
7420,1000000,62040
7421,1210625,23140
7422,1210625,26880
7423,1210625,29770
7424,1000000,63180
7425,1000000,86740
7426,1210625,20830
7427,1000000,48310
7428,1210625,32370
7429,1210625,14380
7430,1210625,35970
7431,1210625,27230
7432,1000000,43870
7433,1000000,55810
7434,1210625,38940
7435,1000000,40000
7436,1210625,20640
7437,1210625,33470
7438,1000000,42070
7439,1210625,28600
7440,1210625,35650
7441,1210625,28250
7442,1210625,22450
7443,1210625,39400
7444,1210625,20690
7445,5116,1000000
7446,1210625,17290
7447,1210625,18780
7448,1210625,20830
7449,1000000,71310
7450,1210625,23410
7451,1210625,31590
7452,1000000,44630
7453,1210625,21080
7454,1210625,11100
7455,1210625,25320
7456,1000000,60480
7457,1210625,14100
7458,1000000,45350
7459,1000000,59510
7460,1210625,26030
7461,1210625,31410
7462,1000000,122120
7463,1210625,32050
7464,1000000,47620
7465,1210625,19440
7466,1000000,75710
7467,1000000,50750
7468,1210625,15210
7469,1210625,21230
7470,1210625,19800
7471,1210625,21240
7472,1210625,30550
7473,1210625,21040
7474,1210625,23180
7475,1000000,49370
7476,1210625,17800
7477,1210625,38890
7478,1210625,17020
7479,1000000,52560
7480,1000000,50000
7481,1210625,34960
7482,1210625,11840
7483,1000000,46910
7484,1000000,44010
7485,1210625,25470
7486,1210625,9580
7487,1210625,29760
7488,1210625,19490
7489,1210625,29320
7490,1210625,15490
7491,1000000,44760
7492,1210625,16260
7493,1210625,29360
7494,1210625,18600
7495,1210625,33350
7496,1210625,18680
7497,1210625,17530
7498,1210625,18440
7499,1210625,27000
7500,1000000,48200
7501,1210625,38350
7502,1000000,59660
7503,1000000,57290
7504,1210625,17560
7505,1210625,32810
7506,1210625,28580
7507,1210625,23960
7508,1210625,39300
7509,1210625,11990
7510,1210625,37120
7511,1210625,23850
7512,1210625,30420
7513,1210625,16160
7514,1210625,17050
7515,1210625,7140
7516,1210625,32750
7517,1210625,10910
7518,1210625,22140
7519,1210625,20850
7520,1210625,37220
7521,1210625,36630
7522,1210625,35330
7523,1000000,42120
7524,1000000,89640
7525,1210625,23200
7526,1000000,63240
7527,1000000,45750
7528,1210625,35500
7529,1210625,24490
7530,1000000,212670
7531,1000000,43320
7532,1000000,74840
7533,1210625,20590
7534,1210625,16810
7535,1210625,39660
7536,1210625,34560
7537,1000000,48460
7538,1000000,80670
7539,1000000,49700
7540,1210625,38480
7541,1210625,14750
7542,1210625,36000
7543,1210625,24350
7544,1000000,118650
7545,1210625,35030
7546,1210625,35530
7547,1210625,32730
7548,1000000,44800
7549,1000000,49470
7550,1210625,29540
7551,1210625,9640
7552,1210625,15090
7553,1210625,19250
7554,1210625,39270
7555,1210625,22330
7556,1210625,24730
7557,1000000,170360
7558,1000000,66360
7559,1000000,75060
7560,1000000,62350
7561,1210625,19250
7562,1000000,52460
7563,1210625,36250
7564,1000000,50830
7565,1000000,41460
7566,1000000,91470
7567,1210625,24470
7568,1210625,26930
7569,1000000,45400
7570,1000000,195470
7571,1210625,12950
7572,1210625,21720
7573,1210625,30460
7574,1210625,12010
7575,1000000,77870
7576,1210625,24090
7577,1210625,36150
7578,1210625,33390
7579,1210625,35770
7580,1000000,40220
7581,1000000,50960
7582,1000000,40680
7583,1210625,28240
7584,1000000,52800
7585,1210625,13620
7586,1210625,9270
7587,1210625,15710
7588,1210625,21710
7589,1210625,20350
7590,1210625,38350
7591,1210625,29210
7592,1210625,35310
7593,1000000,203650
7594,1210625,24790
7595,1210625,26340
7596,1210625,26820
7597,1000000,48220
7598,1210625,37160
7599,1210625,20490
7600,1210625,30640
7601,1000000,94520
7602,1000000,55180
7603,1000000,44330
7604,1210625,37790
7605,1210625,10160
7606,1000000,46760
7607,1210625,30320
7608,1210625,20950
7609,1000000,77110
7610,1000000,152110
7611,1000000,91480
7612,1210625,32980
7613,1210625,17960
7614,1000000,73790
7615,1210625,26890
7616,1210625,35630
7617,1210625,28670
7618,1210625,23830
7619,1000000,67040
7620,1210625,11930
7621,1210625,15000
7622,1210625,10000
7623,1210625,22590
7624,1000000,84520
7625,1210625,39890
7626,1210625,31700
7627,1210625,34640
7628,1210625,30610
7629,1210625,21890
7630,1210625,22660
7631,1210625,14310
7632,1210625,24470
7633,1210625,33960
7634,1000000,44710
7635,1210625,26690
7636,1210625,28740
7637,1000000,48320
7638,1210625,38620
7639,1000000,45080
7640,1210625,20890
7641,1210625,23300
7642,1000000,41050
7643,1210625,31230
7644,1210625,26090
7645,1210625,24060
7646,1210625,23910
7647,1210625,9960
7648,1210625,15200
7649,1210625,17640
7650,1210625,29960
7651,1210625,23490
7652,1000000,41790
7653,1000000,45030
7654,1000000,87670
7655,1000000,63880
7656,1210625,31250
7657,1210625,32010
7658,1210625,33250
7659,1210625,9760
7660,1210625,20960
7661,1210625,12920
7662,1210625,32230
7663,1210625,29900
7664,1210625,19340
7665,1210625,10900
7666,1210625,31310
7667,1000000,47140
7668,1210625,28040
7669,1210625,26990
7670,1210625,35620
7671,1000000,58040
7672,1000000,47260
7673,1210625,7960
7674,1210625,33880
7675,1000000,40750
7676,1210625,33480
7677,1210625,23610
7678,1210625,13040
7679,1000000,88930
7680,1210625,26600
7681,1210625,33220
7682,1210625,32610
7683,1210625,37820
7684,1000000,48750
7685,1000000,56590
7686,1210625,27170
7687,1210625,35750
7688,1000000,40030
7689,1210625,12550
7690,1210625,15080
7691,1210625,35050
7692,1210625,33750
7693,1210625,39440
7694,1210625,26820
7695,1210625,27430
7696,1210625,27160
7697,1000000,80460
7698,1000000,140340
7699,1210625,17070
7700,1210625,23290
7701,1210625,36690
7702,1210625,24500
7703,1210625,19060
7704,1210625,39840
7705,1000000,90090
7706,1210625,30130
7707,1000000,97740
7708,1000000,44050
7709,1000000,57770
7710,1210625,27820
7711,1210625,22730
7712,1000000,72180
7713,1210625,8680
7714,1000000,43290
7715,1210625,29820
7716,1210625,19890
7717,1000000,41750
7718,1210625,34050
7719,1210625,9340
7720,1000000,45200
7721,1210625,10030
7722,1210625,28070
7723,1000000,40310
7724,1210625,22600
7725,1210625,26320
7726,1000000,67810
7727,1210625,34840
7728,1210625,19700
7729,1210625,30530
7730,1210625,13940
7731,1210625,22410
7732,1210625,38640
7733,1210625,26760
7734,1210625,36130
7735,1000000,41630
7736,1000000,169470
7737,1210625,28370
7738,1000000,43020
7739,1000000,42440
7740,1210625,22650
7741,1210625,25040
7742,1000000,51330
7743,1210625,24130
7744,1210625,12500
7745,1210625,38740
7746,1210625,31050
7747,1210625,28140
7748,1210625,21760
7749,1210625,15980
7750,1000000,44010
7751,1000000,47450
7752,1210625,23040
7753,1210625,19710
7754,1210625,21450
7755,1210625,39610
7756,1210625,35800
7757,1210625,27950
7758,1210625,33560
7759,1210625,11030
7760,1210625,16650
7761,1210625,18690
7762,1210625,20970
7763,1210625,10270
7764,1210625,22200
7765,1210625,37990
7766,1210625,30920
7767,1000000,111020
7768,1000000,50760
7769,1210625,13950
7770,1000000,190870
7771,1210625,13480
7772,1000000,57830
7773,1210625,26130
7774,1210625,30180
7775,1210625,14040
7776,1210625,20390
7777,1000000,122680
7778,1210625,18760
7779,1000000,81980
7780,1210625,30920
7781,1210625,21940
7782,1210625,29930
7783,1210625,29740
7784,1210625,24590
7785,1000000,114660
7786,1210625,31920
7787,1000000,104320
7788,1000000,76330
7789,1000000,71360
7790,1210625,23140
7791,1000000,73440
7792,1000000,50850
7793,1000000,45200
7794,1000000,117720
7795,1210625,24420
7796,1210625,38780
7797,1210625,30380
7798,1210625,34110
7799,1210625,30640
7800,1210625,18560
7801,1000000,62500
7802,1000000,48110
7803,1210625,35060
7804,1210625,32870
7805,1210625,14580
7806,1000000,43750
7807,1000000,40010
7808,1210625,39790
7809,1210625,26370
7810,1000000,46590
7811,1210625,34490
7812,1210625,35310
7813,1210625,18780
7814,1000000,49740
7815,1210625,26130
7816,1000000,97860
7817,1000000,62430
7818,1000000,362080
7819,1000000,58660
7820,1000000,46230
7821,1210625,28240
7822,1210625,18780
7823,1210625,29400
7824,1210625,24000
7825,1210625,24540
7826,1210625,27050
7827,1210625,26950
7828,1210625,34840
7829,1210625,33480
7830,1000000,59850
7831,1210625,27150
7832,1210625,36180
7833,1000000,47230
7834,1210625,23560
7835,1210625,20200
7836,1000000,43390
7837,1210625,32390
7838,1210625,17940
7839,1210625,21250
7840,1210625,25270
7841,1000000,42700
7842,1210625,17630
7843,1000000,44950
7844,1210625,23590
7845,1210625,23410
7846,1210625,13530
7847,1210625,21080
7848,1210625,25430
7849,1210625,29600
7850,1210625,29370
7851,1210625,33500
7852,1210625,31380
7853,1210625,19600
7854,1210625,37590
7855,1210625,38920
7856,1210625,24360
7857,1000000,78240
7858,1210625,23330
7859,1000000,91190
7860,1210625,23150
7861,1000000,88160
7862,1000000,149920
7863,1000000,210700
7864,1210625,25890
7865,1000000,61980
7866,1210625,37590
7867,1210625,15150
7868,1210625,18210
7869,1210625,16950
7870,1000000,60290
7871,1210625,15770
7872,1000000,65290
7873,1210625,24910
7874,1210625,36450
7875,1000000,111170
7876,1000000,372350
7877,1210625,26980
7878,1210625,14990
7879,1210625,31180
7880,1210625,38380
7881,1210625,13190
7882,1210625,13950
7883,1210625,34030
7884,1000000,50510
7885,1000000,56440
7886,1210625,28360
7887,1210625,39810
7888,1210625,14270
7889,1210625,16840
7890,1000000,67020
7891,1000000,59230
7892,1000000,43960
7893,1000000,47780
7894,1210625,32570
7895,1210625,30090
7896,1000000,45260
7897,1210625,12320
7898,1210625,16940
7899,1210625,26120
7900,1210625,12300
7901,1210625,19490
7902,1000000,146450
7903,1000000,54940
7904,1000000,139270
7905,1000000,43850
7906,1210625,39470
7907,1210625,31380
7908,1210625,30510
7909,1210625,23650
7910,1000000,50850
7911,1210625,17920
7912,1210625,36950
7913,1000000,165250
7914,1210625,36340
7915,1000000,103900
7916,1210625,9020
7917,1000000,41090
7918,1210625,35830
7919,1210625,15300
7920,1210625,9290
7921,1210625,19160
7922,1210625,16840
7923,1000000,133410
7924,1000000,82040
7925,1210625,11050
7926,1210625,38120
7927,1000000,46850
7928,1000000,83960
7929,1210625,31790
7930,1210625,25230
7931,1210625,13670
7932,1210625,37710
7933,1210625,13900
7934,1210625,33510
7935,1000000,75140
7936,1000000,45520
7937,1210625,28940
7938,1210625,23770
7939,1000000,71900
7940,1210625,22650
7941,1000000,45670
7942,1210625,36450
7943,1210625,18050
7944,1210625,24350
7945,1210625,32400
7946,1000000,89370
7947,1000000,57970
7948,1210625,21330
7949,1000000,50950
7950,1210625,12090
7951,1210625,23300
7952,1000000,64720
7953,1210625,20070
7954,1210625,23960
7955,1000000,81340
7956,1210625,22610
7957,1210625,26060
7958,1000000,55000
7959,1210625,23110
7960,1210625,39080
7961,1000000,75070
7962,1000000,88950
7963,1210625,29620
7964,1000000,61760
7965,1210625,38980
7966,1000000,43390
7967,1210625,11150
7968,1000000,40800
7969,1210625,26690
7970,1210625,25080
7971,1000000,42600
7972,1000000,103920
7973,1210625,29420
7974,1000000,52350
7975,1210625,9690
7976,1000000,128110
7977,1210625,33940
7978,1000000,56940
7979,1210625,31230
7980,1000000,49830
7981,1210625,28010
7982,1210625,9100
7983,1210625,25470
7984,1000000,64400
7985,1210625,16050
7986,1210625,25700
7987,1000000,87140
7988,1210625,38300
7989,1210625,21170
7990,1000000,69840
7991,1000000,127420
7992,1210625,34450
7993,1210625,17330
7994,1210625,29750
7995,1210625,32940
7996,1000000,72110
7997,1210625,17810
7998,1000000,45680
7999,1000000,81750
8000,1000000,50580
8001,1210625,25810
8002,1000000,52940
8003,1210625,23530
8004,1000000,68890
8005,1210625,19940
8006,1210625,14550
8007,1000000,43110
8008,1210625,17960
8009,1210625,32780
8010,1210625,33900
8011,1210625,33660
8012,1000000,50900
8013,1000000,97160
8014,1210625,24630
8015,1210625,29980
8016,1210625,35390
8017,1210625,14390
8018,1000000,146230
8019,1210625,28170
8020,1210625,30390
8021,1000000,50410
8022,1210625,25780
8023,1000000,48000
8024,1210625,29640
8025,1000000,144910
8026,1000000,93540
8027,1210625,24130
8028,1210625,27390
8029,1210625,34980
8030,1210625,20950
8031,1210625,22200
8032,1000000,98800
8033,1210625,22900
8034,1210625,26770
8035,1210625,32730
8036,1210625,10080
8037,1210625,26200
8038,1000000,55570
8039,1210625,15850
8040,1210625,25740
8041,1000000,63340
8042,1000000,40270
8043,1000000,40070
8044,1000000,53310
8045,1000000,46900
8046,1210625,31240
8047,1210625,29030
8048,1210625,27330
8049,1210625,14960
8050,1210625,12250
8051,1000000,60830
8052,1000000,43240
8053,1210625,30130
8054,1210625,12540
8055,1000000,103180
8056,1000000,66870
8057,1210625,28210
8058,1210625,10510
8059,1000000,44940
8060,1210625,8200
8061,1210625,16090
8062,1210625,29500
8063,1210625,18280
8064,1210625,17070
8065,1000000,114480
8066,1210625,32310
8067,1000000,97470
8068,1210625,32000
8069,1210625,38860
8070,1210625,23050
8071,1210625,24660
8072,1000000,49580
8073,1000000,51230
8074,5116,1000000
8075,1210625,15810
8076,1210625,9630
8077,1210625,19670
8078,1210625,29060
8079,1210625,26270
8080,1210625,33740
8081,1210625,32650
8082,1210625,34100
8083,1000000,45930
8084,1210625,26720
8085,1210625,18310
8086,1000000,48060
8087,1000000,48680
8088,1210625,26000
8089,1210625,36420
8090,1210625,25770
8091,1000000,62070
8092,1000000,62830
8093,1210625,27340
8094,1000000,53240
8095,1210625,32090
8096,1210625,16520
8097,1000000,83810
8098,1000000,66760
8099,1210625,33140
8100,1000000,48930
8101,1210625,37610
8102,1210625,31810
8103,1000000,48030
8104,1000000,46170
8105,1000000,55990
8106,1210625,36360
8107,1000000,76460
8108,1210625,26080
8109,1000000,40360
8110,1210625,36560
8111,1210625,33420
8112,1210625,12410
8113,1000000,119850
8114,1000000,41260
8115,1210625,27390
8116,1210625,33140
8117,1000000,48110
8118,1000000,84750
8119,1210625,16240
8120,1000000,43220
8121,1210625,35770
8122,1210625,29780
8123,1210625,13030
8124,1210625,34960
8125,1210625,26080
8126,1210625,26080
8127,1210625,9850
8128,1000000,50750
8129,1210625,23740
8130,1000000,46610
8131,1210625,24770
8132,1000000,40010
8133,1210625,24950
8134,1210625,26760
8135,1000000,60890
8136,1210625,35040
8137,1000000,62180
8138,1000000,81580
8139,1210625,29890
8140,1210625,28930
8141,1210625,21080
8142,1210625,26350
8143,1210625,31010
8144,1000000,51740
8145,1210625,37570
8146,1210625,26920
8147,1210625,19880
8148,1000000,43460
8149,1000000,48620
8150,1210625,30420
8151,1210625,30690
8152,1000000,60610
8153,1210625,16680
8154,1210625,18770
8155,1210625,12850
8156,1000000,101270
8157,1000000,76210
8158,1000000,124760
8159,1000000,161410
8160,1210625,33680
8161,1210625,24800
8162,1000000,60190
8163,1000000,72830
8164,1000000,59750
8165,1000000,57340
8166,1210625,21120
8167,1000000,179360
8168,1000000,110880
8169,1210625,21510
8170,1210625,31200
8171,1210625,38500
8172,1210625,32540
8173,1210625,36200
8174,1210625,38870
8175,1000000,60880
8176,1210625,24470
8177,1210625,26400
8178,1210625,22270
8179,1210625,17700
8180,1210625,13100
8181,1210625,19460
8182,1210625,17740
8183,1210625,26630
8184,1210625,24340
8185,1210625,27550
8186,1210625,16050
8187,1210625,38090
8188,1000000,71020
8189,1210625,15190
8190,1000000,139880
8191,1000000,50400
8192,1210625,31890
8193,1210625,31610
8194,1000000,55030
8195,1210625,25520
8196,1000000,44600
8197,1210625,13750
8198,1210625,39970
8199,1210625,32910
8200,1210625,37210
8201,1210625,28330
8202,1210625,21310
8203,1000000,58080
8204,1000000,45780
8205,1000000,96860
8206,1000000,184930
8207,1000000,46410
8208,1000000,50690
8209,1210625,15170
8210,1210625,10880
8211,1000000,56770
8212,1210625,30530
8213,1210625,31610
8214,1000000,59920
8215,1000000,53660
8216,1210625,30880
8217,1000000,48020
8218,1210625,37200
8219,1000000,44210
8220,1210625,19470
8221,1000000,45950
8222,1000000,43700
8223,1000000,704880
8224,1210625,24610
8225,1210625,17990
8226,1210625,29490
8227,1210625,14050
8228,1000000,42660
8229,1000000,160510
8230,1210625,38440
8231,1210625,36030
8232,1210625,20360
8233,1210625,15490
8234,1210625,38980
8235,1000000,64530
8236,1210625,17720
8237,1210625,20050
8238,1210625,35530
8239,1000000,43700
8240,1210625,19670
8241,1210625,36080
8242,1210625,30150
8243,1000000,44820
8244,1000000,52040
8245,1210625,37260
8246,1000000,87180
8247,1210625,14160
8248,1000000,52710
8249,1210625,30060
8250,1000000,430980
8251,1210625,22960
8252,1210625,24460
8253,1000000,154990
8254,1000000,99960
8255,1000000,54380
8256,1210625,37380
8257,1210625,17450
8258,1210625,23970
8259,1210625,31320
8260,1210625,38070
8261,1210625,21910
8262,1000000,55410
8263,1210625,13140
8264,1210625,25290
8265,1210625,33230
8266,1000000,55310
8267,1000000,64940
8268,1210625,17570
8269,1210625,20370
8270,1210625,35450
8271,1210625,31840
8272,1210625,33800
8273,1210625,22890
8274,1210625,18590
8275,1210625,23550
8276,1210625,38970
8277,1210625,34070
8278,1000000,61600
8279,1210625,27990
8280,1210625,27370
8281,1000000,46470
8282,1210625,26620
8283,1210625,34850
8284,1210625,34110
8285,1000000,70860
8286,1210625,36600
8287,1210625,34040
8288,1000000,47160
8289,1000000,54970
8290,1000000,44380
8291,1000000,60850
8292,1210625,32530
8293,1210625,38970
8294,1210625,20180
8295,1210625,37090
8296,1210625,39060
8297,1210625,31950
8298,1210625,21530
8299,1210625,23660
8300,1210625,14330
8301,1210625,11790
8302,1210625,30690
8303,1210625,26840
8304,1210625,29860
8305,1000000,81700
8306,1210625,24300
8307,1210625,27060
8308,1210625,21270
8309,1210625,33080
8310,1210625,26360
8311,1210625,20810
8312,1210625,6800
8313,1000000,42740
8314,1210625,8020
8315,1000000,41850
8316,1210625,19730
8317,1210625,8730
8318,1210625,16810
8319,1210625,32490
8320,1210625,28160
8321,1210625,17140
8322,1000000,43560
8323,1210625,38980
8324,1210625,19890
8325,1210625,22580
8326,1210625,28680
8327,1000000,181520
8328,1000000,55770
8329,1000000,63400
8330,1210625,22350
8331,1210625,20830
8332,1210625,25330
8333,1210625,9600
8334,1210625,27330
8335,1210625,17190
8336,1210625,23910
8337,1000000,42560
8338,1000000,56370
8339,1210625,26780
8340,1210625,31210
8341,1000000,104320
8342,1000000,72380
8343,1210625,23580
8344,1000000,43990
8345,1210625,20220
8346,1210625,19500
8347,1210625,22670
8348,1210625,36300
8349,1210625,20130
8350,1210625,17880
8351,1000000,43320
8352,1000000,57080
8353,1210625,30980
8354,1000000,45030
8355,1210625,13410
8356,1210625,17610
8357,1210625,20310
8358,1210625,37080
8359,1000000,72120
8360,1210625,21910
8361,1000000,56540
8362,1000000,41470
8363,1210625,33050
8364,1210625,10700
8365,1000000,134520
8366,1210625,35520
8367,1210625,25060
8368,1000000,42420
8369,1210625,6070
8370,1000000,44660
8371,1210625,23840
8372,1210625,18760
8373,1000000,71890
8374,1210625,22280
8375,1210625,31840
8376,1210625,36370
8377,1000000,41600
8378,1000000,45030
8379,1000000,55880
8380,1210625,13200
8381,1210625,33300
8382,1000000,64290
8383,1000000,118600
8384,1210625,28970
8385,1000000,84340
8386,1210625,16830
8387,1210625,38540
8388,1210625,26320
8389,1000000,78560
8390,1000000,43180
8391,1210625,27670
8392,1000000,72330
8393,1000000,42900
8394,1210625,19320
8395,1210625,30250
8396,1210625,27730
8397,1210625,17790
8398,1000000,48800
8399,1210625,20700
8400,1210625,35040
8401,1210625,28440
8402,1210625,34650
8403,1000000,81670
8404,1000000,41670
8405,1000000,45360
8406,1000000,63940
8407,1210625,29890
8408,1210625,33440
8409,1000000,42030
8410,1000000,88510
8411,1210625,31120
8412,1210625,21380
8413,1000000,47020
8414,1000000,381620
8415,1210625,33920
8416,1000000,61230
8417,1210625,18080
8418,1000000,52390
8419,1210625,30910
8420,1210625,15400
8421,1210625,14560
8422,1000000,63440
8423,1210625,25700
8424,1000000,116640
8425,1000000,64940
8426,1210625,13230
8427,1000000,128390
8428,1210625,34520
8429,1210625,28760
8430,1000000,45240
8431,1210625,23540
8432,1210625,37350
8433,1000000,71520
8434,1000000,129090
8435,1210625,21640
8436,1210625,13780
8437,1210625,31710
8438,1000000,89430
8439,1210625,36130
8440,1000000,54790
8441,1210625,12550
8442,1210625,22900
8443,1210625,34500
8444,1210625,34660
8445,1210625,30370
8446,1210625,24910
8447,1000000,80020
8448,1210625,37500
8449,1210625,22610
8450,1000000,43500
8451,1210625,32270
8452,1210625,33190
8453,1000000,63860
8454,1000000,47320
8455,1210625,13110
8456,1210625,21530
8457,1210625,21300
8458,1000000,50930
8459,1000000,45260
8460,1000000,47840
8461,1210625,11170
8462,1210625,13050
8463,1000000,41050
8464,1210625,33420
8465,1000000,80750
8466,1000000,48460
8467,1000000,77270
8468,1210625,20540
8469,1210625,32210
8470,1210625,35090
8471,1210625,30590
8472,1000000,77560
8473,1210625,32170
8474,1000000,47840
8475,1000000,44760
8476,1210625,37440
8477,1210625,27770
8478,1210625,19130
8479,1000000,53670
8480,1000000,85900
8481,1210625,21600
8482,1210625,15920
8483,1210625,8490
8484,1000000,107030
8485,1210625,15310
8486,1000000,42460
8487,1000000,40310
8488,1210625,27830
8489,1210625,22230
8490,1000000,44190
8491,1210625,11750
8492,1210625,24780
8493,1210625,14070
8494,1000000,63390
8495,1210625,35660
8496,1210625,21680
8497,1210625,20580
8498,1210625,31820
8499,1210625,28880
8500,1210625,21650
8501,1210625,14890
8502,1210625,31230
8503,1210625,14670
8504,1210625,36890
8505,1210625,37720
8506,1210625,33970
8507,1210625,27680
8508,1210625,39090
8509,1000000,40000
8510,1210625,38020
8511,1210625,24200
8512,1210625,28440
8513,1210625,31170
8514,1000000,49880
8515,1210625,15530
8516,1210625,15030
8517,1210625,23540
8518,1210625,20120
8519,1000000,43500
8520,1000000,54180
8521,1210625,16340
8522,1210625,36810
8523,1210625,27320
8524,1000000,93340
8525,1000000,62180
8526,1210625,21930
8527,1210625,14550
8528,1000000,77140
8529,1210625,11850
8530,1000000,58300
8531,1210625,35280
8532,1210625,23400
8533,1210625,20950
8534,1000000,54610
8535,1000000,142210
8536,1000000,40800
8537,1000000,70940
8538,1000000,72320
8539,1000000,62880
8540,1210625,22010
8541,1000000,43570
8542,1000000,68080
8543,1210625,30210
8544,1210625,14830
8545,1210625,38040
8546,1210625,23350
8547,1210625,24760
8548,1210625,29220
8549,1000000,40730
8550,1210625,15440
8551,1000000,58390
8552,1210625,15610
8553,1000000,42580
8554,1210625,38750
8555,1210625,39090
8556,1210625,34650
8557,1000000,49680
8558,1210625,28920
8559,1210625,33120
8560,1210625,37450
8561,1210625,21750
8562,1000000,43780
8563,1210625,37610
8564,1000000,47200
8565,1000000,43010
8566,1210625,35590
8567,1210625,20810
8568,1000000,63120
8569,1210625,26220
8570,1210625,30700
8571,1210625,11560
8572,1210625,17410
8573,1000000,47830
8574,1210625,37960
8575,1210625,20280
8576,1210625,29790
8577,1210625,25440
8578,1210625,19950
8579,1210625,24120
8580,1210625,8160
8581,1210625,24240
8582,1000000,98680
8583,1210625,10370
8584,1210625,14460
8585,1210625,22030
8586,1210625,31690
8587,1210625,19600
8588,1000000,44180
8589,1210625,29270
8590,1210625,10620
8591,1000000,422940
8592,1210625,10490
8593,1210625,14480
8594,1000000,49870
8595,1210625,34340
8596,1000000,47220
8597,1210625,23980
8598,1210625,28100
8599,1210625,36370
8600,1000000,158920
8601,1210625,24510
8602,1000000,220510
8603,1210625,30570
8604,1000000,142300
8605,1210625,22980
8606,1210625,20770
8607,1000000,58040
8608,1210625,33650
8609,1210625,34130
8610,1000000,100010
8611,1000000,41930
8612,1210625,33450
8613,1210625,25990
8614,1210625,39500
8615,1000000,59600
8616,1000000,48580
8617,1210625,24110
8618,1210625,38190
8619,1210625,15880
8620,1210625,32880
8621,1210625,34500
8622,1210625,29980
8623,1000000,53740
8624,1000000,103310
8625,1000000,59480
8626,1210625,23040
8627,1210625,36430
8628,1000000,83000
8629,1210625,9580
8630,1210625,6300
8631,1000000,43740
8632,1000000,60450
8633,1210625,16970
8634,1000000,85360
8635,5116,1000000
8636,1000000,54720
8637,1000000,49690
8638,1000000,54750
8639,1210625,23530
8640,1210625,19030
8641,1000000,82250
8642,1210625,29300
8643,1210625,19540
8644,1000000,50580
8645,1000000,42920
8646,1210625,13410
8647,1210625,34540
8648,1210625,13940
8649,1210625,39920
8650,1000000,40480
8651,1210625,26340
8652,1210625,25470
8653,1210625,32480
8654,1000000,43070
8655,1210625,26280
8656,1000000,106570
8657,1000000,49100
8658,1000000,44410
8659,1000000,62040
8660,1210625,9500
8661,1210625,29970
8662,1000000,42470
8663,1210625,15350
8664,1000000,141600
8665,1000000,256300
8666,1000000,43590
8667,1000000,116160
8668,1210625,34660
8669,1210625,37240
8670,1000000,139320
8671,1210625,38920
8672,1000000,48420
8673,1000000,56020
8674,1210625,12340
8675,1000000,69730
8676,1000000,47620
8677,1210625,32650
8678,1000000,49510
8679,1000000,56010
8680,1000000,45250
8681,1210625,22210
8682,1210625,25090
8683,1000000,49910
8684,1210625,23310
8685,1000000,40010
8686,1210625,15690
8687,1210625,23100
8688,1000000,47540
8689,1000000,55920
8690,1210625,19920
8691,1210625,28100
8692,1000000,150920
8693,1210625,21530
8694,1000000,51940
8695,1210625,29600
8696,1210625,32970
8697,1210625,17680
8698,1000000,45750
8699,1210625,37700
8700,1210625,22610
8701,1210625,25060
8702,1210625,12520
8703,1000000,55520
8704,1210625,23800
8705,1210625,34510
8706,1210625,9250
8707,1210625,28850
8708,1000000,43790
8709,1210625,14370
8710,1210625,28190
8711,1210625,25950
8712,1210625,32440
8713,1000000,43000
8714,1000000,43550
8715,1210625,8300
8716,1210625,37390
8717,1210625,25820
8718,1000000,78250
8719,1000000,48960
8720,1210625,16590
8721,1210625,25570
8722,1000000,42990
8723,1000000,56080
8724,1210625,39190
8725,1210625,18000
8726,1210625,25370
8727,1210625,37220
8728,1210625,36660
8729,1000000,69040
8730,1210625,28490
8731,1000000,65870
8732,1000000,112610
8733,1210625,20470
8734,1210625,26710
8735,1000000,49790
8736,1210625,30550
8737,1000000,51840
8738,1000000,46870
8739,1210625,12360
8740,1210625,22700
8741,1000000,273070
8742,1000000,64410
8743,1210625,38610
8744,1210625,23840
8745,1000000,47050
8746,1210625,34370
8747,1210625,19740
8748,1000000,92510
8749,1210625,18030
8750,1210625,10350
8751,1210625,23440
8752,1210625,28820
8753,1210625,15440
8754,1210625,28120
8755,1000000,56600
8756,1210625,27830
8757,1000000,63790
8758,1000000,44140
8759,1000000,40520
8760,1210625,21130
8761,1000000,43170
8762,1210625,15680
8763,1210625,39690
8764,1210625,19090
8765,1210625,14250
8766,1000000,47620
8767,1000000,41780
8768,1210625,37530
8769,1000000,53940
8770,1000000,52370
8771,1000000,46000
8772,1210625,19360
8773,1210625,24810
8774,1210625,26410
8775,1000000,47640
8776,1210625,26390
8777,1210625,24460
8778,1210625,16880
8779,1210625,21650
8780,1210625,10180
8781,1210625,22070
8782,1210625,22780
8783,1210625,38300
8784,1210625,14210
8785,1210625,37020
8786,1210625,20200
8787,1210625,35180
8788,1210625,22430
8789,1210625,26000
8790,1210625,28260
8791,1210625,36920
8792,1210625,22210
8793,1000000,45330
8794,1000000,155650
8795,1000000,52310
8796,1000000,44150
8797,1000000,61630
8798,1000000,63830
8799,1210625,38470
8800,1210625,35780
8801,1210625,11960
8802,1210625,27450
8803,1210625,24290
8804,1000000,53980
8805,1210625,39560
8806,1000000,50250
8807,1210625,15700
8808,1210625,4280
8809,1000000,46140
8810,1210625,20290
8811,1210625,31620
8812,1000000,104420
8813,1210625,20760
8814,1000000,75900
8815,1210625,30010
8816,1210625,30750
8817,1210625,15920
8818,1000000,60510
8819,1000000,69840
8820,1000000,45600
8821,1000000,51870
8822,1000000,107380
8823,1210625,17830
8824,1210625,26440
8825,1210625,16260
8826,1210625,34160
8827,1210625,30270
8828,1210625,25820
8829,1000000,74780
8830,1000000,57400
8831,1000000,42560
8832,1000000,52920
8833,1210625,15200
8834,1210625,28550
8835,1210625,27420
8836,1210625,31610
8837,1000000,42400
8838,1210625,12650
8839,1000000,40660
8840,1000000,64180
8841,1210625,32290
8842,1210625,14980
8843,1210625,32780
8844,1210625,33520
8845,1000000,71010
8846,1000000,64150
8847,1000000,47810
8848,1210625,31280
8849,1210625,22330
8850,1210625,31400
8851,1210625,22440
8852,1210625,17130
8853,1000000,44610
8854,1000000,54590
8855,1000000,233300
8856,1210625,28460
8857,1210625,16020
8858,1000000,46790
8859,1210625,23390
8860,1210625,26800
8861,1210625,15190
8862,1210625,15350
8863,1210625,14330
8864,1210625,28430
8865,1210625,21860
8866,1210625,35080
8867,1000000,40270
8868,1000000,45850
8869,1210625,32030
8870,1210625,21600
8871,1210625,35600
8872,1000000,371130
8873,1210625,39010
8874,1210625,17460
8875,1210625,27880
8876,1210625,13150
8877,1210625,15970
8878,1210625,25680
8879,1210625,35620
8880,1210625,13340
8881,1210625,23040
8882,1210625,35550
8883,1000000,76110
8884,1210625,25880
8885,1000000,49180
8886,1210625,13960
8887,1000000,103220
8888,1000000,48170
8889,1210625,21020
8890,1210625,14890
8891,1210625,24100
8892,1210625,22330
8893,1210625,19330
8894,1000000,87720
8895,1210625,27870
8896,1000000,72340
8897,1000000,71960
8898,1000000,46550
8899,1210625,16740
8900,1000000,42680
8901,1000000,68600
8902,1000000,41380
8903,1000000,42910
8904,1000000,43990
8905,1210625,31070
8906,1210625,29030
8907,1210625,28530
8908,1210625,25890
8909,1000000,88800
8910,1210625,38370
8911,1000000,41550
8912,1210625,34790
8913,1210625,25860
8914,1210625,18850
8915,1210625,19690
8916,1210625,34980
8917,1000000,52010
8918,1000000,51180
8919,1000000,46890
8920,1210625,24410
8921,1210625,17300
8922,1210625,15200
8923,1000000,89160
8924,1210625,39600
8925,1210625,28400
8926,1210625,32010
8927,1000000,44370
8928,1210625,18190
8929,1000000,45550
8930,1210625,25040
8931,1000000,44390
8932,1000000,51370
8933,1000000,47950
8934,1210625,24870
8935,1210625,25380
8936,1210625,35180
8937,1000000,101640
8938,1210625,18970
8939,1210625,30440
8940,1000000,45260
8941,1210625,35990
8942,1210625,15980
8943,1000000,43440
8944,1210625,11790
8945,1000000,44160
8946,1210625,39400
8947,1210625,5640
8948,1210625,22090
8949,1210625,14050
8950,1210625,14360
8951,1210625,22510
8952,1210625,25350
8953,1210625,30260
8954,1210625,26100
8955,1210625,27900
8956,1210625,21540
8957,1210625,33010
8958,1210625,24510
8959,1210625,12950
8960,1210625,29730
8961,1210625,25240
8962,1210625,13600
8963,1210625,34660
8964,1210625,16830
8965,1210625,21380
8966,1210625,27570
8967,1210625,31050
8968,1210625,19610
8969,1210625,24460
8970,1000000,115050
8971,1000000,40550
8972,1210625,24410
8973,1000000,45070
8974,1210625,23600
8975,1210625,13530
8976,1210625,39020
8977,1210625,16660
8978,1210625,27760
8979,1210625,27020
8980,1000000,50650
8981,1210625,28700
8982,1210625,29340
8983,1210625,22620
8984,1000000,51140
8985,1210625,13940
8986,1210625,24730
8987,1210625,11830
8988,1000000,48550
8989,1210625,29970
8990,1000000,42180
8991,1000000,59600
8992,1000000,57710
8993,1210625,27330
8994,1210625,39320
8995,1210625,19710
8996,1210625,31980
8997,1210625,25940
8998,1210625,28950
8999,1210625,31910
9000,1210625,26870
9001,1210625,37710
9002,1210625,24330
9003,1210625,32960
9004,1000000,48160
9005,1000000,69890
9006,1210625,17480
9007,1000000,60210
9008,1000000,51270
9009,1210625,27730
9010,1210625,22540
9011,1000000,49890
9012,1210625,16520
9013,1000000,66270
9014,1210625,33380
9015,1210625,33270
9016,1210625,37760
9017,1210625,32200
9018,1210625,17690
9019,1210625,22750
9020,1000000,46600
9021,1210625,19070
9022,1210625,20860
9023,1210625,20510
9024,1210625,20200
9025,1210625,20110
9026,1210625,15480
9027,1210625,37390
9028,1210625,21300
9029,1210625,19060
9030,1210625,7620
9031,1000000,124120
9032,1000000,180770
9033,1000000,47100
9034,1210625,27080
9035,1210625,28540
9036,1210625,34650
9037,1210625,28830
9038,1210625,34630
9039,1000000,46090
9040,1210625,38160
9041,1210625,27480
9042,1000000,52740
9043,1000000,40740
9044,1000000,41290
9045,1210625,6870
9046,1210625,14080
9047,1210625,28880
9048,1210625,23400
9049,1000000,44950
9050,1210625,14730
9051,1210625,32160
9052,1210625,31980
9053,1000000,41080
9054,1210625,18090
9055,1210625,12400
9056,1000000,83910
9057,1210625,23420
9058,1000000,107360
9059,1000000,40730
9060,1210625,8590
9061,1000000,52090
9062,1210625,31100
9063,1210625,20030
9064,1210625,30060
9065,1210625,32110
9066,1210625,36190
9067,1210625,24040
9068,1210625,38740
9069,1000000,126940
9070,1210625,22850
9071,1210625,16840
9072,1210625,16330
9073,1210625,27390
9074,1210625,22840
9075,1000000,159630
9076,1000000,42740
9077,1210625,21580
9078,1000000,88040
9079,1210625,32630
9080,1210625,17370
9081,1000000,44640
9082,1210625,30290
9083,1000000,55070
9084,1210625,14640
9085,1000000,67160
9086,1210625,34710
9087,1000000,157740
9088,1000000,53310
9089,1000000,46920
9090,1210625,38800
9091,1210625,37530
9092,1210625,27970
9093,1210625,22720
9094,1210625,38100
9095,1210625,21570
9096,1210625,32780
9097,1210625,28490
9098,1210625,28070
9099,1210625,35280
9100,1210625,32290
9101,1210625,28150
9102,1000000,56100
9103,1000000,47210
9104,1000000,55020
9105,1210625,14470
9106,1210625,38410
9107,1210625,26670
9108,1000000,49700
9109,1000000,137350
9110,1210625,23940
9111,1210625,17110
9112,1210625,21240
9113,1210625,29010
9114,1210625,26910
9115,1210625,21560
9116,1210625,24710
9117,1210625,21490
9118,1210625,35970
9119,1000000,92730
9120,1210625,19840
9121,1210625,22370
9122,1000000,96620
9123,1000000,58700
9124,1210625,27490
9125,1210625,34490
9126,1210625,32020
9127,1210625,23230
9128,1210625,37220
9129,1210625,32470
9130,1000000,80090
9131,1210625,8700
9132,1000000,45410
9133,1210625,26990
9134,1210625,24170
9135,1000000,50570
9136,1210625,38270
9137,1210625,36550
9138,1210625,22100
9139,1000000,171490
9140,1000000,76710
9141,1000000,50730
9142,1210625,33860
9143,1210625,35710
9144,1210625,16180
9145,1210625,23400
9146,1210625,26810
9147,1210625,29040
9148,1210625,13430
9149,1210625,31650
9150,1000000,43280
9151,1000000,115940
9152,1210625,37840
9153,1000000,42310
9154,1210625,37730
9155,1210625,7820
9156,1210625,29480
9157,1210625,12290
9158,1210625,34510
9159,1000000,40250
9160,1210625,17040
9161,1210625,21720
9162,1210625,18110
9163,1210625,23470
9164,1210625,18830
9165,1210625,28710
9166,1210625,14580
9167,1000000,60510
9168,1000000,54790
9169,5116,1000000
9170,1000000,41700
9171,1000000,44670
9172,1210625,31310
9173,1210625,29580
9174,1000000,49250
9175,1210625,24330
9176,1210625,15590
9177,1210625,23740
9178,1210625,16520
9179,1000000,40210
9180,1210625,35900
9181,1210625,34990
9182,1210625,37630
9183,1000000,45490
9184,1210625,18620
9185,1210625,17690
9186,1210625,14740
9187,1000000,51910
9188,1210625,36270
9189,1210625,20880
9190,1000000,70840
9191,1000000,104430
9192,1210625,11480
9193,1000000,83400
9194,1210625,35800
9195,1210625,33490
9196,1000000,141420
9197,1210625,21760
9198,1000000,57600
9199,1210625,30900
9200,1000000,49550
9201,1210625,28980
9202,1210625,27060
9203,1210625,36660
9204,1210625,12900
9205,1210625,37030
9206,1210625,21430
9207,1000000,58370
9208,1210625,28590
9209,1210625,20910
9210,1000000,75890
9211,1000000,41330
9212,1210625,37990
9213,1000000,40640
9214,1210625,26100
9215,1210625,35870
9216,1000000,60570
9217,1000000,40880
9218,1210625,24980
9219,1000000,43300
9220,1210625,28480
9221,1210625,23560
9222,1210625,32200
9223,1000000,48900
9224,1000000,97920
9225,1210625,5540
9226,1210625,24940
9227,1210625,37460
9228,1210625,14090
9229,1210625,33890
9230,1210625,9860
9231,1000000,63410
9232,1210625,28150
9233,1210625,28710
9234,1210625,23320
9235,1210625,34230
9236,1000000,43070
9237,1210625,17640
9238,1000000,102990
9239,1000000,40460
9240,1210625,32590
9241,1000000,67320
9242,1210625,36790
9243,1210625,31080
9244,1210625,34580
9245,1210625,6750
9246,1210625,32870
9247,1000000,112690
9248,1210625,25910
9249,1210625,34060
9250,1210625,12910
9251,1210625,19660
9252,1210625,33020
9253,1210625,23280
9254,1210625,25710
9255,1210625,23140
9256,1000000,41160
9257,1000000,47130
9258,1000000,113030
9259,1210625,13760
9260,1000000,58230
9261,1210625,19810
9262,1000000,48180
9263,1210625,25430
9264,1210625,34660
9265,1000000,45460
9266,1210625,36170
9267,1210625,35640
9268,1210625,24540
9269,1210625,27740
9270,1210625,23180
9271,1210625,31900
9272,1210625,18930
9273,1210625,18040
9274,1210625,14500
9275,1210625,34640
9276,1210625,31360
9277,1000000,42420
9278,1210625,20020
9279,1210625,28760
9280,1210625,33320
9281,1210625,19630
9282,1210625,38770
9283,1210625,38970
9284,1000000,138040
9285,1210625,8750
9286,1210625,17070
9287,1210625,27210
9288,1210625,32340
9289,1000000,44160
9290,1210625,21540
9291,1210625,22980
9292,1210625,15950
9293,1000000,58900
9294,1210625,11240
9295,1210625,38330
9296,1000000,47020
9297,1210625,21520
9298,1000000,49490
9299,1210625,33010
9300,1210625,21520
9301,1210625,18940
9302,1210625,35580
9303,1000000,44850
9304,1000000,87170
9305,1210625,29770
9306,1210625,26530
9307,1210625,34120
9308,1210625,14150
9309,1210625,29880
9310,1210625,19750
9311,1000000,44010
9312,1210625,22940
9313,1000000,110390
9314,1210625,31700
9315,1000000,80650
9316,1000000,48730
9317,1000000,63930
9318,5116,1000000
9319,1210625,28350
9320,1210625,28970
9321,1210625,35910
9322,1210625,25310
9323,1210625,17590
9324,1000000,47720
9325,1210625,23790
9326,1000000,60000
9327,1210625,16220
9328,1000000,98410
9329,1210625,17390
9330,1210625,22600
9331,1000000,41490
9332,1210625,23940
9333,1210625,35540
9334,1210625,23710
9335,1210625,28380
9336,1210625,33050
9337,1210625,18370
9338,1000000,41170
9339,1210625,22110
9340,1210625,21810
9341,1210625,33100
9342,1000000,66640
9343,1000000,62500
9344,1210625,28140
9345,1210625,28510
9346,1000000,45920
9347,1000000,46130
9348,1210625,39450
9349,1210625,29010
9350,1000000,72980
9351,1000000,57580
9352,1210625,21140
9353,1000000,44510
9354,1000000,42800
9355,1000000,46000
9356,1210625,17620
9357,1210625,31270
9358,1210625,18790
9359,1210625,27650
9360,1000000,42790
9361,1210625,25020
9362,1000000,93800
9363,1210625,38420
9364,1210625,10180
9365,1210625,37900
9366,1210625,24110
9367,1210625,28780
9368,1210625,31090
9369,1210625,22370
9370,1000000,55140
9371,1210625,13670
9372,1210625,14840
9373,1210625,24050
9374,1000000,58370
9375,1210625,20370
9376,1210625,17600
9377,1000000,49220
9378,1210625,19750
9379,1000000,197390
9380,1000000,93560
9381,1210625,18730
9382,1210625,20880
9383,1210625,15710
9384,1210625,19220
9385,1000000,47590
9386,1210625,37380
9387,1210625,14960
9388,1000000,47060
9389,1210625,21570
9390,1210625,28650
9391,1210625,27580
9392,1210625,17700
9393,1210625,33280
9394,1000000,87580
9395,1210625,21200
9396,1000000,45320
9397,1210625,14040
9398,1210625,28510
9399,1210625,39840
9400,1000000,51450
9401,1000000,68710
9402,1210625,18960
9403,1000000,40480
9404,1000000,53310
9405,1210625,16520
9406,1000000,66480
9407,1210625,12530
9408,1210625,13300
9409,1000000,141160
9410,1000000,43460
9411,1000000,55750
9412,1210625,21960
9413,1210625,32830
9414,1210625,12470
9415,1000000,59390
9416,1000000,45380
9417,1210625,36100
9418,1210625,33230
9419,1000000,47700
9420,1210625,32250
9421,1210625,19990
9422,1210625,16170
9423,1000000,150870
9424,1000000,43570
9425,1210625,24800
9426,1000000,63870
9427,1210625,37430
9428,1210625,23520
9429,1000000,55740
9430,1210625,28010
9431,1210625,28130
9432,1210625,25250
9433,1210625,25550
9434,1210625,24580
9435,1000000,40100
9436,1210625,11430
9437,1210625,30660
9438,1210625,31230
9439,1210625,18190
9440,1210625,22590
9441,1210625,9680
9442,1210625,35380
9443,1210625,17740
9444,1210625,11390
9445,1000000,91040
9446,1210625,38760
9447,1000000,72110
9448,1210625,22920
9449,1210625,27790
9450,1210625,12560
9451,1210625,23550
9452,1210625,37150
9453,1000000,41780
9454,1000000,43790
9455,1210625,26700
9456,1210625,17060
9457,1000000,52480
9458,1210625,29430
9459,1210625,38110
9460,1210625,37170
9461,1000000,67650
9462,1000000,60620
9463,1210625,20460
9464,1210625,10740
9465,1000000,61510
9466,1210625,27110
9467,1210625,32640
9468,1210625,31700
9469,1000000,52600
9470,1210625,21500
9471,1000000,56100
9472,1210625,16230
9473,1210625,36800
9474,1000000,110030
9475,1210625,23490
9476,1000000,71170
9477,1000000,45650
9478,1000000,44810
9479,1210625,20780
9480,1210625,36630
9481,1000000,49100
9482,1210625,20760
9483,1210625,24400
9484,1000000,41070
9485,1210625,34850
9486,1210625,7180
9487,1000000,167730
9488,1210625,28180
9489,1210625,18400
9490,1210625,19670
9491,1210625,23280
9492,1210625,19900
9493,1210625,29660
9494,1000000,52360
9495,1000000,41100
9496,1210625,18880
9497,1000000,42770
9498,1210625,30870
9499,1210625,37370
9500,1000000,93220
9501,1210625,23410
9502,1210625,16280
9503,1000000,42520
9504,1210625,29630
9505,1210625,14040
9506,1000000,59450
9507,1210625,14810
9508,1210625,15400
9509,1000000,54920
9510,1000000,94810
9511,1000000,45210
9512,1210625,22770
9513,1210625,21600
9514,1000000,133530
9515,1210625,32370
9516,1210625,38000
9517,1210625,27980
9518,1210625,23570
9519,1210625,11770
9520,1210625,18700
9521,1210625,24120
9522,1210625,38350
9523,1000000,77660
9524,1000000,81180
9525,1000000,43310
9526,1000000,335670
9527,1000000,42200
9528,1210625,13570
9529,1210625,16020
9530,1210625,28820
9531,1210625,20950
9532,1210625,21700
9533,1210625,12640
9534,1000000,73250
9535,1210625,24700
9536,1210625,28230
9537,1210625,31780
9538,1210625,23580
9539,1000000,84380
9540,1210625,18060
9541,1210625,17870
9542,1000000,80550
9543,1210625,26480
9544,1000000,46760
9545,1000000,72200
9546,1210625,39110
9547,1210625,30360
9548,1210625,28340
9549,1210625,16580
9550,1210625,31040
9551,1210625,19320
9552,1000000,40990
9553,1000000,78220
9554,1000000,46190
9555,1210625,26430
9556,1210625,25140
9557,1000000,62940
9558,1210625,30350
9559,1210625,22910
9560,1210625,36110
9561,1000000,49780
9562,1000000,86470
9563,1000000,47110
9564,1000000,40650
9565,1210625,19860
9566,1000000,51650
9567,1000000,43410
9568,1210625,11940
9569,1210625,19440
9570,1210625,11450
9571,1210625,18120
9572,1210625,13510
9573,1210625,22890
9574,1000000,84690
9575,1000000,50250
9576,1000000,48020
9577,1000000,62830
9578,1210625,38780
9579,1000000,75220
9580,1210625,27080
9581,1210625,38250
9582,1000000,50160
9583,1210625,35260
9584,1210625,33950
9585,1210625,23450
9586,1210625,29630
9587,1000000,82100
9588,1210625,28240
9589,1210625,21860
9590,1210625,17190
9591,1000000,41110
9592,1000000,56010
9593,1000000,69850
9594,1210625,32960
9595,1000000,85370
9596,1000000,55250
9597,1210625,24950
9598,1000000,88800
9599,1000000,76060
9600,1210625,34590
9601,1210625,30610
9602,1210625,23070
9603,1210625,8270
9604,1000000,41070
9605,5116,1000000
9606,1210625,23630
9607,1000000,51680
9608,1210625,33150
9609,1210625,12620
9610,1210625,25710
9611,1000000,76930
9612,1210625,32230
9613,1000000,42290
9614,1210625,35820
9615,1000000,49140
9616,1210625,15760
9617,1000000,53120
9618,1210625,19720
9619,1210625,17260
9620,1210625,10900
9621,1210625,35350
9622,1000000,64950
9623,1000000,114300
9624,1210625,14050
9625,1210625,12690
9626,1210625,26430
9627,1000000,90580
9628,1210625,30870
9629,1210625,13320
9630,1210625,21150
9631,1210625,29360
9632,1000000,42810
9633,1000000,56850
9634,1210625,33810
9635,1210625,36420
9636,1210625,14650
9637,1210625,12590
9638,1210625,28840
9639,1210625,25190
9640,1210625,20790
9641,1210625,20660
9642,1210625,22710
9643,1210625,39580
9644,1210625,14310
9645,1210625,17650
9646,1210625,36470
9647,1000000,57430
9648,1210625,29280
9649,1210625,23560
9650,1210625,35580
9651,1210625,37620
9652,1210625,30400
9653,1210625,19000
9654,1210625,29680
9655,1210625,13410
9656,1210625,8470
9657,1210625,28200
9658,1000000,123490
9659,1000000,75130
9660,1210625,28100
9661,1210625,17920
9662,1210625,35640
9663,1000000,55510
9664,1210625,18890
9665,1210625,13840
9666,1000000,51450
9667,1210625,37370
9668,1000000,51290
9669,1210625,28220
9670,1000000,43230
9671,1210625,38220
9672,1210625,27870
9673,1000000,111420
9674,1210625,19280
9675,1210625,5150
9676,1210625,13830
9677,1210625,29220
9678,1210625,19510
9679,1000000,128720
9680,1210625,9430
9681,1000000,48310
9682,1000000,62280
9683,1000000,98970
9684,1210625,27040
9685,1210625,12400
9686,1000000,68020
9687,1000000,46260
9688,1210625,20810
9689,1210625,28150
9690,1210625,24340
9691,1210625,35680
9692,1210625,37870
9693,1000000,71700
9694,1210625,30350
9695,1000000,96410
9696,1000000,53090
9697,1210625,4700
9698,1210625,32570
9699,1000000,60280
9700,1210625,36520
9701,1000000,58970
9702,1210625,30950
9703,1000000,55630
9704,1000000,58350
9705,1210625,33330
9706,1210625,19340
9707,1210625,27430
9708,1210625,11650
9709,1210625,24590
9710,1210625,36280
9711,1210625,17810
9712,1210625,12850
9713,1210625,36240
9714,1210625,29570
9715,1210625,33370
9716,1000000,256730
9717,1210625,34410
9718,1210625,19890
9719,1000000,72100
9720,1210625,19950
9721,1210625,20550
9722,1210625,35710
9723,1000000,43230
9724,1210625,11020
9725,1000000,122680
9726,1000000,49310
9727,1210625,23540
9728,1210625,14130
9729,1000000,98170
9730,1000000,254630
9731,1210625,23730
9732,1210625,35510
9733,1210625,12950
9734,1000000,59400
9735,1210625,28520
9736,1000000,116300
9737,1000000,93930
9738,1000000,47770
9739,1210625,26080
9740,1000000,232430
9741,1210625,15800
9742,1210625,27930
9743,1210625,18600
9744,1000000,97490
9745,1210625,33880
9746,1000000,40750
9747,1210625,38170
9748,1210625,18180
9749,1210625,29920
9750,1210625,20020
9751,1000000,127090
9752,1210625,32930
9753,1210625,24400
9754,1000000,55170
9755,1210625,28560
9756,1210625,21170
9757,1000000,45700
9758,1210625,21300
9759,1210625,33170
9760,1210625,20240
9761,1210625,20900
9762,1210625,27520
9763,1210625,20730
9764,1000000,44470
9765,1210625,29160
9766,1000000,94000
9767,1210625,24690
9768,1210625,32910
9769,1000000,54610
9770,1210625,21040
9771,1210625,25790
9772,1210625,17340
9773,1000000,43620
9774,1210625,19340
9775,1000000,50500
9776,1210625,22490
9777,1210625,35880
9778,1000000,47930
9779,1000000,44100
9780,1210625,36100
9781,1000000,47150
9782,1210625,30900
9783,1210625,15780
9784,1000000,92550
9785,1000000,431900
9786,1000000,78560
9787,1000000,54020
9788,1000000,44630
9789,1210625,29810
9790,1000000,47600
9791,1210625,23270
9792,1210625,36710
9793,1000000,56790
9794,1210625,21110
9795,1000000,51220
9796,1210625,38130
9797,1210625,37630
9798,1210625,21980
9799,1210625,10710
9800,1210625,21900
9801,1210625,38570
9802,1210625,29990
9803,1210625,20740
9804,1210625,28570
9805,1210625,12120
9806,1000000,43880
9807,1210625,39380
9808,1210625,22450
9809,1000000,43410
9810,1210625,21260
9811,1000000,106070
9812,1210625,15570
9813,1000000,56220
9814,1210625,26090
9815,1210625,32750
9816,1210625,22860
9817,1210625,24180
9818,1210625,30050
9819,1210625,21490
9820,1210625,38040
9821,1210625,25630
9822,1210625,11870
9823,1210625,31450
9824,1210625,20610
9825,1210625,22570
9826,1000000,69060
9827,1000000,46560
9828,1210625,33510
9829,1210625,36210
9830,1000000,61390
9831,1000000,53560
9832,1210625,9150
9833,1000000,83200
9834,1210625,12220
9835,1210625,25150
9836,1210625,36760
9837,1000000,50640
9838,1000000,51620
9839,1210625,16440
9840,1210625,15360
9841,1000000,71030
9842,1210625,29180
9843,1000000,61260
9844,1210625,18380
9845,1210625,33040
9846,1000000,52870
9847,1210625,26810
9848,1210625,27120
9849,1210625,23160
9850,1210625,20290
9851,1000000,175370
9852,1210625,21900
9853,1000000,40390
9854,1210625,23650
9855,1210625,29090
9856,1210625,36230
9857,1210625,20980
9858,1210625,28790
9859,1210625,19220
9860,1210625,19740
9861,1210625,23300
9862,1000000,103850
9863,1210625,14950
9864,1210625,16840
9865,1210625,21320
9866,1000000,48030
9867,1210625,28380
9868,1000000,55290
9869,1000000,40810
9870,1210625,17110
9871,1210625,17680
9872,1000000,73110
9873,1000000,522600
9874,1210625,15470
9875,1000000,127130
9876,1210625,16540
9877,1000000,107940
9878,1210625,23960
9879,1000000,49790
9880,1210625,19210
9881,1210625,38660
9882,1210625,31690
9883,1210625,27970
9884,1000000,54270
9885,1210625,32520
9886,1210625,35740
9887,1210625,30430
9888,1210625,25570
9889,1210625,33620
9890,1210625,9520
9891,1210625,30170
9892,1210625,25530
9893,1000000,61260
9894,1210625,32610
9895,1000000,81570
9896,1210625,33350
9897,1210625,26150
9898,1210625,37520
9899,1210625,36930
9900,1210625,35180
9901,1210625,21220
9902,1000000,42750
9903,1000000,45800
9904,1000000,60190
9905,1210625,4140
9906,1210625,18100
9907,1210625,27860
9908,1210625,23690
9909,1210625,18260
9910,1000000,51380
9911,1210625,34170
9912,1210625,18750
9913,1210625,17810
9914,1210625,35920
9915,1210625,24930
9916,1210625,17350
9917,1210625,13020
9918,1210625,11190
9919,1210625,25840
9920,1210625,26120
9921,1210625,21080
9922,1210625,29320
9923,1000000,134450
9924,1000000,47180
9925,1210625,33810
9926,1210625,37340
9927,1210625,33180
9928,1210625,13870
9929,1210625,17830
9930,1210625,27110
9931,1210625,31170
9932,1000000,85930
9933,1210625,32200
9934,1210625,26780
9935,1000000,175380
9936,1210625,20290
9937,1210625,34000
9938,1210625,26730
9939,1210625,36940
9940,1210625,21650
9941,1210625,26330
9942,1210625,16780
9943,1210625,30190
9944,1210625,29590
9945,1210625,10610
9946,1000000,44790
9947,1000000,41410
9948,1210625,21190
9949,1000000,114260
9950,1210625,33280
9951,1210625,17180
9952,1210625,17580
9953,1210625,28240
9954,1000000,75850
9955,1210625,17850
9956,1210625,12840
9957,1210625,35130
9958,1210625,26910
9959,1210625,23770
9960,1210625,37150
9961,1210625,34100
9962,1000000,97380
9963,1000000,43810
9964,1000000,87880
9965,1210625,15680
9966,1210625,26220
9967,1210625,24230
9968,1210625,18690
9969,1000000,47190
9970,1210625,15490
9971,1210625,39030
9972,1210625,35040
9973,1210625,27830
9974,1000000,84770
9975,1000000,51980
9976,1210625,32490
9977,1000000,74120
9978,1210625,27380
9979,1210625,38470
9980,1210625,15660
9981,1210625,12580
9982,1210625,31190
9983,1210625,17060
9984,1210625,23760
9985,1000000,67410
9986,1000000,89160
9987,1210625,29020
9988,1210625,31550
9989,1210625,16380
9990,1210625,26740
9991,1210625,15130
9992,1210625,15570
9993,1210625,38850
9994,1000000,41770
9995,1210625,28590
9996,1210625,37150
9997,1210625,30060
9998,1210625,33260
9999,1210625,26580
10000,1000000,168300
10001,1210625,29220
10002,1000000,53420
10003,1000000,64070
10004,1210625,22160
10005,1210625,34120
10006,1210625,28350
10007,1210625,28480
10008,1210625,16560
10009,1000000,64230
10010,1210625,15630
10011,1000000,55190
10012,1210625,16060
10013,1210625,29080
10014,1000000,47050
10015,1000000,42010
10016,1000000,57200
10017,1000000,75000
10018,1210625,19550
10019,1210625,30740
10020,1210625,17420
10021,1210625,16620
10022,1210625,32870
10023,1210625,39740
10024,1210625,32740
10025,1210625,11610
10026,1000000,40750
10027,1000000,53270
10028,1210625,12060
10029,1210625,13280
10030,1210625,23540
10031,1000000,72760
10032,1000000,42990
10033,1210625,31960
10034,1210625,27470
10035,1000000,45230
10036,1000000,52450
10037,1000000,92530
10038,1210625,25830
10039,1210625,26060
10040,1210625,21150
10041,1210625,24480
10042,1210625,38710
10043,1000000,53500
10044,1000000,69080
10045,1000000,41220
10046,1000000,40690
10047,1000000,56000
10048,1000000,89190
10049,1000000,48330
10050,1210625,32440
10051,1210625,21940
10052,1210625,22810
10053,1210625,12980
10054,1210625,25550
10055,1000000,50710
10056,1210625,25910
10057,1210625,23600
10058,1210625,17480
10059,1210625,23890
10060,1210625,18350
10061,1210625,23680
10062,1210625,39530
10063,1210625,18290
10064,1210625,19810
10065,1210625,33320
10066,1210625,36100
10067,1210625,30810
10068,1210625,17910
10069,1210625,24490
10070,1210625,26410
10071,1000000,79140
10072,1210625,36460
10073,1210625,25790
10074,1210625,22060
10075,1210625,35810
10076,1210625,23550
10077,1210625,27130
10078,1210625,36350
10079,1210625,25560
10080,1210625,28590
10081,1000000,55140
10082,1210625,33800
10083,1210625,25360
10084,1210625,28710
10085,1000000,157460
10086,1000000,42360
10087,1000000,43500
10088,1210625,32650
10089,1210625,31170
10090,1210625,21660
10091,1000000,83790
10092,1000000,52250
10093,1210625,12420
10094,1000000,57310
10095,1210625,25800
10096,1210625,24420
10097,1210625,15810
10098,1210625,25280
10099,1210625,30240
10100,1210625,26930
10101,1000000,41730
10102,1000000,50900
10103,1000000,67310
10104,1210625,20580
10105,1210625,18950
10106,1000000,71640
10107,1210625,18480
10108,1210625,35360
10109,1000000,40240
10110,1210625,30460
10111,1210625,27860
10112,1000000,74920
10113,1000000,104840
10114,1210625,19900
10115,1000000,52860
10116,1000000,76420
10117,1000000,52470
10118,1210625,23500
10119,1210625,25840
10120,1210625,26280
10121,1000000,51900
10122,1210625,29430
10123,1210625,17470
10124,1210625,25430
10125,1210625,15410
10126,1000000,62100
10127,1210625,28300
10128,1000000,165580
10129,1000000,46520
10130,1000000,87720
10131,1210625,24660
10132,1000000,54200
10133,1210625,21650
10134,1210625,20910
10135,1210625,32110
10136,1210625,8940
10137,1210625,23020
10138,1210625,18220
10139,1000000,40780
10140,1000000,133360
10141,1000000,40690
10142,1210625,36500
10143,1210625,39070
10144,1210625,21110
10145,1000000,40810
10146,1000000,42250
10147,1210625,15920
10148,1210625,17820
10149,1000000,40020
10150,1210625,34850
10151,1210625,5030
10152,1000000,47160
10153,1000000,47640
10154,1000000,47180
10155,1000000,58070
10156,1210625,36620
10157,1210625,28150
10158,1210625,25050
10159,1210625,38520
10160,1210625,32670
10161,1210625,39490
10162,1210625,11680
10163,1000000,46430
10164,1210625,32980
10165,1210625,38330
10166,1210625,22010
10167,1210625,17640
10168,1210625,39650
10169,1210625,31020
10170,1000000,73040
10171,1210625,17250
10172,1000000,167910
10173,1210625,36140
10174,1210625,30600
10175,1000000,41650
10176,1000000,67700
10177,1000000,63610
10178,1210625,34670
10179,1210625,33800
10180,1000000,62650
10181,1210625,18920
10182,1000000,40710
10183,1000000,70410
10184,1210625,22870
10185,1000000,55020
10186,5116,1000000
10187,1000000,54460
10188,1210625,20600
10189,1210625,17550
10190,1000000,58020
10191,1210625,38070
10192,1210625,38830
10193,1210625,33990
10194,1210625,38040
10195,1000000,235730
10196,1000000,72990
10197,1210625,16680
10198,1210625,29800
10199,1210625,16560
10200,1210625,33110
10201,1210625,13950
10202,1210625,10430
10203,1210625,15090
10204,1210625,31080
10205,1000000,240290
10206,1210625,32470
10207,1210625,37630
10208,1210625,31910
10209,1210625,36480
10210,1210625,37560
10211,1000000,54110
10212,1210625,25890
10213,1000000,44800
10214,1210625,22930
10215,1210625,32270
10216,1210625,15290
10217,1210625,36280
10218,1210625,29850
10219,1210625,26890
10220,1210625,13120
10221,1000000,61890
10222,1210625,23290
10223,1210625,34290
10224,1000000,74070
10225,1210625,25420
10226,1210625,25140
10227,1210625,31300
10228,1210625,15930
10229,1210625,17240
10230,1210625,25300
10231,1210625,36290
10232,1000000,91710
10233,1210625,25390
10234,1000000,46930
10235,1210625,20740
10236,1210625,24780
10237,1000000,67230
10238,1210625,14160
10239,1210625,34210
10240,1000000,45840
10241,1000000,67290
10242,1000000,53630
10243,1210625,38630
10244,1210625,31620
10245,1000000,40450
10246,1210625,25410
10247,1210625,25890
10248,1000000,77860
10249,1210625,22250
10250,1210625,33140
10251,1000000,55080
10252,1000000,135290
10253,1210625,38910
10254,1000000,77210
10255,1210625,11970
10256,1000000,73090
10257,1210625,23090
10258,1210625,30360
10259,1000000,65920
10260,1000000,46560
10261,1210625,25670
10262,1210625,22000
10263,1210625,38880
10264,1210625,36960
10265,1210625,21580
10266,1210625,29420
10267,1000000,77470
10268,1210625,20740
10269,1210625,28600
10270,1000000,54320
10271,1210625,39470
10272,1210625,17480
10273,1210625,18180
10274,1210625,33450
10275,1210625,36630
10276,1210625,28290
10277,1210625,34120
10278,1210625,11110
10279,1210625,35810
10280,1210625,16530
10281,1210625,17930
10282,1000000,190760
10283,1000000,44250
10284,1210625,30190
10285,1000000,129570
10286,1210625,14180
10287,1000000,80270
10288,1210625,18930
10289,1210625,23530
10290,1210625,29930
10291,1000000,50210
10292,1210625,23230
10293,1210625,28460
10294,1210625,10900
10295,1000000,45270
10296,1210625,15750
10297,1210625,31340
10298,1210625,10490
10299,1210625,27620
10300,1000000,49790
10301,1000000,41580
10302,1000000,43600
10303,1210625,33810
10304,1210625,27660
10305,1210625,33300
10306,1000000,62020
10307,1210625,28970
10308,1000000,58400
10309,1000000,137130
10310,1000000,42600
10311,1210625,18680
10312,1210625,37500
10313,1000000,40900
10314,1000000,41720
10315,1210625,23120
10316,1210625,33570
10317,1210625,14790
10318,1210625,22490
10319,1210625,26960
10320,1210625,38770
10321,1210625,19680
10322,1000000,93990
10323,1210625,28310
10324,1000000,45940
10325,1000000,42610
10326,1210625,7040
10327,1210625,11860
10328,1210625,25300
10329,1210625,29810
10330,1210625,21040
10331,1210625,13070
10332,1000000,54600
10333,1210625,23930
10334,1210625,38740
10335,1210625,25990
10336,1210625,31440
10337,1000000,50530
10338,1000000,49230
10339,1210625,30530
10340,1210625,34220
10341,1000000,43380
10342,1000000,64030
10343,1210625,33570
10344,1000000,43270
10345,1210625,34340
10346,1000000,86520
10347,1210625,36700
10348,1000000,40800
10349,1210625,32270
10350,1210625,38930
10351,1000000,48160
10352,1210625,23980
10353,1000000,54080
10354,1210625,22620
10355,1210625,24680
10356,1000000,51910
10357,1210625,32160
10358,1000000,119600
10359,1210625,19980
10360,1210625,26600
10361,1000000,59640
10362,1000000,49810
10363,1000000,41790
10364,1000000,71300
10365,1000000,67000
10366,1210625,19340
10367,1000000,47410
10368,1210625,26210
10369,1210625,24100
10370,1210625,14350
10371,1210625,22460
10372,1210625,10650
10373,1210625,19470
10374,1210625,14790
10375,1210625,33990
10376,1210625,16980
10377,1210625,14610
10378,1210625,24380
10379,1000000,50460
10380,1210625,18490
10381,1000000,44130
10382,1210625,38710
10383,1000000,68690
10384,1210625,32680
10385,1000000,65520
10386,1000000,59330
10387,1000000,60390
10388,1000000,47290
10389,1210625,35760
10390,1210625,36150
10391,1000000,55890
10392,1000000,43890
10393,1210625,22570
10394,1000000,51330
10395,1210625,21660
10396,1210625,27360
10397,1210625,12180
10398,1210625,32160
10399,1000000,108330
10400,1210625,11370
10401,1000000,56600
10402,1210625,24040
10403,1210625,29630
10404,1210625,19620
10405,1210625,31110
10406,1210625,7670
10407,1210625,22700
10408,1000000,47910
10409,1210625,20820
10410,1210625,38500
10411,1000000,56840
10412,1210625,11250
10413,1210625,22350
10414,1000000,41400
10415,1000000,51210
10416,1210625,27230
10417,1000000,106850
10418,1210625,17130
10419,1000000,51150
10420,1210625,32520
10421,1000000,60070
10422,1210625,15550
10423,1210625,34410
10424,1210625,19230
10425,1210625,28240
10426,1210625,32860
10427,1210625,31910
10428,1000000,56490
10429,1210625,37960
10430,1000000,49260
10431,1210625,19640
10432,1210625,38470
10433,1000000,83590
10434,1210625,39890
10435,1210625,17910
10436,1000000,59510
10437,1210625,23840
10438,1210625,27960
10439,1210625,16750
10440,1000000,49670
10441,1000000,56440
10442,1000000,101370
10443,1000000,61220
10444,1210625,31040
10445,1210625,12280
10446,1210625,37700
10447,1210625,18470
10448,1000000,59820
10449,1210625,38470
10450,1000000,101420
10451,1210625,17980
10452,1000000,67620
10453,1000000,65840
10454,1000000,40250
10455,1000000,42930
10456,1210625,10420
10457,1210625,37880
10458,1000000,140740
10459,1210625,30910
10460,1210625,7730
10461,1210625,22360
10462,1210625,25610
10463,1000000,43980
10464,1210625,12570
10465,1000000,99280
10466,1210625,29010
10467,1210625,28020
10468,1210625,34830
10469,1000000,52560
10470,1210625,9880
10471,1210625,24710
10472,1000000,84110
10473,1000000,63200
10474,1210625,29240
10475,1210625,27210
10476,1000000,99910
10477,1000000,41710
10478,1210625,26670
10479,1210625,35410
10480,1210625,22650
10481,1000000,61130
10482,1210625,28980
10483,1210625,24070
10484,1210625,17170
10485,1000000,46880
10486,1210625,31370
10487,1000000,50100
10488,1210625,22830
10489,1000000,49650
10490,1210625,30080
10491,1210625,29040
10492,1210625,14400
10493,1000000,63370
10494,1210625,36250
10495,1210625,11830
10496,1000000,228180
10497,1000000,42410
10498,1210625,18720
10499,1210625,23210
10500,1210625,21280
10501,1000000,78320
10502,1210625,15920
10503,1210625,29500
10504,1000000,40790
10505,1000000,43520
10506,1000000,52320
10507,1000000,40330
10508,1210625,15540
10509,1210625,37870
10510,1000000,51480
10511,1210625,27240
10512,1000000,42540
10513,1210625,27040
10514,1210625,19110
10515,1000000,46000
10516,1210625,36850
10517,1210625,30770
10518,1210625,28250
10519,1000000,56260
10520,1210625,35780
10521,1210625,33990
10522,1210625,23780
10523,1210625,36730
10524,1210625,13000
10525,1210625,33240
10526,1210625,16690
10527,1000000,53860
10528,1000000,47680
10529,1210625,23680
10530,1000000,126530
10531,1210625,34100
10532,1210625,12280
10533,1210625,16910
10534,1210625,31010
10535,1210625,19130
10536,1210625,23350
10537,1210625,33140
10538,1210625,24990
10539,1000000,62410
10540,1000000,40980
10541,1000000,85330
10542,1210625,29860
10543,1000000,43000
10544,1210625,39170
10545,1000000,51370
10546,1210625,36000
10547,1210625,12720
10548,1210625,31580
10549,1000000,43640
10550,1000000,43040
10551,1210625,31330
10552,1210625,36860
10553,1000000,77470
10554,1210625,26350
10555,1210625,26960
10556,1000000,66880
10557,1210625,24160
10558,1210625,18700
10559,1210625,15870
10560,1000000,104190
10561,1210625,34320
10562,1210625,14900
10563,1210625,38360
10564,1000000,45980
10565,1000000,48060
10566,1210625,10530
10567,1000000,76620
10568,1000000,59850
10569,1210625,17360
10570,1000000,59360
10571,1210625,33870
10572,1000000,43850
10573,1210625,20950
10574,1210625,22590
10575,1210625,27880
10576,1210625,12430
10577,1000000,81270
10578,1210625,36300
10579,1210625,30820
10580,1210625,20550
10581,1210625,18260
10582,1210625,27820
10583,1210625,34010
10584,1000000,52340
10585,1210625,11170
10586,1000000,95640
10587,1210625,31790
10588,1000000,52960
10589,1210625,20460
10590,1000000,60770
10591,1000000,60050
10592,1210625,32970
10593,1210625,7240
10594,1210625,31940
10595,1210625,26220
10596,1000000,57480
10597,1210625,33270
10598,1210625,17860
10599,1210625,12690
10600,1210625,13970
10601,1210625,23390
10602,1000000,66630
10603,1210625,24670
10604,1210625,27450
10605,1210625,36330
10606,1210625,31720
10607,1210625,26960
10608,1210625,14760
10609,1000000,88470
10610,1210625,36170
10611,1210625,27260
10612,1000000,68060
10613,1210625,30020
10614,1210625,11650
10615,1000000,89480
10616,1210625,26140
10617,1000000,54080
10618,1000000,94380
10619,1210625,31580
10620,1000000,56090
10621,1210625,37120
10622,1210625,16530
10623,1000000,43740
10624,1210625,28790
10625,1000000,55840
10626,1000000,109100
10627,1000000,60360
10628,1000000,49040
10629,1210625,25050
10630,1000000,57270
10631,1000000,51180
10632,1210625,35690
10633,1000000,64960
10634,1210625,34900
10635,5116,1000000
10636,1000000,48180
10637,1210625,21600
10638,1210625,24840
10639,1000000,44030
10640,1210625,36860
10641,1210625,38950
10642,1210625,24030
10643,1210625,16170
10644,1210625,39190
10645,1210625,31030
10646,1210625,10310
10647,1210625,28210
10648,1210625,20710
10649,1210625,13510
10650,1210625,24950
10651,1000000,74900
10652,1210625,35480
10653,1000000,51140
10654,1210625,19380
10655,1210625,22760
10656,1210625,29750
10657,1210625,22250
10658,1210625,22400
10659,1210625,37460
10660,1210625,32480
10661,1210625,3960
10662,1210625,32310
10663,1000000,107230
10664,1000000,53760
10665,1000000,65010
10666,1000000,47080
10667,1210625,37900
10668,1210625,32450
10669,1000000,46040
10670,1000000,70970
10671,1210625,30650
10672,1210625,11720
10673,1210625,19300
10674,1210625,28310
10675,1210625,31500
10676,1210625,38680
10677,1000000,105360
10678,1210625,39890
10679,1000000,41650
10680,1000000,40940
10681,1000000,63230
10682,1210625,13620
10683,1210625,24170
10684,1210625,29960
10685,1210625,29910
10686,1000000,53780
10687,1210625,28570
10688,1210625,28590
10689,1000000,72640
10690,1210625,30340
10691,1210625,13760
10692,1210625,22660
10693,1000000,51650
10694,1000000,107550
10695,1210625,13040
10696,1210625,35240
10697,1000000,59920
10698,1000000,44490
10699,1000000,42040
10700,1210625,26320
10701,1210625,33510
10702,1000000,96980
10703,1210625,18460
10704,1210625,24260
10705,1210625,31090
10706,1210625,16290
10707,1210625,17290
10708,1000000,75860
10709,1000000,43950
10710,1000000,75360
10711,1210625,28730
10712,1210625,19050
10713,1000000,71650
10714,1210625,21520
10715,1210625,23270
10716,1210625,32650
10717,1210625,4380
10718,1000000,50840
10719,1000000,71120
10720,1000000,96170
10721,1000000,192290
10722,1210625,35670
10723,1000000,48570
10724,1210625,21720
10725,1210625,34650
10726,1000000,58480
10727,1210625,22230
10728,1210625,26510
10729,1000000,192200
10730,1000000,42460
10731,1000000,50900
10732,1210625,35870
10733,1210625,25450
10734,1000000,64860
10735,1210625,39030
10736,1210625,23770
10737,1000000,81550
10738,1210625,30710
10739,1210625,20430
10740,1210625,14700
10741,1210625,25720
10742,1210625,23910
10743,1210625,17280
10744,1210625,14670
10745,1210625,28010
10746,1210625,20550
10747,1210625,38840
10748,1210625,10710
10749,1210625,19040
10750,1000000,45610
10751,1000000,41180
10752,1210625,24190
10753,1210625,34420
10754,1210625,24710
10755,1210625,33320
10756,1000000,59100
10757,1210625,24530
10758,1000000,40280
10759,1000000,341700
10760,1210625,15940
10761,1210625,21860
10762,1210625,31450
10763,1000000,40810
10764,1210625,35440
10765,1210625,16900
10766,1000000,41620
10767,1210625,35840
10768,1000000,93390
10769,1210625,18460
10770,1000000,49040
10771,1210625,12970
10772,1210625,27250
10773,1000000,47720
10774,1210625,21800
10775,1000000,49070
10776,1000000,58490
10777,1210625,38370
10778,1210625,24340
10779,1210625,17770
10780,1000000,49070
10781,1210625,22510
10782,1000000,48480
10783,1210625,16810
10784,1210625,37610
10785,1000000,65680
10786,1210625,25930
10787,1000000,45910
10788,1210625,31550
10789,1210625,18880
10790,1210625,26420
10791,1210625,27640
10792,1210625,25340
10793,1210625,31940
10794,1210625,32140
10795,1000000,42720
10796,1210625,33340
10797,1210625,12210
10798,1210625,17830
10799,1210625,21030
10800,1210625,37600
10801,1000000,94910
10802,1210625,28520
10803,1000000,62210
10804,1210625,14400
10805,1000000,131190
10806,1000000,40710
10807,1000000,200370
10808,1210625,22270
10809,1210625,36230
10810,1000000,91800
10811,1210625,19260
10812,1210625,38640
10813,1210625,38550
10814,1210625,18190
10815,1210625,15460
10816,1000000,118220
10817,1000000,78750
10818,1210625,16240
10819,1210625,16890
10820,1210625,19330
10821,1210625,16370
10822,1210625,26760
10823,1210625,14210
10824,1210625,31370
10825,1210625,28720
10826,1000000,78730
10827,1210625,25010
10828,1210625,20390
10829,1000000,57830
10830,1210625,20460
10831,1210625,16720
10832,1210625,36650
10833,1210625,21050
10834,1000000,82440
10835,1000000,45860
10836,1000000,47730
10837,1000000,51630
10838,1210625,28480
10839,1000000,106570
10840,1210625,3710
10841,1000000,86690
10842,1210625,27940
10843,1000000,55780
10844,1210625,30350
10845,1210625,21660
10846,1210625,34320
10847,1210625,18780
10848,1210625,25180
10849,1210625,26200
10850,1210625,22140
10851,1000000,68410
10852,1210625,27470
10853,1210625,36690
10854,1210625,24470
10855,1210625,15050
10856,1000000,63170
10857,1210625,23410
10858,1210625,18160
10859,1000000,42910
10860,1210625,6630
10861,1000000,45660
10862,1000000,42180
10863,1210625,37830
10864,1000000,48280
10865,1210625,29610
10866,1210625,24970
10867,1000000,106450
10868,1210625,36100
10869,1210625,27340
10870,1210625,12380
10871,1210625,36450
10872,1000000,122430
10873,1210625,31930
10874,1210625,28230
10875,1210625,21800
10876,1210625,39260
10877,1000000,108750
10878,1210625,21830
10879,1210625,12490
10880,1000000,99330
10881,1210625,21730
10882,1210625,38450
10883,1000000,42360
10884,1210625,12990
10885,1210625,36210
10886,1210625,25940
10887,1210625,28430
10888,1210625,22390
10889,1000000,54920
10890,1000000,73180
10891,1000000,40720
10892,1210625,25140
10893,1000000,42570
10894,1000000,55640
10895,1210625,22900
10896,1210625,26070
10897,1210625,33420
10898,1210625,12690
10899,1210625,15650
10900,1210625,35090
10901,1210625,14770
10902,1210625,11660
10903,1210625,24610
10904,1210625,37050
10905,1210625,29300
10906,1210625,36020
10907,1000000,44240
10908,1210625,39630
10909,1210625,23930
10910,1210625,27010
10911,1000000,58110
10912,1000000,56810
10913,1000000,77280
10914,1000000,43450
10915,1000000,53720
10916,1210625,29190
10917,1210625,14270
10918,1000000,53050
10919,1000000,120010
10920,1210625,16890
10921,1210625,20440
10922,1000000,49570
10923,1000000,57290
10924,1210625,35830
10925,1000000,60640
10926,1000000,47310
10927,1000000,43850
10928,1210625,28090
10929,1210625,24140
10930,1210625,27020
10931,1000000,51120
10932,1210625,25870
10933,1210625,15870
10934,1000000,40520
10935,1000000,102490
10936,1210625,30080
10937,1000000,42410
10938,1210625,32740
10939,1210625,24470
10940,1210625,38770
10941,1210625,34140
10942,1210625,18270
10943,1210625,39210
10944,1210625,20800
10945,1000000,44830
10946,1210625,26840
10947,1000000,41410
10948,1000000,42630
10949,1000000,41990
10950,1000000,42720
10951,1210625,24080
10952,1000000,65930
10953,1210625,27450
10954,1210625,23610
10955,1210625,19570
10956,1000000,44260
10957,1210625,22080
10958,1000000,51510
10959,1210625,31400
10960,1210625,30330
10961,1210625,13170
10962,1210625,23880
10963,1210625,16510
10964,1000000,63170
10965,1210625,19420
10966,1000000,67490
10967,1210625,10180
10968,1000000,103750
10969,1000000,59570
10970,1210625,20300
10971,1210625,20830
10972,1000000,50970
10973,1210625,17780
10974,1210625,31500
10975,1210625,33790
10976,1000000,46470
10977,1210625,27210
10978,1000000,61140
10979,1000000,51150
10980,1210625,37600
10981,1000000,95530
10982,1210625,15110
10983,1000000,44740
10984,1210625,9300
10985,1210625,32470
10986,1210625,39080
10987,1000000,44020
10988,1210625,35090
10989,1000000,109680
10990,1210625,33900
10991,1210625,11750
10992,1210625,32260
10993,1210625,24130
10994,1210625,16090
10995,1210625,18180
10996,1000000,75020
10997,1210625,36310
10998,1210625,33080
10999,1000000,64940
11000,1210625,20530
11001,1210625,38780
11002,1210625,27280
11003,1000000,60940
11004,1210625,14480
11005,1000000,74230
11006,1210625,14170
11007,1210625,10340
11008,1210625,28330
11009,1000000,114150
11010,1000000,55130
11011,1000000,50820
11012,1210625,10480
11013,1210625,18070
11014,1000000,105590
11015,1000000,53860
11016,1000000,41170
11017,1210625,32810
11018,1000000,46490
11019,1000000,406650
11020,1210625,9870
11021,1210625,13010
11022,1000000,212810
11023,1210625,29580
11024,1210625,38160
11025,1000000,115170
11026,1210625,20820
11027,1000000,163080
11028,1210625,22020
11029,1000000,54330
11030,1210625,26340
11031,1000000,162960
11032,1210625,22300
11033,1210625,13780
11034,1210625,28930
11035,1210625,11720
11036,1000000,51720
11037,1210625,31000
11038,1210625,18160
11039,1210625,21830
11040,1000000,42330
11041,1000000,105510
11042,1210625,38730
11043,1000000,40320
11044,1210625,35020
11045,1210625,19990
11046,1210625,23050
11047,1210625,19040
11048,1210625,26780
11049,1210625,27300
11050,1210625,37940
11051,1210625,24750
11052,1000000,52650
11053,1000000,70710
11054,1000000,44230
11055,1210625,6930
11056,1000000,52790
11057,1210625,23570
11058,1000000,64650
11059,1210625,28020
11060,1210625,34820
11061,1210625,19700
11062,1210625,37590
11063,1210625,34670
11064,1000000,60930
11065,1210625,30410
11066,1210625,19130
11067,1210625,18840
11068,1210625,28800
11069,1210625,11970
11070,1000000,62880
11071,1210625,36440
11072,1210625,19340
11073,1210625,25250
11074,1210625,30490
11075,1000000,49190
11076,1210625,26230
11077,1210625,23680
11078,1210625,28370
11079,1210625,23280
11080,1210625,31220
11081,1210625,14830
11082,1000000,68400
11083,1210625,10230
11084,1000000,86160
11085,1210625,36720
11086,1210625,20110
11087,1210625,30160
11088,1000000,73420
11089,1210625,26310
11090,1210625,20770
11091,1210625,13290
11092,1000000,71460
11093,1210625,10060
11094,1210625,19840
11095,1000000,41600
11096,1210625,32610
11097,1000000,55480
11098,1210625,36050
11099,1210625,18700
11100,1210625,34120
11101,1210625,18290
11102,1210625,18060
11103,1210625,27070
11104,1000000,160310
11105,1210625,20260
11106,1210625,9690
11107,1000000,99090
11108,1210625,16400
11109,1000000,41740
11110,1210625,17710
11111,1210625,31160
11112,1210625,11530
11113,1210625,7100
11114,1210625,18380
11115,1210625,18540
11116,1210625,28480
11117,1210625,23250
11118,1210625,11250
11119,1210625,27390
11120,1210625,10790
11121,1000000,60770
11122,1210625,30100
11123,1210625,25470
11124,1210625,23710
11125,1210625,9290
11126,1210625,38850
11127,1000000,80070
11128,1210625,37630
11129,1000000,51410
11130,1210625,27170
11131,1210625,34400
11132,1210625,39800
11133,1210625,18870
11134,1000000,53730
11135,1210625,33620
11136,1210625,8070
11137,1210625,26250
11138,1210625,26800
11139,1210625,21600
11140,1210625,16970
11141,1000000,101510
11142,1210625,8010
11143,1210625,19910
11144,1000000,47150
11145,1210625,31150
11146,1000000,45480
11147,1210625,27400
11148,1210625,26830
11149,1000000,75450
11150,1000000,43240
11151,1210625,35270
11152,1210625,28030
11153,1210625,14170
11154,1210625,38830
11155,1000000,50990
11156,1210625,15770
11157,1000000,89750
11158,1210625,31150
11159,1210625,24630
11160,1210625,13510
11161,1000000,54430
11162,1210625,28910
11163,1000000,42600
11164,1000000,40340
11165,1210625,31260
11166,1210625,16460
11167,1000000,117770
11168,1210625,19020
11169,1000000,47320
11170,1210625,22210
11171,1210625,28400
11172,1210625,35900
11173,1210625,24060
11174,1210625,39140
11175,1210625,14210
11176,1000000,60620
11177,1000000,43440
11178,1000000,53860
11179,1000000,40500
11180,1210625,26840
11181,1210625,38040
11182,1210625,25640
11183,1210625,16510
11184,1210625,18470
11185,1210625,33980
11186,1210625,38270
11187,1000000,41450
11188,1000000,188140
11189,1210625,24530
11190,1210625,35550
11191,1210625,16220
11192,1000000,55840
11193,1210625,32860
11194,1000000,52680
11195,1210625,26860
11196,1000000,50690
11197,1000000,52360
11198,1210625,28230
11199,1000000,79130
11200,1000000,48790
11201,1210625,39650
11202,1210625,27140
11203,1000000,56490
11204,1210625,27930
11205,1210625,22270
11206,1210625,29200
11207,1000000,195620
11208,1210625,21440
11209,1210625,16540
11210,1000000,71710
11211,1210625,13730
11212,1210625,26340
11213,1000000,59880
11214,1000000,76480
11215,1000000,51110
11216,1210625,27660
11217,1210625,30920
11218,1210625,14520
11219,1210625,24590
11220,1210625,27010
11221,1210625,10820
11222,1210625,12830
11223,1210625,34240
11224,1000000,67720
11225,1000000,46580
11226,1210625,26800
11227,1000000,57620
11228,1210625,21220
11229,1210625,20650
11230,1210625,11530
11231,1000000,81470
11232,1210625,22660
11233,1000000,49210
11234,1000000,77230
11235,1000000,42320
11236,1000000,40890
11237,1000000,55940
11238,1210625,26220
11239,1210625,18220
11240,1210625,35300
11241,1210625,23930
11242,1210625,23320
11243,1000000,48090
11244,1210625,36330
11245,1000000,41170
11246,1210625,23760
11247,1210625,15240
11248,1000000,59310
11249,1210625,20220
11250,1000000,59510
11251,1000000,79240
11252,1000000,52450
11253,1210625,31560
11254,1210625,21730
11255,1210625,20570
11256,1210625,35820
11257,1210625,8010
11258,1210625,27410
11259,1210625,32570
11260,1210625,34960
11261,1000000,85560
11262,1210625,25650
11263,1210625,15460
11264,1000000,45770
11265,1210625,25360
11266,1210625,27640
11267,1000000,54530
11268,1210625,22850
11269,1210625,10450
11270,1210625,39920
11271,1210625,8960
11272,1000000,138080
11273,1000000,66050
11274,1210625,35920
11275,1000000,63070
11276,1210625,30300
11277,1210625,38080
11278,1000000,46010
11279,1210625,28790
11280,1000000,60640
11281,1210625,24720
11282,1210625,25550
11283,1000000,47070
11284,1210625,20520
11285,1210625,24710
11286,1210625,38790
11287,1210625,28550
11288,1000000,57650
11289,1210625,25610
11290,1210625,28630
11291,1000000,55830
11292,1210625,15630
11293,1210625,24440
11294,1210625,21310
11295,1000000,50780
11296,1000000,50780
11297,5116,1000000
11298,1210625,12980
11299,1210625,35010
11300,1000000,42990
11301,1210625,24170
11302,1210625,30990
11303,1210625,34560
11304,1000000,111070
11305,1000000,47800
11306,1210625,16020
11307,1210625,28700
11308,1000000,82170
11309,1210625,26110
11310,1000000,92140
11311,1210625,26790
11312,1210625,11310
11313,1210625,10380
11314,1210625,15560
11315,1000000,46170
11316,1210625,20380
11317,1210625,20040
11318,1000000,58570
11319,1210625,6150
11320,1000000,50320
11321,1000000,66760
11322,1210625,24620
11323,1000000,50030
11324,1210625,39630
11325,1210625,21370
11326,1210625,22980
11327,1210625,23350
11328,1210625,13730
11329,1210625,23010
11330,1000000,44380
11331,1000000,77790
11332,1000000,93470
11333,1000000,49870
11334,1000000,63000
11335,1210625,20640
11336,1210625,37420
11337,1000000,51460
11338,1210625,31960
11339,1210625,38140
11340,1210625,13450
11341,1000000,56660
11342,1210625,24590
11343,1000000,67320
11344,1210625,24650
11345,1210625,10800
11346,1000000,41800
11347,1210625,39950
11348,1210625,12350
11349,1000000,63990
11350,1210625,34760
11351,1000000,69950
11352,1210625,24190
11353,1210625,28690
11354,1000000,56850
11355,1210625,22460
11356,1000000,42820
11357,1210625,33670
11358,1210625,32840
11359,1000000,77350
11360,1210625,32640
11361,1000000,44990
11362,1210625,30860
11363,1000000,59270
11364,1000000,55520
11365,1210625,11730
11366,1000000,40800
11367,1210625,19590
11368,1210625,24600
11369,1000000,100230
11370,1000000,53530
11371,1210625,25870
11372,1210625,33090
11373,1210625,19740
11374,1210625,25780
11375,1210625,33620
11376,1000000,46800
11377,1210625,16510
11378,1210625,29730
11379,1210625,29440
11380,1000000,70060
11381,1210625,36210
11382,1210625,22110
11383,1210625,15880
11384,1000000,59160
11385,1210625,26800
11386,1210625,37580
11387,1210625,26770
11388,1210625,23430
11389,1210625,17120
11390,1210625,28790
11391,1210625,21020
11392,1000000,47000
11393,1000000,40090
11394,1210625,26510
11395,1210625,17600
11396,1210625,20910
11397,1000000,55650
11398,1000000,46210
11399,1210625,16300
11400,1210625,31270
11401,1000000,123690
11402,1210625,24960
11403,1210625,25530
11404,1210625,23870
11405,1210625,8440
11406,1000000,43050
11407,1210625,25850
11408,1210625,19050
11409,1210625,21400
11410,1210625,11270
11411,1000000,58580
11412,1000000,59740
11413,1000000,137170
11414,1210625,38660
11415,1000000,46570
11416,1210625,28160
11417,1210625,21240
11418,1210625,23840
11419,1210625,21620
11420,1210625,26110
11421,1210625,29580
11422,1000000,45960
11423,1210625,23840
11424,1210625,26830
11425,1000000,95840
11426,1210625,26280
11427,1000000,48060
11428,1210625,16280
11429,1000000,68350
11430,1210625,29000
11431,1210625,15750
11432,1210625,22360
11433,1210625,23130
11434,1210625,22700
11435,1210625,25570
11436,1000000,43510
11437,1000000,54580
11438,1210625,20670
11439,1000000,55330
11440,1210625,17480
11441,1000000,98500
11442,1210625,24190
11443,1000000,52360
11444,1000000,106550
11445,1210625,15530
11446,1210625,21000
11447,1000000,61340
11448,1210625,23010
11449,1000000,61060
11450,1000000,118210
11451,1210625,19780
11452,1210625,36570
11453,1210625,18750
11454,1210625,28230
11455,1000000,42810
11456,1210625,30100
11457,1000000,50080
11458,1210625,32440
11459,1000000,43910
11460,1210625,22490
11461,1210625,16130
11462,1000000,48240
11463,1210625,9150
11464,1210625,20390
11465,1000000,64830
11466,1000000,41460
11467,1210625,18400
11468,1000000,69760
11469,1000000,44960
11470,1000000,56890
11471,1000000,51860
11472,1000000,67030
11473,1210625,6950
11474,1000000,113920
11475,1210625,28240
11476,1000000,175110
11477,1000000,67440
11478,1000000,45130
11479,1210625,34540
11480,1210625,10330
11481,1210625,29680
11482,1210625,32710
11483,1000000,41360
11484,1210625,26210
11485,1210625,24220
11486,1000000,58720
11487,1210625,16050
11488,1210625,9870
11489,1210625,21470
11490,1000000,60010
11491,1210625,37140
11492,1000000,48840
11493,1210625,20920
11494,1210625,16170
11495,1210625,13240
11496,1210625,36680
11497,1210625,13550
11498,1000000,108500
11499,1000000,47750
11500,1000000,41820
11501,1210625,20610
11502,1210625,33850
11503,1000000,103760
11504,1000000,50900
11505,1000000,47050
11506,1000000,124170
11507,1210625,19300
11508,1210625,26100
11509,1210625,26820
11510,1210625,30610
11511,1000000,46910
11512,1210625,4840
11513,1000000,44270
11514,1210625,22450
11515,1210625,16860
11516,1210625,30070
11517,1000000,43790
11518,1210625,18690
11519,1000000,63540
11520,1210625,39040
11521,5116,1000000
11522,1000000,40550
11523,1000000,41270
11524,1210625,22890
11525,1210625,30750
11526,1210625,23280
11527,1210625,18970
11528,1210625,27580
11529,1210625,31870
11530,1000000,40790
11531,1210625,33110
11532,1210625,31590
11533,1210625,28220
11534,1210625,20780
11535,1210625,18020
11536,1210625,38890
11537,1210625,15330
11538,1210625,26990
11539,1210625,39200
11540,1210625,23590
11541,1210625,6600
11542,1210625,37670
11543,1000000,88490
11544,1210625,12030
11545,1000000,75620
11546,1210625,25850
11547,1000000,47340
11548,1000000,85670
11549,1210625,32380
11550,1210625,34660
11551,1000000,54530
11552,1210625,32730
11553,1000000,58090
11554,1000000,52560
11555,1000000,250410
11556,1210625,28500
11557,1000000,80160
11558,1000000,42450
11559,1210625,20650
11560,1210625,22860
11561,1210625,37570
11562,1000000,44090
11563,1000000,121220
11564,1210625,24220
11565,1000000,60180
11566,1210625,27190
11567,1210625,20150
11568,1210625,26650
11569,1210625,22980
11570,1210625,19300
11571,1210625,14190
11572,1210625,37330
11573,1000000,58880
11574,1210625,14570
11575,1000000,59410
11576,1210625,25970
11577,1210625,38360
11578,1000000,48260
11579,1210625,5510
11580,1000000,63890
11581,1210625,12030
11582,1000000,57640
11583,1210625,35750
11584,1210625,27250
11585,1000000,62080
11586,1000000,41430
11587,1000000,44490
11588,1210625,36840
11589,1210625,22500
11590,1000000,67290
11591,1210625,37050
11592,1210625,34440
11593,1210625,16470
11594,1210625,9500
11595,1000000,76020
11596,1210625,30120
11597,1000000,57910
11598,1000000,79750
11599,1000000,46960
11600,1210625,18920
11601,1210625,17340
11602,1210625,28190
11603,1210625,17700
11604,1210625,31950
11605,1000000,48980
11606,1000000,126730
11607,1210625,24050
11608,1000000,104780
11609,1210625,24100
11610,1000000,47260
11611,1000000,45250
11612,1210625,17250
11613,1210625,20070
11614,1210625,29480
11615,1210625,32710
11616,1210625,6240
11617,1210625,29090
11618,1210625,23310
11619,1210625,37580
11620,1210625,23400
11621,1210625,19210
11622,1210625,28070
11623,1210625,22900
11624,1210625,24780
11625,1000000,61270
11626,1210625,31370
11627,1210625,35730
11628,1000000,82730
11629,1210625,37820
11630,1210625,22680
11631,1000000,74180
11632,1000000,42360
11633,1000000,42210
11634,1210625,21270
11635,1210625,30150
11636,1210625,19610
11637,1210625,20260
11638,1000000,90090
11639,1000000,211840
11640,1210625,26810
11641,1210625,24630
11642,1210625,25370
11643,1000000,40490
11644,1210625,16120
11645,1210625,32250
11646,1210625,32250
11647,1000000,68850
11648,1210625,23430
11649,1210625,26110
11650,1000000,52700
11651,1000000,173780
11652,1210625,7400
11653,1000000,74690
11654,1000000,43060
11655,1210625,30400
11656,1000000,41680
11657,1210625,22290
11658,1210625,10090
11659,1210625,20680
11660,1210625,33540
11661,1210625,15050
11662,1000000,54600
11663,1000000,62600
11664,1000000,45700
11665,1210625,22790
11666,1210625,36770
11667,1000000,46090
11668,1210625,27570
11669,1210625,17280
11670,1000000,53690
11671,1210625,15770
11672,1000000,48080
11673,1210625,19620
11674,1210625,18460
11675,1210625,19400
11676,1210625,15290
11677,1000000,121770
11678,1210625,23190
11679,1210625,37120
11680,1000000,42830
11681,1210625,20470
11682,1000000,66680
11683,1210625,37530
11684,1210625,8620
11685,1210625,9960
11686,1210625,39490
11687,1000000,57470
11688,1000000,59010
11689,1000000,49180
11690,1210625,28540
11691,1210625,32020
11692,1000000,68320
11693,1210625,21800
11694,1000000,41030
11695,1210625,27090
11696,1000000,44720
11697,1210625,19680
11698,1000000,155090
11699,1000000,55380
11700,1210625,22760
11701,1000000,63290
11702,1210625,22760
11703,1210625,27860
11704,1000000,53970
11705,1210625,12000
11706,1210625,20300
11707,1210625,26260
11708,1000000,62240
11709,1210625,37500
11710,1000000,92380
11711,1210625,20030
11712,1210625,30370
11713,1210625,34150
11714,1210625,29810
11715,1000000,41240
11716,1000000,51550
11717,1210625,35060
11718,1210625,27650
11719,1000000,79360
11720,1000000,47300
11721,1210625,37660
11722,1210625,35220
11723,1210625,27300
11724,1000000,110790
11725,1000000,54310
11726,1000000,51090
11727,1210625,26140
11728,1210625,22600
11729,1210625,29510
11730,1210625,32150
11731,1000000,58330
11732,1000000,66640
11733,1210625,28380
11734,1000000,55530
11735,1210625,14750
11736,1210625,22640
11737,1000000,68670
11738,1210625,36070
11739,1210625,27240
11740,1210625,33330
11741,1000000,49740
11742,1210625,18800
11743,1210625,11550
11744,1000000,59890
11745,1000000,63140
11746,1210625,21170
11747,1210625,25670
11748,1210625,20950
11749,1210625,39580
11750,1210625,29140
11751,1000000,52580
11752,1210625,22780
11753,1210625,12680
11754,1210625,23350
11755,1210625,24670
11756,1210625,20920
11757,1210625,32620
11758,1000000,44730
11759,1210625,24220
11760,1000000,83110
11761,1000000,43380
11762,1210625,38380
11763,1000000,47010
11764,1000000,88410
11765,1210625,29380
11766,1210625,16030
11767,1210625,19130
11768,1210625,14560
11769,1000000,45690
11770,1210625,30040
11771,1000000,44230
11772,1210625,30590
11773,1210625,30820
11774,1000000,52540
11775,1210625,36870
11776,1210625,38210
11777,1210625,29860
11778,1000000,70810
11779,1210625,21870
11780,1210625,37820
11781,1210625,28880
11782,1210625,23690
11783,1210625,18530
11784,1000000,63300
11785,1210625,30320
11786,1210625,38570
11787,1210625,24420
11788,1210625,25850
11789,1210625,18780
11790,1210625,31140
11791,1210625,16130
11792,1210625,39760
11793,1210625,19510
11794,1210625,28590
11795,1210625,34280
11796,1210625,30650
11797,1210625,30420
11798,1210625,17060
11799,1210625,23210
11800,1210625,21300
11801,1000000,47530
11802,1210625,39850
11803,1210625,33520
11804,1210625,37170
11805,1210625,16630
11806,1210625,30270
11807,1210625,30870
11808,1000000,50180
11809,1210625,11330
11810,1000000,123450
11811,1210625,35750
11812,1000000,86090
11813,1000000,53330
11814,1210625,16680
11815,1000000,110550
11816,1210625,23850
11817,1210625,26320
11818,1210625,24720
11819,1210625,36290
11820,1210625,33180
11821,1000000,42230
11822,1000000,51100
11823,1210625,26500
11824,1000000,54490
11825,1210625,39770
11826,1000000,55880
11827,1000000,64240
11828,1210625,29520
11829,1210625,23350
11830,1000000,86640
11831,1000000,64410
11832,1000000,48630
11833,1210625,19880
11834,1000000,85280
11835,1210625,36420
11836,1000000,66940
11837,1210625,10630
11838,1000000,45170
11839,1000000,44750
11840,1210625,13310
11841,1210625,21770
11842,1210625,32680
11843,1210625,24820
11844,1210625,25270
11845,1210625,24830
11846,1000000,46270
11847,1000000,40840
11848,1000000,97070
11849,1210625,33170
11850,1210625,16270
11851,1210625,19950
11852,1210625,23560
11853,1210625,29800
11854,1000000,44640
11855,1000000,72650
11856,1000000,45840
11857,1210625,18060
11858,1210625,17350
11859,1210625,29150
11860,1210625,33420
11861,1210625,26890
11862,1210625,9900
11863,1000000,41840
11864,1000000,70390
11865,1210625,22290
11866,1000000,60670
11867,1210625,29820
11868,1210625,8340
11869,1210625,34140
11870,1210625,14530
11871,1000000,42540
11872,1000000,41700
11873,1210625,22120
11874,1000000,47290
11875,1210625,18010
11876,1210625,33300
11877,1000000,84920
11878,1210625,20160
11879,1000000,97790
11880,1210625,26300
11881,1000000,72360
11882,1210625,5970
11883,1210625,30280
11884,1000000,48960
11885,1210625,18700
11886,1000000,42060
11887,1000000,70660
11888,1210625,31630
11889,1210625,19790
11890,1210625,31940
11891,1000000,74180
11892,1000000,55500
11893,1210625,21950
11894,1210625,16140
11895,1000000,62880
11896,1210625,14400
11897,1210625,29550
11898,1000000,58080
11899,1210625,29040
11900,1210625,18830
11901,1210625,11700
11902,1210625,20850
11903,1210625,24240
11904,1000000,42440
11905,1210625,27420
11906,1210625,34130
11907,1210625,22030
11908,1210625,31980
11909,1210625,25210
11910,1210625,36230
11911,1210625,22120
11912,1000000,117090
11913,1210625,37080
11914,1000000,59600
11915,1000000,101510
11916,1000000,45590
11917,1210625,26470
11918,1210625,26910
11919,1000000,40800
11920,1210625,33400
11921,1210625,38390
11922,1210625,19360
11923,1000000,116140
11924,1000000,46640
11925,1000000,82270
11926,1210625,24760
11927,1000000,62800
11928,1210625,23690
11929,1000000,59110
11930,1210625,17320
11931,1000000,55150
11932,1000000,132820
11933,1210625,19520
11934,1210625,19990
11935,1210625,21490
11936,1210625,14510
11937,1210625,19100
11938,1210625,11350
11939,1210625,25600
11940,1000000,49220
11941,1000000,97920
11942,1210625,23900
11943,1210625,19310
11944,1210625,16940
11945,1000000,64490
11946,1000000,48180
11947,1210625,19900
11948,1210625,19160
11949,1210625,14350
11950,1210625,16510
11951,1210625,28630
11952,1000000,44730
11953,1000000,53290
11954,1210625,19300
11955,1210625,14890
11956,1210625,14200
11957,1210625,26610
11958,1000000,47500
11959,1210625,18590
11960,1210625,10920
11961,1210625,20440
11962,1000000,100920
11963,1210625,20600
11964,1000000,55790
11965,1210625,30000
11966,1210625,38820
11967,1000000,44720
11968,1210625,13570
11969,1210625,39700
11970,1210625,27780
11971,1210625,20490
11972,1000000,71960
11973,1000000,41320
11974,1210625,27540
11975,1000000,53320
11976,1000000,45030
11977,1000000,82080
11978,1210625,29900
11979,1210625,34730
11980,1210625,34780
11981,1210625,18360
11982,1210625,22620
11983,1000000,63820
11984,1210625,17140
11985,1210625,36090
11986,1210625,31550
11987,1210625,19100
11988,1210625,31170
11989,1000000,45660
11990,5116,1000000
11991,1210625,26020
11992,1210625,4170
11993,1210625,21910
11994,1210625,31600
11995,1000000,57220
11996,1000000,43650
11997,1000000,72480
11998,1000000,50190
11999,1000000,49640
12000,1210625,18670
12001,1000000,42760
12002,1210625,22580
12003,1210625,35990
12004,1210625,27210
12005,1000000,57410
12006,1210625,9920
12007,1210625,19950
12008,1210625,16510
12009,1000000,65430
12010,1210625,24230
12011,1210625,39910
12012,1210625,9750
12013,1000000,116460
12014,1000000,56290
12015,1000000,43280
12016,1210625,26020
12017,1210625,39470
12018,1000000,48180
12019,1000000,45280
12020,1000000,79670
12021,1000000,99760
12022,1000000,41020
12023,1210625,32970
12024,1210625,31020
12025,1210625,20830
12026,1000000,46260
12027,1210625,33050
12028,1210625,16510
12029,1210625,22940
12030,1210625,36190
12031,1210625,31280
12032,1210625,26020
12033,1000000,85620
12034,1000000,40860
12035,1210625,36000
12036,1210625,30050
12037,1210625,28630
12038,1210625,32830
12039,1000000,75940
12040,1000000,44380
