1,1034113,6170
2,1034113,1000
3,1034113,7090
4,1000000,23920
5,1034113,1730
6,1034113,11140
7,1034113,2380
8,1034113,4100
9,1034113,1000
10,1034113,1000
11,1034113,1000
12,1000000,76810
13,1000000,70200
14,1034113,5340
15,1000000,44200
16,1000000,25360
17,1034113,2460
18,1034113,11040
19,1034113,1000
20,1034113,5150
21,1034113,8620
22,1034113,1870
23,1034113,7540
24,1000000,16940
25,1034113,13390
26,4611,1000000
27,1000000,32160
28,1034113,6790
29,1034113,1000
30,1000000,82430
31,1000000,28620
32,1034113,2260
33,1034113,9780
34,1034113,1190
35,1000000,72850
36,1034113,9610
37,1034113,1340
38,1034113,8040
39,1034113,6530
40,1000000,17410
41,1034113,1980
42,1034113,7970
43,1000000,92930
44,1000000,19020
45,1000000,28480
46,1034113,3000
47,1000000,28590
48,1000000,21710
49,1034113,1000
50,1034113,1420
51,1034113,1000
52,1034113,3170
53,1034113,1000
54,1034113,2680
55,1034113,1000
56,1034113,1000
57,1034113,4270
58,1034113,1000
59,1000000,38060
60,1034113,1000
61,1000000,55720
62,1034113,10220
63,1034113,5240
64,1034113,2860
65,1000000,77240
66,1000000,19880
67,1034113,1710
68,1034113,5040
69,1034113,1000
70,1034113,9190
71,1000000,32200
72,1034113,7290
73,1034113,2100
74,1034113,8690
75,1000000,38670
76,1034113,14300
77,1000000,40310
78,1000000,38100
79,1034113,11750
80,1000000,16860
81,1000000,137000
82,1034113,1520
83,1034113,1000
84,1034113,1740
85,1034113,1810
86,1000000,15430
87,1034113,9320
88,1034113,4840
89,1034113,12140
90,1034113,5800
91,1000000,57430
92,1034113,1000
93,1034113,3860
94,1034113,7240
95,1034113,5620
96,1034113,1000
97,1034113,7270
98,1034113,14530
99,1034113,1290
100,1034113,6560
101,1034113,6800
102,1034113,14260
103,1034113,2800
104,1000000,29050
105,1034113,4810
106,1000000,41750
107,1000000,45820
108,1034113,1060
109,1034113,11820
110,1034113,13860
111,1000000,17130
112,1034113,1000
113,1034113,9190
114,1034113,14380
115,1034113,3620
116,1000000,62080
117,1000000,18770
118,1034113,6440
119,1034113,1080
120,1000000,83260
121,1034113,13110
122,1034113,1660
123,1034113,2150
124,1000000,44140
125,1034113,1000
126,1034113,12680
127,1000000,27860
128,1034113,10690
129,1034113,14590
130,1000000,32870
131,1034113,10290
132,1034113,1000
133,1034113,5910
134,1034113,1000
135,1034113,1730
136,1034113,2800
137,1034113,1000
138,1034113,1000
139,1000000,52540
140,1034113,2460
141,1034113,8800
142,1034113,1060
143,1034113,8720
144,1034113,8590
145,1034113,5730
146,1034113,1340
147,1000000,111440
148,1034113,1000
149,1000000,21880
150,1000000,141970
151,1034113,1000
152,1000000,71500
153,1034113,2870
154,1034113,3810
155,1034113,1500
156,1034113,1000
157,1034113,5660
158,1034113,1000
159,1000000,22550
160,1034113,2040
161,1034113,2360
162,1000000,23360
163,1034113,3050
164,1034113,3520
165,1034113,1000
166,1034113,5710
167,1000000,47180
168,1000000,26470
169,1034113,8930
170,1000000,29570
171,1034113,6510
172,1000000,15350
173,1000000,18850
174,1000000,17820
175,1034113,13650
176,1034113,1000
177,1034113,1000
178,1034113,3230
179,1034113,1120
180,1034113,8140
181,1034113,7830
182,1034113,2500
183,1034113,6310
184,1034113,1000
185,1034113,2200
186,1034113,4880
187,1034113,7810
188,1034113,3100
189,1034113,1590
190,1034113,1000
191,1000000,17270
192,1034113,1350
193,1000000,17670
194,1034113,4600
195,1034113,3740
196,1034113,10290
197,1034113,2840
198,1034113,1060
199,1000000,23830
200,1034113,1320
201,1034113,2610
202,1034113,9580
203,1034113,10050
204,1034113,1810
205,1034113,5390
206,1034113,1300
207,1034113,2040
208,1034113,1000
209,1000000,50460
210,1034113,1000
211,1034113,8370
212,1034113,1000
213,1034113,13950
214,1034113,13660
215,1000000,15390
216,1034113,10500
217,1034113,3250
218,1000000,30070
219,1034113,13980
220,1034113,2420
221,1034113,5760
222,1000000,32580
223,1000000,33280
224,1000000,36440
225,1000000,199000
226,1034113,1000
227,1034113,8740
228,1000000,24580
229,1000000,48730
230,1000000,16460
231,1000000,25280
232,1000000,21460
233,1034113,1450
234,1034113,12770
235,1034113,3180
236,1034113,2010
237,1000000,39990
238,1034113,4840
239,1034113,1000
240,1034113,3430
241,1034113,1000
242,1034113,11170
243,1034113,1000
244,1034113,12510
245,1000000,72940
246,1034113,1000
247,1034113,1000
248,1034113,2840
249,1000000,31290
250,1034113,10610
251,1034113,1000
252,1034113,3290
253,1034113,4800
254,1034113,12300
255,1000000,37770
256,1000000,184350
257,1034113,3200
258,1034113,9360
259,1034113,3790
260,1000000,24140
261,1034113,2080
262,1034113,3410
263,1034113,1000
264,1034113,2230
265,1000000,21360
266,1034113,1980
267,1000000,25790
268,1034113,1000
269,1034113,10950
270,1000000,42700
271,1034113,5070
272,1034113,14460
273,1000000,17650
274,1034113,8510
275,1000000,17380
276,1000000,18260
277,1000000,16690
278,1034113,3860
279,1000000,49870
280,1034113,14120
281,1034113,2300
282,1000000,31090
283,1000000,18050
284,1034113,5760
285,1000000,18000
286,1034113,2750
287,1034113,2190
288,1034113,4290
289,1000000,21860
290,1034113,10500
291,1034113,7060
292,1000000,19580
293,1000000,29090
294,1034113,11920
295,1034113,12150
296,1034113,1000
297,1034113,12720
298,1034113,4580
299,1034113,3780
300,1000000,30780
301,1000000,19790
302,1000000,20940
303,1034113,6860
304,1034113,1000
305,1034113,3470
306,1034113,8830
307,1034113,2010
308,1000000,49170
309,1034113,3010
310,1034113,1000
311,1000000,47910
312,1034113,5560
313,1034113,3470
314,1034113,13910
315,1034113,1000
316,1034113,1800
317,1034113,8650
318,1034113,1050
319,1034113,1000
320,1034113,13140
321,1000000,34450
322,1000000,15530
323,1034113,4970
324,1034113,1930
325,1000000,19940
326,1034113,4530
327,1034113,11590
328,1034113,12310
329,1000000,27220
330,1034113,9220
331,1034113,2360
332,1034113,11510
333,1000000,41880
334,1034113,2630
335,1034113,2290
336,1000000,20650
337,1034113,12590
338,1000000,27120
339,1000000,20600
340,1000000,148090
341,1000000,21000
342,1034113,1650
343,1000000,17740
344,1000000,16320
345,1034113,5390
346,1034113,6370
347,1034113,1000
348,1034113,4880
349,1034113,14930
350,1034113,13790
351,1034113,1210
352,1034113,11900
353,1034113,4820
354,1034113,1560
355,1000000,23050
356,1034113,6140
357,1000000,30810
358,1000000,174780
359,1000000,21470
360,1000000,81240
361,1034113,4710
362,1034113,14770
363,1034113,2500
364,1034113,2420
365,1034113,6740
366,1000000,17260
367,1034113,1470
368,1034113,1220
369,1000000,16580
370,1034113,1000
371,1034113,12760
372,1034113,4750
373,1034113,5480
374,1034113,1790
375,1034113,2810
376,1000000,31380
377,1000000,88920
378,1034113,1200
379,1034113,6020
380,1034113,10400
381,1000000,15840
382,1034113,1150
383,1034113,11670
384,1000000,18100
385,1034113,4050
386,1034113,11500
387,1000000,37110
388,1034113,1000
389,1000000,49520
390,1034113,1000
391,1000000,18400
392,1000000,16860
393,1034113,1410
394,1034113,1000
395,1000000,23920
396,1034113,1740
397,1000000,22470
398,1034113,4920
399,1034113,14900
400,1034113,1000
401,1034113,8900
402,1000000,23650
403,1000000,24210
404,1000000,15780
405,1034113,1000
406,1034113,14130
407,1034113,7390
408,1034113,4690
409,1000000,16320
410,1034113,5740
411,1034113,8650
412,1034113,1450
413,1000000,74790
414,1000000,24890
415,1000000,63990
416,1034113,1000
417,1034113,13980
418,1034113,1000
419,1034113,6200
420,1034113,10160
421,1034113,3090
422,1034113,1430
423,1034113,3500
424,1034113,1080
425,1000000,15530
426,1034113,1000
427,1034113,1690
428,1000000,70540
429,1000000,17480
430,1034113,1610
431,1034113,8550
432,1034113,4600
433,1034113,12550
434,1000000,15980
435,1000000,25850
436,1034113,6850
437,1034113,5590
438,1000000,52880
439,1034113,8810
440,1000000,117880
441,1034113,4850
442,1034113,3510
443,1034113,1000
444,1034113,1000
445,1034113,1000
446,1034113,6100
447,1000000,36230
448,1000000,18250
449,1000000,19380
450,1034113,3820
451,1034113,11120
452,1034113,1000
453,1000000,55740
454,1034113,5480
455,1034113,2570
456,1034113,1000
457,1034113,1000
458,1000000,18190
459,1034113,2460
460,1034113,3120
461,1034113,1820
462,1000000,27050
463,1034113,12420
464,1034113,1570
465,1034113,1870
466,1034113,1940
467,1034113,1000
468,1000000,54520
469,1034113,8520
470,1034113,1000
471,1034113,5090
472,1034113,1000
473,1034113,1000
474,1034113,2830
475,1000000,24510
476,1000000,22870
477,1000000,18560
478,1000000,16530
479,1034113,1220
480,1000000,20470
481,1034113,7380
482,1034113,1000
483,1034113,4290
484,1034113,2780
485,1034113,2830
486,1000000,24920
487,1034113,1000
488,1034113,7920
489,1000000,57640
490,1000000,39180
491,1034113,4550
492,1034113,1000
493,1034113,1460
494,1034113,14260
495,1034113,3910
496,1034113,1560
497,1034113,12930
498,1034113,1010
499,1000000,18990
500,1034113,2040
501,1034113,4620
502,1034113,1790
503,1034113,7960
504,1034113,1000
505,1000000,41830
506,1034113,5350
507,1034113,14060
508,1034113,1620
509,1034113,10530
510,1034113,12630
511,1034113,3190
512,1000000,24040
513,1034113,1340
514,1034113,4920
515,1034113,3450
516,1000000,20400
517,1000000,31540
518,1000000,27740
519,1000000,20460
520,1034113,2680
521,1034113,9040
522,1000000,61970
523,1034113,1000
524,1034113,1000
525,1034113,1000
526,1034113,4640
527,1000000,78710
528,1000000,15770
529,1034113,13670
530,1034113,4460
531,1000000,49050
532,4611,1000000
533,1000000,16150
534,1000000,35780
535,1000000,16570
536,1034113,1000
537,1034113,1000
538,1000000,18800
539,1000000,52370
540,1034113,10150
541,1000000,40720
542,1034113,2070
543,1000000,28670
544,1034113,5070
545,1034113,12970
546,1034113,1000
547,1034113,1720
548,1000000,16580
549,1034113,1000
550,1034113,2500
551,1034113,1000
552,1000000,32860
553,1000000,31610
554,1034113,5900
555,1000000,26490
556,1034113,5310
557,1034113,6800
558,1000000,35150
559,1034113,2020
560,1034113,2930
561,1034113,1000
562,1034113,1000
563,1034113,1000
564,1034113,1510
565,1034113,1010
566,1034113,1000
567,1034113,1620
568,1034113,2060
569,1000000,64930
570,1000000,15530
571,1034113,2610
572,1034113,1200
573,1000000,23360
574,1034113,1130
575,1034113,5590
576,1034113,1000
577,1034113,1400
578,1034113,9770
579,1034113,1000
580,1000000,17370
581,1034113,14410
582,1034113,4170
583,1034113,1000
584,1034113,2680
585,1034113,1000
586,1034113,2880
587,1034113,5300
588,1000000,15740
589,1034113,1000
590,1000000,19960
591,1000000,41560
592,1034113,1000
593,1034113,8010
594,1000000,42100
595,1034113,1000
596,1034113,3950
597,1000000,23750
598,1034113,5800
599,1034113,6820
600,1000000,59690
601,1034113,13250
602,1034113,11790
603,1034113,13870
604,1034113,5530
605,1034113,8180
606,1000000,54200
607,1034113,3100
608,1034113,1000
609,1034113,2630
610,1034113,1000
611,1034113,5880
612,1034113,1000
613,1034113,1000
614,1034113,1000
615,1034113,7940
616,1034113,1370
617,1034113,3030
618,1034113,1420
619,1034113,10690
620,1034113,1200
621,1034113,1440
622,1034113,9540
623,1000000,50670
624,1034113,8530
625,1000000,56040
626,1034113,3250
627,1000000,41730
628,1034113,1000
629,1000000,18500
630,1000000,39880
631,1034113,2180
632,1034113,2950
633,1034113,3960
634,1000000,17730
635,1034113,7560
636,1000000,39640
637,1034113,1030
638,1034113,1000
639,1034113,14070
640,1000000,19300
641,1034113,9820
642,1034113,11230
643,1000000,19460
644,1034113,2690
645,1034113,5430
646,1034113,1000
647,1000000,15410
648,1034113,10880
649,1000000,37510
650,1034113,1000
651,1034113,4110
652,1034113,7150
653,1000000,74300
654,1034113,1000
655,1034113,3210
656,1034113,1030
657,1000000,27930
658,1000000,33180
659,1000000,45490
660,1034113,3080
661,1000000,32800
662,1000000,28280
663,1034113,8910
664,1000000,46270
665,1000000,101060
666,1034113,1360
667,1000000,34940
668,1000000,23260
669,1034113,6620
670,1034113,6880
671,1034113,1160
672,1034113,4650
673,1034113,1000
674,1034113,5220
675,1000000,116630
676,1034113,11900
677,1000000,32830
678,1000000,50400
679,1000000,48650
680,1034113,14520
681,1034113,9880
682,1034113,6120
683,1034113,4100
684,1034113,1190
685,1034113,1970
686,1000000,43650
687,1034113,1000
688,1034113,1000
689,1034113,11600
690,1034113,1430
691,1000000,24130
692,1034113,5120
693,1034113,3020
694,1000000,38480
695,1034113,2830
696,1000000,19350
697,1034113,2820
698,1034113,8380
699,1034113,6920
700,1000000,56510
701,1034113,10460
702,1000000,71960
703,1034113,1000
704,1000000,35990
705,1034113,1020
706,1034113,9380
707,1034113,3640
708,1034113,11760
709,1034113,1000
710,1034113,11540
711,1034113,14550
712,1034113,8020
713,1034113,1000
714,1034113,3040
715,1034113,1950
716,1034113,9390
717,1034113,1000
718,1034113,8950
719,1034113,1000
720,1034113,3010
721,1034113,1000
722,1034113,9030
723,1034113,1200
724,1034113,14650
725,1000000,70420
726,1034113,6130
727,1000000,60560
728,1034113,13080
729,1000000,39500
730,1034113,1400
731,1034113,1000
732,1034113,1000
733,1034113,9870
734,1000000,17860
735,1034113,2390
736,1000000,64980
737,1034113,7410
738,1034113,1000
739,1000000,61160
740,1000000,33820
741,1034113,1000
742,1034113,3990
743,1000000,40950
744,1000000,27390
745,1000000,45300
746,1034113,3310
747,1034113,3520
748,1000000,35220
749,1034113,1230
750,1034113,1870
751,1034113,4110
752,1000000,27240
753,1034113,1000
754,1034113,5060
755,1034113,4510
756,1034113,8690
757,1034113,1000
758,1034113,1920
759,1034113,8950
760,1034113,2310
761,1034113,4190
762,1034113,2770
763,1034113,1350
764,1034113,12900
765,1034113,11920
766,1034113,1000
767,1034113,7110
768,1034113,9580
769,1034113,6670
770,1034113,1260
771,1034113,1470
772,1034113,6510
773,1034113,4490
774,1034113,14650
775,1034113,3410
776,1000000,20960
777,1000000,132590
778,1000000,33480
779,1034113,1100
780,1034113,2910
781,1034113,3360
782,1034113,1160
783,1034113,4220
784,1034113,5950
785,1000000,24250
786,1034113,2210
787,1034113,12460
788,1034113,1510
789,1034113,1180
790,1000000,18730
791,1034113,1000
792,1000000,19220
793,1034113,5130
794,1034113,10700
795,1034113,4360
796,1000000,43600
797,1034113,12800
798,1000000,15660
799,1034113,11900
800,1034113,7650
801,1000000,63730
802,1034113,1330
803,1034113,7340
804,1034113,3480
805,1034113,2080
806,1000000,18720
807,1034113,1700
808,1034113,12820
809,1034113,2490
810,1000000,77000
811,1034113,7320
812,1034113,3100
813,1034113,1000
814,1034113,1000
815,1034113,1730
816,1034113,6650
817,1000000,69340
818,1034113,7060
819,1034113,1010
820,1034113,8360
821,1034113,11550
822,1034113,1790
823,1034113,8860
824,1034113,11710
825,1000000,19800
826,1000000,95910
827,1034113,13880
828,1000000,57930
829,1034113,1100
830,1034113,10750
831,1000000,19310
832,1000000,108680
833,1034113,3320
834,1000000,20960
835,1034113,7150
836,1000000,73200
837,1000000,68660
838,1000000,50880
839,1034113,1000
840,1034113,7720
841,1034113,1000
842,1034113,1000
843,1000000,24530
844,1034113,13630
845,1034113,9540
846,1034113,1440
847,1034113,1000
848,1034113,7670
849,1034113,12410
850,1000000,36220
851,1000000,59530
852,1034113,1110
853,1000000,21030
854,1034113,3480
855,1034113,1860
856,1034113,1000
857,1034113,3680
858,1000000,23020
859,1034113,3560
860,1000000,29990
861,1034113,5900
862,1034113,4520
863,1034113,1000
864,1034113,1000
865,1000000,31420
866,1034113,1970
867,1034113,1000
868,1034113,1000
869,1034113,1460
870,1034113,7960
871,1000000,27500
872,1000000,19420
873,1034113,9080
874,1000000,26690
875,1034113,11310
876,1034113,2330
877,1034113,1000
878,1000000,114510
879,1000000,24350
880,1000000,19220
881,1000000,31780
882,1034113,7640
883,1034113,9730
884,1000000,45680
885,1000000,15030
886,1000000,28390
887,1034113,2410
888,1034113,4180
889,1000000,36890
890,1034113,9040
891,1034113,10080
892,1000000,29050
893,1000000,46070
894,1000000,33480
895,1034113,1510
896,1034113,8640
897,1000000,28280
898,1034113,14660
899,1000000,53330
900,1034113,6740
901,1000000,32390
902,1034113,6680
903,1034113,1000
904,1034113,10430
905,1034113,1030
906,1034113,5030
907,1034113,5850
908,1034113,11290
909,1000000,26960
910,1000000,19900
911,1000000,69390
912,1034113,12070
913,1000000,17320
914,1000000,27900
915,1034113,14510
916,1034113,1000
917,1034113,2930
918,1034113,4450
919,1000000,16310
920,1000000,26570
921,1034113,5860
922,1000000,23800
923,1034113,3540
924,1034113,1000
925,1034113,2430
926,1034113,2520
927,1000000,19920
928,1000000,20090
929,1034113,1000
930,1034113,8080
931,1034113,6780
932,1034113,2200
933,1034113,7670
934,1000000,51110
935,1000000,20400
936,1000000,26770
937,1034113,1000
938,1034113,1210
939,1034113,7400
940,1000000,98470
941,1034113,5280
942,1034113,7560
943,1000000,20020
944,1034113,7610
945,1034113,6570
946,1000000,99910
947,1000000,17830
948,1034113,6400
949,1000000,164440
950,1034113,2170
951,1034113,2610
952,1000000,34030
953,1034113,1000
954,1000000,45920
955,1034113,7080
956,1034113,4220
957,1034113,1480
958,1034113,1000
959,1034113,14890
960,1034113,5910
961,1034113,13710
962,1034113,6620
963,1034113,1000
964,1034113,7850
965,1034113,7850
966,1034113,9560
967,1034113,1000
968,1034113,13490
969,1034113,3160
970,1000000,26450
971,1000000,51310
972,1000000,50030
973,1034113,5190
974,1034113,3080
975,1000000,55240
976,1034113,4460
977,1000000,30950
978,1000000,31350
979,1034113,1530
980,1034113,5970
981,1034113,13190
982,1000000,31210
983,1034113,1480
984,1034113,3380
985,1000000,30650
986,1034113,1000
987,1000000,19970
988,1034113,1000
989,1000000,92020
990,1034113,1910
991,1034113,1000
992,1034113,10980
993,1034113,3840
994,1000000,18170
995,1000000,22100
996,1034113,6440
997,1034113,5720
998,1000000,34620
999,1000000,35730
1000,1034113,1570
1001,1034113,13440
1002,1034113,1770
1003,1034113,12960
1004,1034113,7750
1005,1034113,2450
1006,1000000,15840
1007,1034113,3210
1008,1034113,2760
1009,1034113,2600
1010,1034113,1490
1011,1034113,1000
1012,1034113,7910
1013,1000000,17780
1014,1000000,15720
1015,1034113,14150
1016,1034113,10510
1017,1000000,59750
1018,1034113,6590
1019,1034113,10970
1020,1000000,29520
1021,1000000,22160
1022,1034113,1000
1023,1034113,7820
1024,1034113,5480
1025,1034113,1870
1026,1034113,13310
1027,1034113,14150
1028,1000000,22130
1029,1034113,9080
1030,1000000,21870
1031,1034113,10460
1032,1000000,22640
1033,1034113,8490
1034,1034113,6780
1035,1000000,44380
1036,1034113,3790
1037,1000000,48910
1038,1000000,37960
1039,1034113,3900
1040,1034113,5110
1041,1034113,3510
1042,1000000,59800
1043,1034113,12450
1044,1034113,13270
1045,1034113,1800
1046,1000000,41120
1047,1034113,1000
1048,1034113,8280
1049,1034113,6600
1050,1034113,8020
1051,1034113,1000
1052,1034113,1000
1053,1034113,7110
1054,1000000,25260
1055,1034113,4750
1056,1034113,1710
1057,1034113,4580
1058,1000000,18240
1059,1034113,1000
1060,1034113,4660
1061,1034113,12980
1062,1034113,3950
1063,1034113,7360
1064,1034113,12290
1065,1034113,1250
1066,1000000,51080
1067,1034113,1000
1068,1034113,10570
1069,1034113,1000
1070,1034113,1000
1071,1034113,1000
1072,1000000,19760
1073,1034113,5610
1074,1034113,1000
1075,1034113,11680
1076,1034113,1270
1077,1000000,18360
1078,1034113,1730
1079,1000000,32940
1080,1034113,3820
1081,1034113,5500
1082,1034113,1040
1083,1000000,35970
1084,1034113,1000
1085,1034113,9560
1086,1000000,27340
1087,1000000,87250
1088,1034113,3710
1089,1000000,25600
1090,1000000,17600
1091,1034113,13410
1092,1034113,11690
1093,1034113,1000
1094,1034113,2370
1095,1034113,2240
1096,1034113,1000
1097,1034113,4600
1098,1034113,1000
1099,1000000,46660
1100,1034113,2410
1101,1034113,1830
1102,1000000,32740
1103,1034113,3900
1104,1034113,1000
1105,1034113,10480
1106,1034113,3020
1107,1034113,1000
1108,1034113,4230
1109,1034113,3140
1110,1034113,11550
1111,1034113,10920
1112,1000000,40020
1113,1000000,45290
1114,1034113,8330
1115,1034113,3260
1116,1034113,10660
1117,1034113,5070
1118,1034113,3800
1119,1000000,23030
1120,1034113,1000
1121,1034113,1060
1122,1000000,30470
1123,1034113,9360
1124,1034113,1970
1125,1034113,1000
1126,1000000,27480
1127,1000000,21330
1128,1034113,14380
1129,1034113,4780
1130,1000000,113640
1131,1034113,1000
1132,1034113,2030
1133,1034113,1000
1134,1034113,4250
1135,1000000,25860
1136,1000000,50440
1137,1000000,32900
1138,1034113,1380
1139,1000000,23170
1140,1034113,4260
1141,1034113,2760
1142,1000000,25350
1143,1000000,32720
1144,1034113,2710
1145,1000000,93540
1146,1000000,15520
1147,1034113,5010
1148,1000000,33980
1149,1000000,74610
1150,1034113,8000
1151,1034113,3100
1152,1034113,4530
1153,1000000,47310
1154,1034113,8010
1155,1034113,11470
1156,1034113,3760
1157,1000000,20060
1158,1034113,5330
1159,1034113,2200
1160,1000000,29770
1161,1034113,1000
1162,1000000,21150
1163,1034113,8130
1164,1034113,2560
1165,1034113,10420
1166,1034113,3550
1167,1034113,3260
1168,1034113,2380
1169,1034113,1760
1170,1000000,16230
1171,1000000,17170
1172,1034113,4760
1173,1000000,32900
1174,1034113,3520
1175,1034113,1000
1176,4611,1000000
1177,1034113,6990
1178,1034113,1000
1179,1000000,73600
1180,1034113,14440
1181,1000000,41200
1182,1034113,2120
1183,1034113,1000
1184,1034113,12500
1185,1034113,1000
1186,1000000,68690
1187,1034113,11540
1188,1034113,12630
1189,1034113,1000
1190,1000000,24450
1191,1034113,8220
1192,1034113,5620
1193,1000000,16420
1194,1034113,4450
1195,1034113,6370
1196,1034113,2220
1197,1034113,9190
1198,1034113,12670
1199,1000000,20040
1200,1034113,12100
1201,1034113,1000
1202,1034113,2510
1203,1000000,61760
1204,1034113,11000
1205,1000000,55420
1206,1034113,13000
1207,1000000,47470
1208,1034113,4240
1209,1034113,3090
1210,1000000,117310
1211,1034113,10810
1212,1034113,3340
1213,1034113,3460
1214,1034113,7330
1215,1034113,2140
1216,1000000,42550
1217,1034113,2780
1218,1034113,3560
1219,1034113,5610
1220,1034113,2470
1221,1034113,1000
1222,1034113,1430
1223,1000000,49150
1224,1034113,2860
1225,1034113,2520
1226,1034113,1000
1227,1034113,1920
1228,1000000,76940
1229,1000000,32720
1230,1034113,10950
1231,1000000,43610
1232,1034113,4750
1233,1034113,3700
1234,1034113,1000
1235,1034113,8110
1236,1034113,3610
1237,1000000,93710
1238,1000000,16990
1239,1034113,8560
1240,1000000,61520
1241,1034113,1720
1242,1000000,19080
1243,1000000,107350
1244,1000000,16940
1245,1034113,5140
1246,1034113,2110
1247,1034113,1000
1248,1034113,1240
1249,1034113,9360
1250,1000000,45360
1251,1000000,37360
1252,1034113,12160
1253,1000000,16350
1254,1034113,11530
1255,1034113,10760
1256,1034113,1000
1257,1034113,1000
1258,1034113,2770
1259,1034113,12920
1260,1000000,18240
1261,1034113,6590
1262,1034113,9220
1263,1034113,7360
1264,1034113,8470
1265,1034113,6710
1266,1000000,74620
1267,1034113,2900
1268,1034113,2470
1269,1034113,5700
1270,1034113,2270
1271,1034113,2710
1272,1034113,1160
1273,1034113,1000
1274,1034113,1000
1275,1000000,31100
1276,1034113,6170
1277,1034113,2610
1278,1034113,1000
1279,1000000,29920
1280,1034113,7110
1281,1000000,29970
1282,1034113,11760
1283,1034113,2090
1284,1034113,3520
1285,1000000,21890
1286,1000000,29460
1287,1000000,17540
1288,1034113,4730
1289,1000000,26380
1290,1034113,1000
1291,1034113,13270
1292,1034113,8410
1293,1034113,4220
1294,1034113,1570
1295,1034113,2340
1296,1034113,5810
1297,1034113,1000
1298,1000000,17820
1299,1034113,6420
1300,1034113,8540
1301,1034113,1610
1302,1034113,1360
1303,1000000,19380
1304,1034113,1000
1305,1000000,55840
1306,1000000,32720
1307,1034113,14200
1308,1000000,20840
1309,1034113,11010
1310,1000000,20530
1311,1034113,2150
1312,1000000,53010
1313,1034113,1000
1314,1034113,1120
1315,1034113,1200
1316,1034113,4960
1317,1034113,13770
1318,1034113,14510
1319,1034113,1000
1320,1034113,11660
1321,1000000,17020
1322,1000000,20250
1323,1034113,11760
1324,1000000,28750
1325,1034113,1290
1326,1034113,4000
1327,1034113,4350
1328,1034113,8710
1329,1034113,9780
1330,1034113,10260
1331,1034113,1000
1332,1034113,5800
1333,1000000,20940
1334,1034113,6840
1335,1034113,12440
1336,1034113,4020
1337,1034113,2590
1338,1034113,1000
1339,1034113,3410
1340,1034113,4840
1341,1034113,2700
1342,1000000,17920
1343,1034113,9010
1344,1000000,20630
1345,1034113,1000
1346,1034113,7630
1347,1034113,1000
1348,1034113,2770
1349,1034113,1000
1350,1034113,1000
1351,1034113,4280
1352,1034113,7250
1353,1000000,65570
1354,1034113,13130
1355,1034113,9650
1356,1034113,10920
1357,1034113,7360
1358,1034113,11860
1359,1034113,4100
1360,1034113,4580
1361,1034113,4720
1362,1034113,3890
1363,1000000,17360
1364,1034113,2500
1365,1034113,6470
1366,1034113,2580
1367,1000000,16590
1368,1034113,12680
1369,1000000,41400
1370,1034113,4060
1371,1034113,2120
1372,1034113,13080
1373,1034113,11830
1374,1034113,8990
1375,1034113,5960
1376,1034113,1000
1377,1034113,2820
1378,1000000,31740
1379,1000000,56540
1380,1034113,8920
1381,1034113,6350
1382,1034113,10330
1383,1034113,6260
1384,1000000,29350
1385,1034113,1000
1386,1034113,8700
1387,1034113,3520
1388,1034113,5060
1389,1034113,2540
1390,1034113,3130
1391,1034113,1000
1392,1034113,1000
1393,1000000,17140
1394,1034113,4990
1395,1000000,52710
1396,1000000,22170
1397,1000000,17550
1398,1000000,46100
1399,1034113,11820
1400,1034113,1000
1401,1034113,13350
1402,1034113,5740
1403,1034113,7480
1404,1000000,36570
1405,1000000,38120
1406,1034113,7450
1407,1034113,3680
1408,1034113,1000
1409,1000000,38100
1410,1034113,10570
1411,1034113,2970
1412,1034113,10350
1413,1034113,14770
1414,1034113,5690
1415,1034113,5470
1416,1034113,1760
1417,1034113,4820
1418,1034113,3180
1419,1034113,6990
1420,1034113,3670
1421,1034113,6230
1422,1034113,1000
1423,1034113,11000
1424,1000000,29370
1425,1034113,5970
1426,1034113,14940
1427,1034113,1030
1428,1034113,1000
1429,1034113,5290
1430,1000000,34500
1431,1034113,4290
1432,1034113,1000
1433,1034113,1000
1434,1000000,30230
1435,1034113,1030
1436,1034113,4780
1437,1000000,65490
1438,1034113,11190
1439,1000000,47470
1440,1034113,12980
1441,1034113,1000
1442,1034113,1640
1443,1034113,5410
1444,1000000,16370
1445,1000000,73240
1446,1034113,12180
1447,1034113,8160
1448,1000000,15740
1449,1034113,2200
1450,1034113,12290
1451,1034113,4010
1452,1034113,5380
1453,1034113,10000
1454,1034113,1000
1455,1034113,7400
1456,1034113,6910
1457,1034113,3800
1458,1034113,1730
1459,1034113,12570
1460,1034113,13590
1461,1034113,1000
1462,1034113,4140
1463,1034113,14630
1464,1034113,14740
1465,1000000,15520
1466,1034113,2620
1467,1034113,2560
1468,1034113,10600
1469,1034113,3270
1470,1034113,1910
1471,1000000,16210
1472,1034113,1280
1473,1034113,7610
1474,1034113,8460
1475,1034113,1000
1476,1034113,1790
1477,1034113,6960
1478,1034113,1000
1479,1000000,20870
1480,1034113,13220
1481,1034113,8330
1482,1034113,8870
1483,1000000,32750
1484,1034113,1140
1485,1000000,26530
1486,1034113,12890
1487,1000000,15090
1488,1034113,1630
1489,1034113,6400
1490,1034113,5910
1491,1034113,3800
1492,1034113,12050
1493,1034113,6560
1494,1034113,1000
1495,1000000,23840
1496,1034113,2820
1497,1034113,7520
1498,1034113,13590
1499,1000000,26360
1500,1034113,12880
1501,1034113,13460
1502,1034113,1260
1503,1000000,37830
1504,1034113,5250
1505,1034113,1000
1506,1034113,5200
1507,1000000,20280
1508,1000000,27310
1509,1034113,8990
1510,1034113,2060
1511,1000000,18200
1512,1034113,1000
1513,1000000,18580
1514,1000000,46260
1515,1034113,7360
1516,1034113,8330
1517,1034113,12780
1518,1034113,2290
1519,1000000,54200
1520,1034113,1000
1521,1034113,4690
1522,1034113,1000
1523,1000000,59980
1524,1034113,9860
1525,1034113,12830
1526,1000000,45550
1527,1034113,13230
1528,1034113,2950
1529,1034113,11990
1530,1000000,24220
1531,1034113,1490
1532,1000000,32140
1533,1034113,4320
1534,1034113,3390
1535,1034113,1000
1536,1034113,1440
1537,1034113,7780
1538,1000000,527740
1539,1034113,2500
1540,1034113,2340
1541,1000000,38190
1542,1034113,3480
1543,1034113,8380
1544,1034113,2250
1545,1000000,26370
1546,1034113,4050
1547,1034113,4890
1548,1034113,4060
1549,1034113,1000
1550,1034113,7110
1551,1034113,13520
1552,1034113,1680
1553,1034113,2460
1554,1034113,5290
1555,1034113,3620
1556,1000000,29420
1557,1034113,1000
1558,1000000,22530
1559,1034113,2820
1560,1034113,8110
1561,1034113,1320
1562,1034113,14480
1563,1034113,13830
1564,1000000,39780
1565,1034113,2220
1566,1034113,4950
1567,4611,1000000
1568,1000000,28470
1569,1034113,1120
1570,1000000,15100
1571,1034113,7690
1572,1034113,11150
1573,1034113,1680
1574,1000000,49880
1575,1034113,1000
1576,1034113,4980
1577,1000000,17570
1578,1034113,3430
1579,1034113,1000
1580,1034113,5340
1581,1000000,21610
1582,1000000,22030
1583,1034113,1000
1584,1034113,5540
1585,1034113,8040
1586,1000000,36810
1587,1000000,29730
1588,1034113,2340
1589,1034113,1000
1590,1034113,13800
1591,1000000,39310
1592,1034113,14260
1593,1034113,1000
1594,1000000,31930
1595,1000000,79660
1596,1034113,7380
1597,1034113,1000
1598,1034113,1000
1599,1034113,4390
1600,1034113,6700
1601,1034113,5550
1602,1034113,11470
1603,1000000,33010
1604,1000000,62560
1605,1034113,13200
1606,1034113,2040
1607,1034113,4510
1608,1034113,3330
1609,1034113,9220
1610,1034113,3890
1611,1034113,12710
1612,1034113,7240
1613,1034113,1000
1614,1000000,82550
1615,1034113,3890
1616,1034113,14750
1617,1034113,2040
1618,1000000,17290
1619,1034113,1770
1620,1034113,7980
1621,1034113,3900
1622,1034113,14480
1623,1034113,3780
1624,1034113,1410
1625,1000000,15630
1626,1034113,5450
1627,1000000,55000
1628,1000000,76660
1629,1034113,1330
1630,1034113,5440
1631,1034113,1000
1632,1034113,5360
1633,1034113,8400
1634,1034113,1900
1635,1034113,10950
1636,1000000,69530
1637,1034113,1000
1638,1034113,1000
1639,1000000,21460
1640,1034113,1580
1641,1034113,1000
1642,1034113,7230
1643,1000000,36320
1644,1034113,1460
1645,1034113,6520
1646,1000000,19200
1647,1000000,15030
1648,1000000,162320
1649,1034113,13670
1650,1034113,1960
1651,1034113,5330
1652,1034113,8660
1653,1034113,3250
1654,1034113,2220
1655,1034113,11090
1656,1000000,33170
1657,1034113,1000
1658,1034113,6780
1659,1000000,37990
1660,1034113,1000
1661,1034113,1000
1662,1034113,4050
1663,1034113,1000
1664,1000000,29090
1665,1034113,1000
1666,1034113,8340
1667,1034113,12450
1668,1000000,17420
1669,1034113,11680
1670,1000000,17650
1671,1034113,1920
1672,1034113,1570
1673,1034113,5810
1674,1000000,27850
1675,1034113,12260
1676,1034113,1060
1677,1034113,3080
1678,4611,1000000
1679,1000000,33030
1680,1034113,9700
1681,1034113,7340
1682,1034113,3270
1683,1034113,3350
1684,1000000,22490
1685,1000000,47350
1686,1034113,3330
1687,1000000,35400
1688,1034113,2140
1689,1000000,18660
1690,1034113,3290
1691,4611,1000000
1692,1034113,6940
1693,1034113,5310
1694,1034113,10450
1695,1034113,5700
1696,1000000,122270
1697,1000000,25030
1698,1000000,20330
1699,1000000,74800
1700,1034113,5900
1701,1000000,20230
1702,1034113,2060
1703,1034113,2450
1704,1034113,1000
1705,1034113,9430
1706,1034113,10470
1707,1034113,7310
1708,1000000,16340
1709,1034113,1850
1710,1000000,59840
1711,1034113,1000
1712,1034113,5270
1713,1000000,236650
1714,1000000,17530
1715,1034113,5280
1716,1034113,13950
1717,1034113,9330
1718,1034113,2920
1719,1034113,1000
1720,1034113,1000
1721,1034113,5180
1722,1034113,3620
1723,1034113,7240
1724,1000000,58800
1725,1034113,4890
1726,1000000,21720
1727,1034113,2870
1728,1034113,8780
1729,1034113,6670
1730,1034113,1000
1731,1034113,1740
1732,1000000,21670
1733,1000000,28120
1734,1034113,1330
1735,1034113,2750
1736,1034113,11710
1737,1034113,4490
1738,1000000,23610
1739,1000000,47850
1740,1034113,9610
1741,1034113,13090
1742,1034113,9850
1743,1034113,1000
1744,1000000,19770
1745,1034113,6860
1746,1034113,5680
1747,1034113,1380
1748,1034113,14500
1749,1034113,8910
1750,1000000,33710
1751,1034113,1000
1752,1034113,1000
1753,1034113,1000
1754,1000000,25280
1755,1034113,1410
1756,1034113,1420
1757,1034113,7420
1758,1000000,30320
1759,1000000,20670
1760,1000000,23380
1761,1000000,15270
1762,1034113,1000
1763,1034113,1000
1764,1034113,5020
1765,1034113,10190
1766,1034113,5660
1767,1034113,1950
1768,1000000,17470
1769,1034113,1000
1770,1000000,20910
1771,1034113,8600
1772,1034113,10690
1773,1034113,10070
1774,1034113,9940
1775,1000000,167190
1776,1034113,2040
1777,1000000,51710
1778,1000000,29390
1779,1034113,1210
1780,1000000,36340
1781,1034113,1000
1782,1034113,6150
1783,1000000,18900
1784,1034113,7750
1785,1000000,48230
1786,1034113,2340
1787,1034113,1000
1788,1034113,4170
1789,1034113,1710
1790,1034113,3480
1791,4611,1000000
1792,1034113,7540
1793,1034113,2170
1794,1000000,21380
1795,1034113,2560
1796,1034113,1660
1797,1034113,5850
1798,1034113,1660
1799,1034113,10990
1800,1000000,18020
1801,1034113,1000
1802,1000000,32590
1803,1000000,30090
1804,1000000,19020
1805,1034113,11480
1806,1034113,2920
1807,1034113,14860
1808,1000000,26010
1809,1034113,2390
1810,1034113,13030
1811,1034113,11320
1812,1034113,1810
1813,1000000,27020
1814,1034113,13700
1815,1034113,13750
1816,1034113,11360
1817,1000000,22000
1818,1034113,3440
1819,1034113,8570
1820,1034113,1430
1821,1034113,3190
1822,1034113,1140
1823,1000000,16840
1824,1034113,10510
1825,1034113,1000
1826,1034113,5990
1827,1000000,15750
1828,1034113,5280
1829,1034113,1000
1830,1034113,1570
1831,1034113,1000
1832,1000000,15170
1833,1034113,1000
1834,1000000,59590
1835,1034113,7430
1836,1034113,10460
1837,1000000,27060
1838,1034113,5420
1839,1034113,9670
1840,1034113,11670
1841,1000000,35230
1842,1000000,219510
1843,1000000,19160
1844,1034113,9570
1845,1034113,6730
1846,1034113,1360
1847,1000000,29170
1848,1034113,4040
1849,1034113,1000
1850,1034113,4450
1851,1000000,15250
1852,1034113,6260
1853,1034113,1000
1854,1000000,63020
1855,1034113,9520
1856,1034113,1000
1857,1034113,1000
1858,1034113,3460
1859,1034113,4610
1860,1034113,1290
1861,1034113,3990
1862,1034113,11650
1863,1034113,1800
1864,1000000,35480
1865,1034113,12870
1866,1034113,5260
1867,1000000,57890
1868,1034113,2930
1869,1034113,10400
1870,1000000,20290
1871,1034113,6090
1872,1000000,50040
1873,1034113,1720
1874,1034113,1000
1875,1034113,4720
1876,1034113,1000
1877,1034113,1000
1878,1034113,7160
1879,1000000,24830
1880,1034113,5670
1881,1034113,4020
1882,1034113,1000
1883,1034113,6560
1884,1000000,34990
1885,1034113,12260
1886,1034113,2750
1887,1034113,1600
1888,1034113,1110
1889,1034113,14160
1890,1034113,3390
1891,1034113,2360
1892,1034113,1760
1893,1034113,1000
1894,1034113,1000
1895,1034113,1000
1896,1034113,5650
1897,1000000,73910
1898,4611,1000000
1899,1034113,6270
1900,1034113,4280
1901,1034113,10960
1902,1000000,53250
1903,1034113,8580
1904,1000000,92220
1905,1000000,15780
1906,1034113,7410
1907,1034113,1900
1908,1034113,1160
1909,1034113,2980
1910,1034113,2180
1911,1034113,2930
1912,1034113,1000
1913,1034113,2080
1914,1000000,21260
1915,1034113,5010
1916,1034113,6670
1917,1034113,1000
1918,1034113,11100
1919,1000000,17930
1920,1034113,2640
1921,1034113,8370
1922,1034113,2490
1923,1000000,55040
1924,1000000,71880
1925,1034113,5160
1926,1034113,12270
1927,1034113,10260
1928,1000000,17110
1929,1034113,3990
1930,1034113,9090
1931,1034113,3730
1932,1000000,92720
1933,1034113,1170
1934,1034113,6500
1935,1034113,2750
1936,1034113,1000
1937,1000000,20200
1938,1034113,5320
1939,1000000,23490
1940,1034113,1630
1941,1034113,2020
1942,1034113,6480
1943,1034113,3840
1944,1034113,2730
1945,1034113,10800
1946,1034113,7860
1947,1034113,2750
1948,1034113,2040
1949,1034113,2890
1950,1000000,15280
1951,1034113,7100
1952,1034113,1710
1953,1000000,62130
1954,1034113,1070
1955,1034113,4290
1956,1034113,13880
1957,1034113,9000
1958,1034113,1240
1959,1000000,22060
1960,1034113,1840
1961,1034113,1320
1962,1000000,16270
1963,1000000,40030
1964,1000000,19670
1965,1034113,8450
1966,1000000,21300
1967,1034113,8820
1968,1034113,3410
1969,1034113,5370
1970,1034113,1480
1971,1000000,30470
1972,1000000,21950
1973,1000000,37090
1974,1034113,2910
1975,1034113,1000
1976,1034113,4240
1977,1034113,1030
1978,1034113,4040
1979,1034113,3150
1980,1034113,2790
1981,1034113,9070
1982,1034113,14950
1983,1034113,2380
1984,1034113,1000
1985,1000000,32510
1986,1034113,3790
1987,1034113,11120
1988,1034113,2670
1989,1034113,4340
1990,1034113,1000
1991,1000000,122810
1992,1034113,7200
1993,1000000,21240
1994,1034113,1000
1995,1034113,6380
1996,1000000,33560
1997,1034113,1000
1998,1000000,56890
1999,1034113,1000
2000,1000000,37980
2001,1034113,4680
2002,1000000,20000
2003,1000000,48900
2004,1000000,142760
2005,1034113,2720
2006,1000000,16800
2007,1034113,2100
2008,1000000,38470
2009,1000000,101810
2010,1000000,23970
2011,1034113,3670
2012,1034113,5930
2013,1000000,19160
2014,1034113,12710
2015,1034113,1820
2016,1034113,3840
2017,1034113,1000
2018,1034113,11940
2019,1034113,1000
2020,1034113,1000
2021,1034113,6510
2022,1034113,1640
2023,1034113,3010
2024,1000000,31500
2025,1034113,10070
2026,1034113,1000
2027,1034113,1940
2028,1034113,3000
2029,1034113,1000
2030,1034113,1000
2031,1034113,7570
2032,1034113,1000
2033,1034113,12100
2034,1034113,1930
2035,1034113,1000
2036,1034113,1600
2037,1034113,1000
2038,1034113,4840
2039,1034113,2150
2040,1034113,1000
2041,1034113,2950
2042,1034113,6480
2043,1034113,1200
2044,1034113,10550
2045,1034113,3170
2046,1034113,2470
2047,1000000,31420
2048,1034113,2870
2049,1034113,1910
2050,1034113,13150
2051,1034113,8450
2052,1034113,3370
2053,1034113,14740
2054,1000000,22080
2055,1034113,2570
2056,1034113,7550
2057,1034113,2310
2058,1000000,27500
2059,1034113,1000
2060,1034113,11910
2061,1034113,6740
2062,1034113,1070
2063,4611,1000000
2064,1000000,28650
2065,1034113,5310
2066,1034113,14910
2067,1034113,1000
2068,1000000,31870
2069,1000000,88160
2070,1034113,1610
2071,1000000,70890
2072,1034113,10580
2073,1034113,5060
2074,1034113,4740
2075,1034113,3230
2076,1034113,2550
2077,1034113,2630
2078,1034113,6410
2079,1000000,29150
2080,1000000,38360
2081,1034113,9150
2082,1034113,5200
2083,1034113,3850
2084,1000000,17430
2085,1034113,13650
2086,1034113,1340
2087,1000000,19950
2088,1034113,1520
2089,1034113,6220
2090,1034113,13390
2091,1000000,27570
2092,1034113,1000
2093,1034113,3420
2094,1034113,9810
2095,1034113,8630
2096,1034113,3650
2097,1034113,4310
2098,1034113,5710
2099,1034113,5910
2100,1000000,44090
2101,1000000,52040
2102,1034113,6000
2103,1034113,4460
2104,1000000,16080
2105,1034113,1340
2106,1034113,1020
2107,1034113,1000
2108,1034113,2330
2109,1000000,33590
2110,1000000,42660
2111,1034113,5390
2112,1034113,1000
2113,1000000,251150
2114,1034113,9010
2115,1034113,3390
2116,1000000,16820
2117,1000000,25520
2118,1000000,89850
2119,1034113,1480
2120,1034113,1000
2121,1034113,11630
2122,1034113,3600
2123,1034113,1120
2124,1034113,1240
2125,1000000,27440
2126,1034113,1180
2127,1034113,7330
2128,1034113,1000
2129,1034113,2760
2130,1034113,1000
2131,1034113,7480
2132,1000000,56700
2133,1034113,3930
2134,1034113,3460
2135,1034113,2230
2136,1000000,15950
2137,1000000,65600
2138,1034113,4850
2139,1034113,1710
2140,1034113,5500
2141,1000000,54340
2142,1034113,1630
2143,1034113,2330
2144,1034113,12230
2145,1000000,21620
2146,1034113,3900
2147,1034113,9120
2148,1034113,1000
2149,1034113,2800
2150,1034113,12030
2151,1034113,6460
2152,1000000,60570
2153,1034113,5200
2154,1034113,5490
2155,1000000,41460
2156,1000000,16150
2157,1034113,1250
2158,1000000,30810
2159,1034113,11330
2160,1000000,59390
2161,1000000,58900
2162,1034113,1000
2163,1034113,11820
2164,1034113,2950
2165,1000000,43620
2166,1034113,2350
2167,1034113,1000
2168,1000000,29820
2169,1000000,16110
2170,1000000,15480
2171,1034113,2140
2172,1034113,1260
2173,1034113,14440
2174,1034113,1000
2175,1034113,4410
2176,1034113,9680
2177,1034113,1050
2178,1034113,1000
2179,1034113,1510
2180,1000000,37850
2181,1000000,16790
2182,1034113,1000
2183,1034113,5050
2184,1000000,84200
2185,1034113,1000
2186,1000000,33170
2187,1034113,1000
2188,1034113,6310
2189,1034113,14400
2190,1034113,1000
2191,1034113,10670
2192,1000000,34900
2193,1034113,1000
2194,1034113,1000
2195,1034113,2400
2196,1034113,1200
2197,1034113,3150
2198,1000000,23280
2199,1034113,2080
2200,1034113,2290
2201,1034113,10500
2202,1000000,15550
2203,1000000,20760
2204,1034113,2920
2205,1000000,48700
2206,1000000,39420
2207,1034113,13040
2208,1034113,9280
2209,1034113,9320
2210,1000000,22460
2211,1034113,1000
2212,1034113,8860
2213,1000000,18630
2214,1000000,27650
2215,1034113,1630
2216,1034113,1000
2217,1034113,6280
2218,1034113,1190
2219,1034113,2010
2220,1034113,4390
2221,1034113,1020
2222,1034113,1000
2223,1034113,3630
2224,1034113,1370
2225,1000000,39260
2226,1034113,1000
2227,1000000,36070
2228,1034113,13030
2229,1034113,9310
2230,1034113,5850
2231,1034113,3910
2232,1034113,1000
2233,1034113,2190
2234,1000000,37750
2235,1034113,1000
2236,1034113,5110
2237,1034113,2910
2238,1034113,3370
2239,1034113,1000
2240,1000000,28470
2241,1000000,22880
2242,1034113,3630
2243,1034113,3360
2244,1034113,2190
2245,1034113,11870
2246,1034113,11980
2247,1034113,3670
2248,1034113,1000
2249,1000000,31500
2250,1034113,13920
2251,1034113,10560
2252,1034113,1340
2253,1034113,1000
2254,1034113,4380
2255,1034113,8440
2256,1000000,49790
2257,1000000,20180
2258,1034113,1000
2259,1034113,2730
2260,1034113,2310
2261,1034113,9160
2262,1000000,16280
2263,1034113,1040
2264,1034113,7310
2265,1000000,18390
2266,1034113,2540
2267,1034113,7520
2268,1034113,4720
2269,1034113,9090
2270,1034113,10720
2271,1034113,5480
2272,1034113,5920
2273,1000000,24180
2274,1000000,52750
2275,1034113,1040
2276,1000000,18530
2277,1034113,3510
2278,1000000,42290
2279,1034113,1000
2280,1034113,1080
2281,1000000,24240
2282,1034113,2890
2283,1034113,2450
2284,1034113,1000
2285,1000000,21470
2286,4611,1000000
2287,1000000,85970
2288,1034113,10770
2289,1034113,12700
2290,1034113,1000
2291,1034113,1520
2292,1034113,9150
2293,1034113,1450
2294,1000000,18490
2295,1034113,4750
2296,1034113,1000
2297,1034113,11370
2298,1034113,2840
2299,1000000,17210
2300,1034113,11780
2301,1034113,3250
2302,1034113,12880
2303,1034113,1000
2304,1034113,1000
2305,1034113,1000
2306,1034113,10080
2307,1034113,13940
2308,1034113,3550
2309,1034113,3440
2310,1034113,11980
2311,1000000,73780
2312,1034113,14560
2313,1034113,6530
2314,1034113,1920
2315,1034113,2360
2316,1000000,16880
2317,1034113,4580
2318,1034113,12080
2319,1034113,6200
2320,1000000,70210
2321,1034113,9490
2322,1034113,4870
2323,1034113,4410
2324,1000000,26500
2325,1034113,5500
2326,1034113,3870
2327,1034113,1000
2328,1034113,2890
2329,1000000,24440
2330,1034113,1000
2331,1034113,8780
2332,1000000,25240
2333,1034113,1000
2334,1000000,26970
2335,1034113,1000
2336,1034113,7670
2337,1034113,8190
2338,1034113,10440
2339,1034113,1940
2340,1034113,1650
2341,1034113,4520
2342,1000000,44250
2343,1034113,3790
2344,1000000,30570
2345,1000000,19350
2346,1000000,32610
2347,1034113,9640
2348,1034113,13330
2349,1034113,1000
2350,1034113,1210
2351,1034113,13550
2352,1034113,1000
2353,1034113,3090
2354,1000000,30720
2355,1034113,10220
2356,1034113,10320
2357,1000000,53060
2358,1000000,25140
2359,1000000,34710
2360,1000000,25700
2361,1034113,1080
2362,1034113,1000
2363,1034113,3890
2364,1034113,7840
2365,1034113,12990
2366,1000000,120300
2367,1000000,20170
2368,1034113,1240
2369,1034113,2100
2370,1034113,1000
2371,1000000,29770
2372,1034113,2150
2373,1034113,3310
2374,1000000,26050
2375,1000000,31210
2376,1034113,1000
2377,1034113,1000
2378,1034113,3310
2379,1034113,3030
2380,1034113,5700
2381,1034113,2940
2382,1034113,1000
2383,1034113,6600
2384,1034113,4740
2385,1000000,28140
2386,1034113,1740
2387,1034113,1250
2388,1000000,21610
2389,1000000,30960
2390,1000000,100250
2391,1034113,13980
2392,1034113,9790
2393,1000000,27350
2394,1034113,4080
2395,1034113,3440
2396,1000000,77470
2397,1034113,7170
2398,1034113,2490
2399,1000000,29940
2400,1034113,13480
2401,1034113,1000
2402,1034113,1000
2403,1034113,3940
2404,1034113,10990
2405,1000000,19490
2406,1034113,3210
2407,1034113,1000
2408,1000000,68030
2409,1034113,1000
2410,1000000,16200
2411,1034113,1000
2412,1000000,73500
2413,1000000,34940
2414,1000000,26890
2415,1034113,1560
2416,1000000,32280
2417,1034113,1940
2418,1000000,86140
2419,1034113,4420
2420,1034113,2160
2421,1034113,1000
2422,1000000,67450
2423,1000000,16840
2424,1034113,12360
2425,1034113,1000
2426,1034113,3900
2427,1034113,5790
2428,1034113,4120
2429,1000000,21170
2430,1034113,4560
2431,1034113,1000
2432,1034113,1000
2433,1034113,1810
2434,1034113,1000
2435,1034113,10320
2436,1000000,52580
2437,1034113,4940
2438,1034113,1000
2439,1000000,38560
2440,1034113,12210
2441,1034113,5090
2442,1034113,5940
2443,1034113,1560
2444,1034113,8500
2445,1034113,2820
2446,1034113,1000
2447,1034113,8790
2448,1034113,14370
2449,1034113,3370
2450,1034113,7070
2451,1034113,2530
2452,1000000,40590
2453,1000000,17670
2454,1000000,19480
2455,1034113,5210
2456,1034113,10730
2457,1000000,19280
2458,1034113,2470
2459,1034113,1000
2460,1034113,2920
2461,1034113,1000
2462,1034113,8380
2463,1034113,3680
2464,1000000,25870
2465,1034113,1880
2466,1000000,16750
2467,1034113,1830
2468,1034113,8530
2469,1034113,8830
2470,1034113,1000
2471,1034113,8140
2472,1034113,1600
2473,1034113,1000
2474,1034113,8590
2475,1000000,30570
2476,1034113,6080
2477,1034113,1000
2478,1034113,1060
2479,1000000,19600
2480,1000000,40620
2481,1000000,18310
2482,1000000,17340
2483,1000000,23460
2484,1034113,12310
2485,1034113,10440
2486,1034113,8090
2487,1034113,1000
2488,1034113,5790
2489,1000000,45660
2490,1034113,1000
2491,1034113,1000
2492,1034113,1320
2493,1034113,1000
2494,1034113,3110
2495,1034113,7110
2496,1034113,9080
2497,1034113,10900
2498,1034113,10650
2499,1034113,1000
2500,1000000,43490
2501,1034113,7630
2502,1000000,24390
2503,1034113,13080
2504,1034113,10480
2505,1034113,1190
2506,1034113,3060
2507,1034113,2060
2508,1000000,36470
2509,1034113,2540
2510,1034113,1000
2511,1000000,28980
2512,1034113,2110
2513,1000000,60870
2514,1000000,29090
2515,1034113,1080
2516,1034113,1000
2517,1034113,9530
2518,1034113,5200
2519,1000000,71500
2520,1034113,10670
2521,1034113,1000
2522,1000000,60680
2523,1034113,5460
2524,1034113,1000
2525,1000000,18720
2526,1034113,1000
2527,1034113,7470
2528,1034113,1000
2529,1000000,39780
2530,1000000,23580
2531,1034113,1000
2532,1034113,1000
2533,1034113,1000
2534,1000000,18570
2535,1000000,19410
2536,1000000,33590
2537,1000000,15430
2538,1000000,16000
2539,1034113,5120
2540,1000000,58650
2541,1034113,1000
2542,1034113,13120
2543,1000000,15220
2544,1000000,42480
2545,1034113,5560
2546,1034113,4900
2547,1034113,4210
2548,1000000,19770
2549,1034113,4400
2550,1034113,4750
2551,1034113,5570
2552,1034113,5290
2553,1000000,57800
2554,1034113,1070
2555,1000000,15670
2556,1034113,1320
2557,1034113,3940
2558,1000000,266420
2559,1000000,23720
2560,1000000,40750
2561,1034113,1000
2562,1034113,2130
2563,1034113,1160
2564,1000000,25480
2565,1034113,3700
2566,1034113,1390
2567,1034113,6930
2568,1000000,16010
2569,1034113,6290
2570,1034113,1680
2571,1000000,86630
2572,1034113,1550
2573,1034113,2130
2574,1000000,38310
2575,1034113,1000
2576,1034113,5600
2577,1034113,1000
2578,1034113,4990
2579,1000000,24780
2580,1034113,9160
2581,1000000,22880
2582,1034113,1000
2583,1034113,3990
2584,1034113,14280
2585,1034113,12490
2586,1034113,3840
2587,1034113,1000
2588,1000000,54590
2589,1034113,1000
2590,1034113,5810
2591,1000000,44620
2592,1000000,23110
2593,1034113,11450
2594,1034113,7850
2595,1034113,2220
2596,1034113,3670
2597,1000000,115320
2598,1034113,1620
2599,1000000,24090
2600,1034113,1000
2601,1034113,2280
2602,1034113,3350
2603,1034113,3230
2604,1034113,5460
2605,1034113,8590
2606,1034113,1000
2607,1034113,1000
2608,1034113,1000
2609,1034113,1900
2610,1034113,4560
2611,1034113,6630
2612,1000000,21390
2613,1034113,6160
2614,1000000,25960
2615,1034113,10810
2616,1034113,2170
2617,1034113,10010
2618,1034113,5940
2619,1034113,2430
2620,1034113,7340
2621,1034113,6730
2622,1034113,1000
2623,1034113,1000
2624,1034113,5500
2625,1034113,7550
2626,1034113,2690
2627,1034113,2600
2628,1034113,4060
2629,1034113,2310
2630,1034113,5800
2631,1034113,7490
2632,1034113,6910
2633,1034113,1660
2634,1034113,8650
2635,1000000,83780
2636,1034113,3580
2637,1000000,19560
2638,1000000,16070
2639,1034113,1000
2640,1000000,35430
2641,1000000,33610
2642,1034113,1630
2643,1000000,30690
2644,1034113,1210
2645,1034113,8310
2646,1034113,1770
2647,1000000,27080
2648,1000000,68250
2649,1000000,39640
2650,1034113,1580
2651,1034113,3500
2652,1034113,5750
2653,1034113,3580
2654,1034113,7060
2655,1034113,1870
2656,1034113,1130
2657,1034113,4160
2658,1000000,17330
2659,1034113,5790
2660,1000000,25950
2661,1034113,5000
2662,1034113,3330
2663,1000000,26480
2664,1034113,2560
2665,1000000,27460
2666,1000000,38870
2667,1034113,8200
2668,1034113,2740
2669,1034113,1000
2670,1034113,1860
2671,1000000,90880
2672,1034113,6190
2673,1034113,5310
2674,1034113,6580
2675,1034113,1310
2676,1034113,2560
2677,1000000,15370
2678,1034113,12680
2679,1000000,42100
2680,1000000,61560
2681,1034113,12450
2682,1000000,15540
2683,1034113,8010
2684,1000000,34450
2685,1034113,1960
2686,1000000,15370
2687,1034113,5000
2688,1034113,2470
2689,1034113,1610
2690,1034113,9080
2691,1034113,5640
2692,1000000,74360
2693,1034113,1000
2694,1034113,4600
2695,1034113,1150
2696,1000000,21560
2697,1034113,12680
2698,1034113,2640
2699,1000000,16170
2700,1000000,31270
2701,1034113,14230
2702,1034113,1000
2703,1000000,26650
2704,1034113,5760
2705,1034113,1030
2706,1034113,2390
2707,1034113,1000
2708,1000000,16180
2709,1034113,1930
2710,1034113,2270
2711,1000000,25080
2712,1000000,92520
2713,1034113,1000
2714,1034113,3320
2715,1000000,63170
2716,1034113,3000
2717,1000000,66470
2718,1034113,2270
2719,1000000,29730
2720,1034113,1010
2721,1034113,1000
2722,1034113,4480
2723,1034113,5110
2724,1000000,26070
2725,1034113,12900
2726,1000000,22340
2727,1034113,3750
2728,1034113,2960
2729,1034113,5320
2730,1000000,35740
2731,1000000,19660
2732,1034113,11680
2733,1034113,2090
2734,1034113,6360
2735,1000000,18400
2736,1034113,10010
2737,1034113,5060
2738,1034113,3790
2739,1034113,4440
2740,1034113,2230
2741,1034113,7800
2742,1000000,17400
2743,1000000,19840
2744,1000000,59560
2745,1034113,6030
2746,1034113,9760
2747,1034113,5140
2748,1034113,3860
2749,1034113,6410
2750,1000000,15930
2751,1034113,6240
2752,1034113,3580
2753,1034113,3130
2754,1000000,24290
2755,1034113,3640
2756,1034113,1000
2757,1034113,12690
2758,1000000,16250
2759,1000000,54290
2760,1034113,3190
2761,1000000,58130
2762,1034113,2030
2763,1034113,6350
2764,1034113,5590
2765,1034113,3600
2766,1034113,1000
2767,1034113,4730
2768,1034113,9780
2769,1034113,1000
2770,1034113,1180
2771,1000000,27130
2772,1000000,15080
2773,1034113,6710
2774,1034113,1000
2775,1034113,10170
2776,1034113,6100
2777,1034113,3940
2778,1034113,1000
2779,1034113,5040
2780,1034113,1000
2781,1034113,6000
2782,1034113,5580
2783,1000000,69850
2784,1034113,1000
2785,1034113,1610
2786,1034113,2760
2787,1034113,1760
2788,1034113,4960
2789,1000000,15130
2790,1000000,43760
2791,1000000,22100
2792,1000000,25090
2793,1034113,10320
2794,1000000,26720
2795,1034113,2970
2796,1000000,49570
2797,1000000,20740
2798,1034113,5470
2799,1034113,11170
2800,1034113,1000
2801,1034113,1000
2802,1034113,1000
2803,1000000,32000
2804,1034113,1960
2805,1000000,56030
2806,1034113,3070
2807,1034113,6980
2808,1000000,51270
2809,1000000,37890
2810,1034113,1810
2811,1000000,94630
2812,1034113,5600
2813,1034113,1000
2814,1034113,1000
2815,1034113,1000
2816,1034113,9020
2817,1034113,12370
2818,1000000,21510
2819,1034113,14910
2820,1000000,78190
2821,1034113,5540
2822,1034113,2980
2823,1034113,4170
2824,1034113,1000
2825,1034113,5590
2826,1034113,1000
2827,1034113,2710
2828,1000000,21870
2829,1034113,5700
2830,1034113,7600
2831,1034113,6450
2832,1034113,3600
2833,1034113,9680
2834,1000000,15770
2835,1000000,44880
2836,1034113,1680
2837,1000000,23510
2838,1000000,51920
2839,1000000,16240
2840,1034113,1620
2841,1034113,12670
2842,1000000,20990
2843,1034113,14030
2844,1000000,59560
2845,1034113,11400
2846,1000000,24930
2847,1034113,8240
2848,1034113,2260
2849,1034113,1780
2850,1034113,13180
2851,4611,1000000
2852,1000000,16450
2853,1034113,2920
2854,1034113,1000
2855,1034113,13820
2856,1000000,23360
2857,1034113,3500
2858,1034113,5900
2859,1034113,1000
2860,1034113,9050
2861,1034113,3290
2862,1034113,8480
2863,1034113,1000
2864,1034113,14870
2865,1034113,1590
2866,1034113,6900
2867,1000000,17610
2868,4611,1000000
2869,1034113,6650
2870,1034113,1280
2871,1034113,3650
2872,1000000,22120
2873,1000000,68670
2874,1034113,4610
2875,1000000,31540
2876,1034113,10840
2877,1034113,1480
2878,1034113,3060
2879,1000000,18130
2880,1000000,16880
2881,1034113,3050
2882,1034113,5180
2883,1000000,57780
2884,1034113,1500
2885,1034113,6310
2886,1034113,4660
2887,1000000,24490
2888,1000000,75500
2889,1034113,5480
2890,1034113,10850
2891,1034113,1000
2892,1000000,48220
2893,1034113,10620
2894,1034113,11890
2895,1034113,8140
2896,1000000,28230
2897,1034113,1000
2898,1034113,4870
2899,1034113,3250
2900,1000000,17500
2901,1000000,64830
2902,1000000,49520
2903,1034113,3540
2904,1034113,3010
2905,1034113,2380
2906,1034113,7150
2907,1034113,1160
2908,1034113,14130
2909,1034113,3550
2910,1034113,6470
2911,1034113,1000
2912,1000000,15220
2913,1000000,15930
2914,1034113,2810
2915,1034113,1370
2916,1034113,6390
2917,1034113,1000
2918,1034113,7110
2919,1000000,25550
2920,1000000,27340
2921,1034113,4000
2922,1034113,9680
2923,1000000,16150
2924,1034113,1000
2925,1000000,80350
2926,1034113,1520
2927,1034113,2460
2928,4611,1000000
2929,1000000,16420
2930,1034113,4950
2931,1034113,2020
2932,1034113,3010
2933,1034113,8010
2934,1034113,9590
2935,1034113,2800
2936,1000000,49010
2937,1034113,11880
2938,1034113,2650
2939,1034113,1970
2940,1034113,1470
2941,1034113,12750
2942,1034113,4000
2943,1000000,117550
2944,1000000,15650
2945,1034113,6030
2946,1034113,1000
2947,1034113,3270
2948,1034113,1860
2949,1034113,3810
2950,1034113,2970
2951,1034113,9590
2952,1034113,2500
2953,1034113,7700
2954,1000000,31490
2955,1034113,3890
2956,1034113,1000
2957,1034113,3280
2958,1000000,21240
2959,1000000,84630
2960,1034113,1000
2961,1034113,1000
2962,1034113,7210
2963,1034113,1000
2964,1034113,1000
2965,1034113,1000
2966,1034113,1000
2967,1000000,22760
2968,1034113,4440
2969,1034113,1000
2970,1000000,55730
2971,1034113,1000
2972,1000000,15850
2973,1000000,23380
2974,1000000,36070
2975,1034113,3590
2976,1000000,37710
2977,1000000,28060
2978,1034113,1000
2979,1034113,4760
2980,1000000,62070
2981,1000000,32830
2982,1034113,7230
2983,1034113,5400
2984,1034113,10200
2985,1034113,1000
2986,1000000,23000
2987,1034113,2020
2988,1000000,24790
2989,1034113,13170
2990,1034113,1870
2991,1034113,14250
2992,1034113,11900
2993,1034113,5260
2994,1034113,1000
2995,1034113,1000
2996,1000000,19440
2997,1000000,72900
2998,1034113,3080
2999,1034113,9650
3000,1034113,7220
3001,1034113,5640
3002,1034113,1960
3003,1034113,6110
3004,1034113,1000
3005,1034113,1000
3006,1034113,3240
3007,1000000,62960
3008,1034113,4970
3009,1000000,37750
3010,1034113,3020
3011,1034113,11770
3012,1000000,33800
3013,1034113,1900
3014,1000000,15980
3015,1034113,1000
3016,1034113,12940
3017,1034113,1000
3018,1034113,1390
3019,1034113,12160
3020,1000000,44010
3021,1000000,23600
3022,1034113,3220
3023,1034113,2920
3024,1000000,54830
3025,1034113,2890
3026,1034113,4940
3027,1034113,7790
3028,1034113,1200
3029,1000000,29000
3030,1034113,3200
3031,1000000,48500
3032,1034113,3990
3033,1034113,9130
3034,1034113,4590
3035,1000000,34860
3036,1000000,44910
3037,1034113,1000
3038,1034113,5980
3039,1034113,1000
3040,1034113,6960
3041,1034113,1000
3042,1034113,4780
3043,1000000,16490
3044,1034113,12360
3045,1034113,3920
3046,1000000,16580
3047,1034113,1000
3048,1034113,11240
3049,1034113,3600
3050,1034113,1030
3051,1000000,31840
3052,1000000,89180
3053,1034113,5270
3054,1034113,12980
3055,1034113,1000
3056,1034113,10490
3057,1034113,6350
3058,1000000,23160
3059,1034113,1000
3060,1034113,7460
3061,1034113,12760
3062,1034113,2620
3063,1000000,18270
3064,1000000,22630
3065,1034113,7890
3066,1034113,5380
3067,1034113,4210
3068,1000000,85640
3069,1034113,6100
3070,1000000,143410
3071,1034113,5030
3072,1034113,4620
3073,1000000,19330
3074,1034113,11850
3075,1000000,35670
3076,1034113,1000
3077,1034113,8260
3078,1034113,14640
3079,1034113,11300
3080,1034113,9160
3081,1034113,11680
3082,1034113,3740
3083,1034113,5300
3084,1034113,4590
3085,1034113,1000
3086,1034113,8850
3087,1034113,1000
3088,1034113,9430
3089,1034113,3750
3090,1034113,11740
3091,1034113,2880
3092,1034113,11990
3093,1034113,8730
3094,1034113,13110
3095,1000000,51930
3096,1000000,112660
3097,1034113,4400
3098,1034113,8520
3099,1000000,36910
3100,1034113,11250
3101,1000000,24010
3102,1034113,13200
3103,1034113,2460
3104,1034113,1000
3105,1034113,9200
3106,1034113,5420
3107,1034113,8550
3108,1034113,2610
3109,1034113,1000
3110,1000000,15480
3111,1034113,1200
3112,1034113,1000
3113,1034113,1000
3114,1034113,1000
3115,1034113,1960
3116,1034113,1000
3117,1034113,1310
3118,1034113,1610
3119,1034113,5200
3120,1000000,38010
3121,1034113,13920
3122,1000000,18070
3123,1034113,1510
3124,1000000,65760
3125,1034113,1000
3126,1034113,2000
3127,1000000,74870
3128,1034113,9850
3129,1034113,3660
3130,1034113,1260
3131,1034113,1000
3132,1034113,1000
3133,1034113,3760
3134,1034113,3490
3135,1000000,40470
3136,1000000,40220
3137,1034113,1000
3138,1034113,1390
3139,1034113,14160
3140,1034113,2620
3141,1034113,1430
3142,1034113,4720
3143,1000000,28430
3144,1034113,8640
3145,1034113,2630
3146,1034113,7250
3147,1034113,10740
3148,1034113,1950
3149,1034113,7890
3150,1034113,2740
3151,1034113,7280
3152,1034113,3240
3153,1000000,30820
3154,1000000,49860
3155,1034113,4070
3156,1000000,18790
3157,1034113,1000
3158,1034113,3100
3159,1000000,40590
3160,1034113,1040
3161,1034113,9690
3162,1034113,10840
3163,1000000,56630
3164,1000000,42410
3165,1034113,14670
3166,1034113,1000
3167,1000000,15310
3168,1000000,46840
3169,1034113,1000
3170,1034113,6980
3171,1034113,3300
3172,1000000,127930
3173,1034113,8910
3174,1000000,17400
3175,1034113,1470
3176,1000000,16520
3177,1000000,30340
3178,1000000,36780
3179,1000000,30320
3180,1000000,24300
3181,1034113,2530
3182,1000000,44890
3183,1034113,3060
3184,1000000,41720
3185,1034113,2080
3186,1000000,29490
3187,1000000,24410
3188,1034113,12660
3189,1034113,6260
3190,1034113,1290
3191,1000000,16310
3192,1000000,24010
3193,1034113,1090
3194,1000000,29770
3195,1000000,17870
3196,1034113,4210
3197,1034113,11180
3198,1034113,1000
3199,1034113,4870
3200,1034113,1000
3201,1034113,2440
3202,1034113,3850
3203,1034113,2420
3204,1034113,1460
3205,1000000,18150
3206,1000000,16530
3207,1000000,19030
3208,1034113,1000
3209,1034113,4380
3210,1034113,9550
3211,1000000,41970
3212,1000000,58750
3213,1034113,1000
3214,1034113,8720
3215,1034113,9850
3216,1034113,2180
3217,1034113,5290
3218,1034113,2360
3219,1000000,16090
3220,1000000,22640
3221,1000000,19580
3222,1000000,15420
3223,1034113,14760
3224,1034113,14490
3225,1034113,5560
3226,1034113,8580
3227,1000000,38270
3228,1034113,13290
3229,1034113,4920
3230,1034113,8720
3231,1034113,8910
3232,1034113,1380
3233,1034113,6840
3234,1000000,44840
3235,1034113,13240
3236,1034113,4970
3237,1000000,61800
3238,1034113,1000
3239,1034113,1380
3240,1034113,12070
3241,1034113,9630
3242,1034113,5740
3243,1034113,4870
3244,1000000,56260
3245,1034113,7310
3246,1034113,2120
3247,1034113,6030
3248,1000000,36000
3249,1034113,2120
3250,1034113,3640
3251,1034113,3000
3252,1034113,6300
3253,1034113,1000
3254,1034113,14630
3255,1034113,7600
3256,1034113,1000
3257,1034113,1000
3258,1034113,5500
3259,1034113,6010
3260,1034113,8360
3261,1034113,1000
3262,1034113,7370
3263,1000000,15570
3264,1034113,1000
3265,1034113,6570
3266,1034113,4880
3267,1034113,7810
3268,1034113,3040
3269,1034113,1590
3270,1034113,5150
3271,1034113,1000
3272,1034113,10480
3273,1034113,2320
3274,1034113,1620
3275,1000000,28150
3276,1034113,4030
3277,1034113,12730
3278,1000000,19880
3279,1034113,2220
3280,1034113,1000
3281,1034113,6210
3282,1034113,3630
3283,1034113,12740
3284,1034113,1000
3285,1034113,3140
3286,1034113,11640
3287,1034113,14570
3288,1034113,4560
3289,1000000,25310
3290,1034113,2680
3291,1034113,1780
3292,1000000,19550
3293,1034113,3570
3294,1034113,10990
3295,1034113,8510
3296,1034113,11190
3297,1000000,74270
3298,1034113,5720
3299,1034113,2430
3300,1000000,188640
3301,1034113,2290
3302,1034113,9040
3303,1034113,6700
3304,1000000,74300
3305,1034113,3440
3306,1000000,28890
3307,1034113,1350
3308,1034113,10890
3309,1034113,8610
3310,1034113,1350
3311,1034113,9950
3312,1034113,8920
3313,1034113,1000
3314,1000000,34580
3315,1034113,1000
3316,1034113,1000
3317,1000000,66100
3318,1034113,1210
3319,1034113,10580
3320,1034113,5720
3321,1000000,56480
3322,1034113,1000
3323,1000000,43590
3324,1034113,1000
3325,1034113,1000
3326,1034113,1000
3327,1000000,19710
3328,1000000,24350
3329,1034113,4010
3330,1034113,8370
3331,1000000,68640
3332,1034113,1000
3333,1000000,52860
3334,1034113,11970
3335,1034113,1000
3336,1034113,4320
3337,1000000,17460
3338,1034113,6110
3339,1034113,3340
3340,1034113,1360
3341,1034113,4560
3342,1034113,4180
3343,1034113,1000
3344,1034113,5110
3345,1000000,60360
3346,1034113,1000
3347,1000000,25970
3348,1034113,6760
3349,1034113,2810
3350,1034113,9740
3351,1034113,9650
3352,1000000,37120
3353,1034113,14070
3354,1034113,9120
3355,1000000,21350
3356,1034113,2540
3357,1000000,30120
3358,1034113,9480
3359,1034113,1870
3360,1000000,25750
3361,1034113,13850
3362,1034113,1000
3363,1034113,7700
3364,1000000,20030
3365,1034113,1000
3366,1034113,3040
3367,1034113,1090
3368,1034113,1260
3369,1034113,1000
3370,1034113,1000
3371,1034113,3660
3372,1034113,1000
3373,1034113,1510
3374,1034113,3900
3375,1034113,4200
3376,1034113,10480
3377,1034113,9400
3378,1000000,22780
3379,1034113,4540
3380,1034113,1440
3381,1034113,1000
3382,1000000,19710
3383,1034113,4280
3384,1034113,9780
3385,1000000,38850
3386,1034113,7780
3387,1034113,4280
3388,1034113,1230
3389,1000000,19180
3390,1034113,2780
3391,4611,1000000
3392,1034113,9440
3393,1034113,6430
3394,1034113,9620
3395,1000000,63130
3396,1000000,65020
3397,1000000,86150
3398,1034113,1310
3399,1000000,25980
3400,1000000,18190
3401,1034113,1470
3402,1034113,3350
3403,1034113,6800
3404,1034113,7040
3405,1034113,2120
3406,1034113,2580
3407,1034113,5370
3408,1034113,3160
3409,1000000,30580
3410,1034113,2100
3411,1034113,4260
3412,1034113,6320
3413,1034113,1000
3414,1034113,3610
3415,1034113,2360
3416,1034113,10310
3417,1000000,36230
3418,1034113,4010
3419,1034113,2730
3420,1034113,3860
3421,1000000,37430
3422,1000000,64910
3423,1034113,2030
3424,1034113,6800
3425,1000000,15340
3426,1034113,2440
3427,1034113,1000
3428,1000000,17560
3429,1034113,1000
3430,1034113,13880
3431,1034113,4540
3432,1034113,1000
3433,1034113,1000
3434,1034113,2360
3435,1000000,18750
3436,1034113,4270
3437,1034113,3350
3438,1000000,20800
3439,1034113,1000
3440,1034113,3600
3441,1034113,7690
3442,1034113,2160
3443,1034113,1300
3444,1000000,15270
3445,1034113,10650
3446,1034113,14990
3447,1034113,1000
3448,1034113,4000
3449,1000000,35460
3450,1034113,4620
3451,1034113,1520
3452,4611,1000000
3453,1000000,15140
3454,1034113,4920
3455,1034113,5860
3456,1034113,3160
3457,1034113,4310
3458,1000000,52970
3459,1034113,5360
3460,1034113,1000
3461,1034113,14060
3462,1000000,28350
3463,1034113,2120
3464,1034113,1000
3465,1000000,53030
3466,1034113,8660
3467,1034113,3690
3468,1034113,1000
3469,1034113,12150
3470,1034113,1000
3471,1034113,3020
3472,1000000,31520
3473,1034113,1000
3474,1034113,10890
3475,1000000,30850
3476,1034113,1770
3477,1034113,3330
3478,1034113,1350
3479,1034113,9830
3480,1034113,1000
3481,1034113,6670
3482,1034113,4570
3483,1034113,13690
3484,1000000,15000
3485,1034113,4650
3486,1034113,3820
3487,1000000,16670
3488,1000000,48410
3489,1034113,5250
3490,1034113,5340
3491,1000000,52550
3492,1034113,1080
3493,1034113,1000
3494,1034113,1000
3495,1034113,1000
3496,1034113,7730
3497,1034113,1000
3498,1034113,2330
3499,1000000,142290
3500,1034113,6390
3501,1034113,1710
3502,1034113,1000
3503,1034113,2760
3504,1034113,4120
3505,1034113,10050
3506,1034113,1000
3507,1034113,3290
3508,1034113,1000
3509,1034113,13200
3510,1034113,2020
3511,1000000,39310
3512,1034113,1780
3513,1034113,10220
3514,1000000,45850
3515,1000000,56300
3516,1034113,1000
3517,1034113,6360
3518,1034113,13920
3519,1034113,1000
3520,1000000,27270
3521,1034113,9690
3522,1034113,5960
3523,1034113,2920
3524,1000000,25390
3525,1034113,7590
3526,1034113,1000
3527,1034113,1840
3528,1000000,15240
3529,1034113,14390
3530,1034113,4270
3531,1034113,8530
3532,1034113,9320
3533,1000000,20170
3534,1034113,5860
3535,1034113,2290
3536,1000000,23940
3537,1034113,4300
3538,1034113,14490
3539,1034113,2440
3540,1000000,22260
3541,1034113,6980
3542,1034113,9660
3543,1000000,88000
3544,1000000,25350
3545,1034113,10540
3546,1034113,1000
3547,1034113,10840
3548,1034113,3590
3549,1034113,1000
3550,1034113,4270
3551,1034113,7640
3552,1034113,1000
3553,1034113,1710
3554,1034113,11670
3555,1000000,53340
3556,1000000,22830
3557,1034113,1000
3558,1000000,16080
3559,1034113,4140
3560,1034113,1000
3561,1000000,29490
3562,1034113,2110
3563,1034113,11070
3564,1000000,16130
3565,1034113,3800
3566,1034113,9920
3567,1034113,1000
3568,1000000,67610
3569,1034113,1000
3570,1034113,2480
3571,1034113,10050
3572,1034113,7560
3573,1034113,2270
3574,1034113,7490
3575,1034113,1000
3576,1034113,1000
3577,1034113,2180
3578,4611,1000000
3579,1034113,3080
3580,1034113,6170
3581,1034113,5120
3582,1000000,19000
3583,1000000,27600
3584,1034113,4580
3585,1034113,1000
3586,1034113,3280
3587,1034113,1000
3588,1034113,4590
3589,1034113,4080
3590,1034113,5720
3591,1000000,121570
3592,1000000,90660
3593,1034113,2240
3594,1000000,26980
3595,1034113,4000
3596,1034113,1370
3597,1000000,34000
3598,1034113,1000
3599,1000000,28260
3600,1000000,58380
3601,1000000,27830
3602,1034113,1000
3603,1034113,5770
3604,1000000,38180
3605,1034113,1000
3606,1034113,3120
3607,1000000,33790
3608,1000000,20570
3609,1034113,3480
3610,1034113,4380
3611,1034113,9860
3612,1000000,17150
3613,1000000,26710
3614,1034113,1000
3615,1034113,2640
3616,1034113,5570
3617,1034113,2000
3618,1000000,23170
3619,1034113,1690
3620,1034113,3890
3621,1034113,7600
3622,1034113,4040
3623,1034113,1000
3624,1000000,29220
3625,1034113,2640
3626,1000000,54670
3627,1034113,6240
3628,1000000,18300
3629,1034113,1410
3630,1034113,1000
3631,1034113,3450
3632,1034113,2880
3633,1000000,57880
3634,1034113,1000
3635,1034113,2450
3636,1034113,4580
3637,1034113,1920
3638,1034113,11680
3639,1000000,45330
3640,1034113,4290
3641,1034113,4180
3642,1000000,23150
3643,1034113,1000
3644,1000000,42280
3645,1034113,2010
3646,1034113,3900
3647,1000000,20160
3648,1000000,24070
3649,1034113,10670
3650,1034113,1270
3651,1034113,2780
3652,1034113,1000
3653,1000000,47300
3654,1000000,44940
3655,1034113,8060
3656,1034113,1990
3657,1034113,2720
3658,1034113,3540
3659,1034113,1730
3660,1000000,21600
3661,1034113,9250
3662,1000000,18510
3663,1034113,13270
3664,1034113,1000
3665,1034113,1470
3666,1034113,1680
3667,1034113,6030
3668,1034113,9130
3669,1034113,1000
3670,1000000,15960
3671,1034113,10140
3672,1000000,19160
3673,1034113,5390
3674,1034113,4080
3675,1034113,2230
3676,1034113,1000
3677,1000000,47830
3678,1034113,3930
3679,1034113,1000
3680,1034113,3360
3681,1034113,4500
3682,1034113,1000
3683,1000000,36110
3684,1000000,16970
3685,1034113,3760
3686,1034113,1000
3687,1034113,9340
3688,1034113,1400
3689,1034113,1000
3690,1034113,11310
3691,1034113,14780
3692,1034113,5390
3693,1034113,1000
3694,1034113,4440
3695,1034113,10500
3696,1034113,13090
3697,1034113,1390
3698,1034113,5910
3699,1034113,1000
3700,1000000,48150
3701,1034113,1000
3702,1034113,2260
3703,1000000,32740
3704,1034113,4460
3705,1034113,1000
3706,1034113,8640
3707,1034113,5640
3708,1034113,5860
3709,1034113,4430
3710,1000000,37060
3711,1034113,2150
3712,1000000,56050
3713,1034113,14180
3714,1034113,7430
3715,1034113,1000
3716,1034113,1780
3717,1034113,1190
3718,1034113,13430
3719,1034113,1370
3720,1034113,3410
3721,1034113,1350
3722,1034113,3330
3723,1034113,14090
3724,1034113,1000
3725,1034113,8960
3726,1034113,1060
3727,1034113,1660
3728,1000000,21570
3729,1034113,1000
3730,1000000,40880
3731,1034113,9910
3732,1034113,11400
3733,1034113,1000
3734,1000000,100140
3735,1034113,3470
3736,1034113,14260
3737,1034113,1000
3738,1034113,1000
3739,1000000,24250
3740,1000000,23150
3741,1034113,1000
3742,1034113,3690
3743,1034113,4760
3744,1034113,1000
3745,1000000,15370
3746,1034113,1960
3747,1000000,38000
3748,1034113,5840
3749,1034113,2190
3750,1000000,43880
3751,1034113,10910
3752,1034113,4320
3753,1000000,54350
3754,1000000,44350
3755,1034113,1000
3756,1000000,16010
3757,1000000,22090
3758,1034113,14870
3759,1000000,30600
3760,1034113,2050
3761,1034113,1580
3762,1034113,1420
3763,1034113,1000
3764,1034113,1000
3765,1034113,5270
3766,1034113,1000
3767,1034113,1000
3768,1034113,2890
3769,1034113,7910
3770,1000000,27260
3771,1034113,8820
3772,1034113,1000
3773,1034113,1000
3774,1034113,6410
3775,1000000,20840
3776,1034113,1960
3777,1034113,1960
3778,1034113,1090
3779,1034113,7750
3780,1034113,1000
3781,1000000,44500
3782,1034113,1400
3783,1000000,25570
3784,1000000,20990
3785,1034113,1000
3786,1034113,13880
3787,1000000,44590
3788,1034113,3410
3789,1034113,1550
3790,1034113,4810
3791,1034113,1000
3792,1000000,24150
3793,1034113,7080
3794,1034113,11820
3795,1034113,6940
3796,1034113,6530
3797,1034113,1000
3798,1000000,30730
3799,1034113,1530
3800,1000000,16170
3801,1000000,27740
3802,1034113,4040
3803,1000000,17610
3804,1000000,39070
3805,1034113,3880
3806,1000000,19970
3807,1034113,5040
3808,1034113,2490
3809,1034113,1130
3810,1000000,80300
3811,1034113,3860
3812,1034113,6540
3813,1034113,5750
3814,1000000,20310
3815,1000000,51490
3816,1034113,1000
3817,1000000,21110
3818,1034113,5700
3819,1000000,53750
3820,1034113,5050
3821,1000000,38270
3822,1034113,1000
3823,1034113,10690
3824,1034113,5390
3825,1034113,1510
3826,1034113,3630
3827,1034113,4140
3828,1000000,18430
3829,1000000,144870
3830,1034113,12780
3831,1034113,4200
3832,1034113,8890
3833,1000000,19720
3834,1034113,1000
3835,1034113,5570
3836,1034113,14480
3837,1034113,12220
3838,1000000,105620
3839,1034113,3390
3840,1034113,1000
3841,1034113,10130
3842,1000000,45290
3843,1034113,4160
3844,1034113,4500
3845,1034113,4560
3846,1034113,5620
3847,1000000,34590
3848,1000000,18800
3849,1000000,39920
3850,1034113,3810
3851,1034113,4210
3852,1034113,1220
3853,1000000,15160
3854,1034113,4170
3855,1034113,1000
3856,1034113,9020
3857,1000000,43920
3858,1034113,1000
3859,1034113,9070
3860,1034113,1000
3861,1034113,6700
3862,1034113,8490
3863,1034113,1000
3864,1000000,31400
3865,1034113,5080
3866,1000000,16040
3867,1000000,72200
3868,1034113,6500
3869,1000000,103300
3870,1000000,62740
3871,1034113,11690
3872,1034113,6470
3873,1034113,13360
3874,1034113,14800
3875,1034113,1000
3876,1034113,1000
3877,1000000,25060
3878,1034113,1000
3879,1034113,11650
3880,1034113,13860
3881,1034113,1330
3882,1034113,1490
3883,1034113,5720
3884,1000000,29290
3885,1000000,77320
3886,1034113,1590
3887,1034113,12800
3888,1034113,1000
3889,1034113,1310
3890,1034113,7690
3891,1034113,6650
3892,1000000,26540
3893,1034113,1000
3894,1034113,4700
3895,1034113,1550
3896,1000000,21700
3897,1034113,2290
3898,1034113,1000
3899,1034113,1000
3900,1034113,1430
3901,1034113,5380
3902,1034113,7940
3903,1034113,1000
3904,1000000,82780
3905,1000000,24740
3906,1034113,6010
3907,1034113,11930
3908,1000000,24550
3909,1034113,14100
3910,1034113,2130
3911,1000000,16260
3912,1034113,6430
3913,1000000,17020
3914,1000000,24640
3915,1034113,1000
3916,1034113,6740
3917,1034113,13700
3918,1000000,44760
3919,1000000,51180
3920,1034113,4240
3921,1000000,22670
3922,1034113,7340
3923,1000000,15030
3924,1000000,59290
3925,1034113,1000
3926,1000000,54020
3927,1034113,1000
3928,1000000,40870
3929,1000000,62840
3930,1034113,3610
3931,1034113,4030
3932,1034113,5330
3933,1034113,6770
3934,1034113,1000
3935,1034113,6040
3936,1000000,41430
3937,1034113,2070
3938,1000000,26320
3939,1034113,10850
3940,1034113,2960
3941,1034113,8640
3942,1034113,9020
3943,1034113,1110
3944,1034113,4180
3945,1000000,23350
3946,1000000,22170
3947,1000000,28780
3948,1034113,7920
3949,1034113,1000
3950,1034113,8590
3951,1034113,12460
3952,1034113,2350
3953,1034113,11180
3954,1034113,6100
3955,1000000,55720
3956,1034113,2160
3957,1034113,5280
3958,1000000,30540
3959,1034113,2610
3960,1034113,4110
3961,1034113,1540
3962,1034113,1710
3963,1034113,1000
3964,1000000,93800
3965,1034113,1000
3966,1000000,27650
3967,1034113,6240
3968,1000000,23460
3969,1034113,8290
3970,1034113,11240
3971,1034113,2890
3972,1034113,2930
3973,1000000,43490
3974,1034113,7720
3975,1034113,3640
3976,1034113,1220
3977,1034113,8650
3978,1034113,1000
3979,1000000,28360
3980,1034113,2960
3981,1000000,21100
3982,1000000,27570
3983,1034113,9020
3984,1034113,6520
3985,1034113,9410
3986,1034113,1000
3987,1000000,33440
3988,1000000,56730
3989,1034113,8520
3990,1034113,3960
3991,1000000,38550
3992,1034113,5960
3993,1034113,1000
3994,1034113,12830
3995,1000000,32260
3996,1034113,1290
3997,1000000,84920
3998,1000000,19190
3999,1034113,2500
4000,1034113,5620
4001,1034113,3350
4002,1000000,15320
4003,1000000,36670
4004,1034113,4060
4005,1034113,2750
4006,1034113,1620
4007,1034113,4170
4008,1034113,1640
4009,1034113,6700
4010,1034113,4270
4011,1000000,22640
4012,1034113,1000
4013,1034113,3060
4014,1034113,1320
4015,1034113,1000
4016,1034113,7990
4017,1000000,24810
4018,1034113,10200
4019,1000000,56270
4020,1034113,7420
4021,1034113,1670
4022,1034113,7870
4023,1000000,37180
4024,1034113,4640
4025,1034113,1000
4026,1034113,1000
4027,1034113,4020
4028,1034113,2740
4029,1000000,25290
4030,1034113,5590
4031,1000000,34000
4032,1000000,25660
4033,1034113,5030
4034,1034113,9740
4035,1034113,1000
4036,1034113,1740
4037,1000000,105650
4038,1034113,1490
4039,1034113,1000
4040,1034113,6040
4041,1034113,7630
4042,1034113,1270
4043,1034113,2110
4044,1034113,2880
4045,1034113,12080
4046,1000000,36720
4047,1000000,23970
4048,1034113,4230
4049,1034113,10800
4050,1000000,23080
4051,1034113,10060
4052,1034113,5610
4053,1000000,76270
4054,1034113,11440
4055,1034113,8620
4056,1034113,2890
4057,1000000,31010
4058,1034113,1950
4059,1034113,13960
4060,1034113,7250
4061,1034113,1000
4062,1034113,1870
4063,1000000,25520
4064,1034113,1000
4065,1000000,15100
4066,1034113,2890
4067,1034113,10410
4068,1000000,19920
4069,1034113,11780
4070,1000000,22940
4071,1034113,1000
4072,1034113,3420
4073,1034113,3280
4074,1034113,1000
4075,1034113,13950
4076,1034113,11950
4077,1034113,14520
4078,1034113,1510
4079,1034113,1000
4080,1034113,14380
4081,1034113,1000
4082,1000000,43920
4083,1000000,31460
4084,1034113,1770
4085,1034113,14200
4086,1034113,6750
4087,1034113,6800
4088,1034113,9010
4089,1034113,6370
4090,1034113,10250
4091,1034113,1030
4092,1034113,11530
4093,1034113,1760
4094,1034113,2840
4095,1034113,1000
4096,1034113,1810
4097,1034113,1000
4098,1034113,6960
4099,1034113,4130
4100,1034113,8870
4101,1034113,1000
4102,1034113,1000
4103,1000000,27990
4104,1034113,4960
4105,1000000,19090
4106,1034113,1000
4107,1000000,79260
4108,1000000,15840
4109,1034113,4230
4110,1034113,1620
4111,1034113,1000
4112,1034113,6220
4113,1000000,24020
4114,1000000,102000
4115,1000000,66640
4116,1034113,2830
4117,1034113,8680
4118,1034113,10920
4119,1034113,1000
4120,1034113,1000
4121,1034113,3990
4122,1000000,40790
4123,1034113,2240
4124,1034113,6480
4125,1000000,125140
4126,1034113,1160
4127,1034113,5520
4128,1034113,2910
4129,1000000,204260
4130,1034113,2230
4131,1034113,1000
4132,1000000,16680
4133,1000000,43650
4134,1034113,2040
4135,1034113,10760
4136,1034113,4970
4137,1034113,3850
4138,1034113,4790
4139,1034113,8830
4140,1034113,3960
4141,1034113,3480
4142,1034113,1290
4143,1034113,7380
4144,1034113,10160
4145,1034113,4970
4146,1034113,10810
4147,1034113,8070
4148,1034113,5230
4149,1034113,1000
4150,1034113,2440
4151,1000000,24350
4152,1034113,5340
4153,1000000,19910
4154,1034113,1000
4155,1034113,14100
4156,1034113,5990
4157,1034113,7910
4158,1034113,1520
4159,1000000,15890
4160,1034113,3100
4161,1034113,3380
4162,1034113,1530
4163,1034113,4620
4164,1034113,1260
4165,1034113,1160
4166,1034113,4050
4167,1034113,1000
4168,1034113,4010
4169,1000000,16400
4170,1034113,5010
4171,1034113,10880
4172,1034113,3870
4173,1000000,76230
4174,1034113,8570
4175,1034113,1190
4176,1034113,1000
4177,1034113,1870
4178,1000000,21700
4179,1034113,2360
4180,1034113,11210
4181,1000000,52820
4182,1034113,12550
4183,1000000,24240
4184,1034113,6760
4185,1034113,3200
4186,1000000,56840
4187,1000000,36070
4188,1034113,1000
4189,1034113,11430
4190,1034113,6550
4191,1034113,6050
4192,1034113,1000
4193,1034113,3800
4194,1000000,36100
4195,1034113,8560
4196,1034113,4300
4197,1000000,16000
4198,1034113,1000
4199,1034113,1600
4200,1034113,2570
4201,1034113,4000
4202,1034113,1690
4203,1034113,13060
4204,1034113,1540
4205,1034113,1520
4206,1034113,1000
4207,1000000,29740
4208,1034113,3930
4209,1034113,10800
4210,1034113,11430
4211,1034113,4040
4212,1000000,26860
4213,1034113,1000
4214,1034113,11480
4215,1034113,5820
4216,1034113,5520
4217,1034113,5400
4218,1034113,2680
4219,1000000,18590
4220,1034113,3770
4221,1034113,9710
4222,1034113,9320
4223,1000000,80680
4224,1034113,4830
4225,1000000,27100
4226,1034113,3950
4227,1034113,4270
4228,1034113,6270
4229,1034113,3810
4230,1034113,1000
4231,1034113,2080
4232,1034113,5000
4233,1034113,3730
4234,1034113,1270
4235,1000000,55130
4236,1034113,8070
4237,1034113,4690
4238,1000000,22610
4239,1034113,12020
4240,1000000,93000
4241,1000000,21120
4242,1034113,1000
4243,1034113,12840
4244,1034113,4700
4245,1000000,362260
4246,1034113,9680
4247,1034113,5110
4248,1000000,35320
4249,1034113,14990
4250,1034113,9630
4251,1000000,39670
4252,1034113,3060
4253,1034113,11190
4254,1034113,4370
4255,1034113,1000
4256,1000000,81750
4257,1034113,6870
4258,1034113,2830
4259,1034113,6890
4260,1034113,1000
4261,1000000,61030
4262,1034113,4010
4263,1034113,2570
4264,1034113,1800
4265,1034113,4200
4266,1000000,29890
4267,1034113,1000
4268,1000000,114840
4269,1034113,1000
4270,1034113,1000
4271,1034113,1000
4272,1034113,1000
4273,1034113,2820
4274,1000000,19030
4275,1034113,4040
4276,1000000,42860
4277,1034113,1000
4278,1034113,2140
4279,1034113,6950
4280,1034113,14440
4281,1000000,35560
4282,1034113,10700
4283,1034113,12450
4284,1000000,34880
4285,1000000,17840
4286,1034113,6550
4287,1034113,6300
4288,1034113,1000
4289,1034113,1000
4290,1034113,1000
4291,1034113,1000
4292,1000000,16610
4293,1034113,1580
4294,1034113,10620
4295,1034113,3830
4296,1034113,12980
4297,1000000,28730
4298,1034113,5340
4299,1000000,29050
4300,1034113,6040
4301,1000000,21200
4302,1034113,1000
4303,1034113,2210
4304,1034113,1000
4305,1034113,13340
4306,1034113,4760
4307,1034113,1000
4308,1034113,1000
4309,1034113,14000
4310,1034113,2960
4311,1034113,8510
4312,1034113,1000
4313,1034113,3360
4314,1034113,3480
4315,1034113,8740
4316,1000000,73200
4317,1000000,15840
4318,1000000,396500
4319,1034113,4650
4320,1034113,5880
4321,1034113,14290
4322,1034113,10000
4323,1034113,3350
4324,1034113,1000
4325,1034113,1000
4326,1034113,1050
4327,1034113,10480
4328,1034113,2760
4329,1034113,2660
4330,1034113,2140
4331,1000000,27600
4332,1034113,5070
4333,1034113,1000
4334,1034113,1000
4335,1034113,9830
4336,1034113,5940
4337,1034113,4720
4338,1034113,3130
4339,1034113,1000
4340,1034113,4300
4341,1034113,1220
4342,1034113,1270
4343,1000000,34760
4344,1034113,5290
4345,1034113,1070
4346,1034113,1000
4347,1034113,9190
4348,1034113,2850
4349,1034113,1630
4350,1034113,9000
4351,1034113,1450
4352,1034113,12120
4353,1034113,1000
4354,1034113,1000
4355,1034113,7950
4356,1034113,7100
4357,1000000,30630
4358,1034113,14780
4359,1034113,5690
4360,1034113,1780
4361,1000000,42000
4362,1000000,28830
4363,1034113,7870
4364,1000000,113440
4365,1034113,3490
4366,1034113,5340
4367,1034113,2750
4368,1000000,47580
4369,1034113,3630
4370,1000000,22050
4371,1000000,18180
4372,1000000,35920
4373,1034113,4140
4374,1034113,1000
4375,1034113,1000
4376,1034113,1800
4377,1034113,3420
4378,1034113,1000
4379,1000000,33790
4380,1000000,15170
4381,1034113,2170
4382,1034113,1680
4383,4611,1000000
4384,1034113,6340
4385,1000000,30760
4386,1034113,14490
4387,1034113,1000
4388,1034113,3420
4389,1000000,37300
4390,1034113,3430
4391,1034113,2580
4392,1034113,1000
4393,1034113,1720
4394,1000000,29870
4395,1034113,12240
4396,1034113,1340
4397,1034113,4520
4398,1034113,8730
4399,1034113,6190
4400,1034113,1000
4401,1000000,38930
4402,1034113,3770
4403,1000000,17720
4404,1034113,4380
4405,1000000,32510
4406,1000000,23180
4407,1000000,21480
4408,1034113,10970
4409,1034113,12980
4410,1034113,1000
4411,1034113,6790
4412,1000000,35770
4413,1034113,1250
4414,1000000,25140
4415,1000000,26880
4416,1000000,23310
4417,1034113,8240
4418,1034113,4550
4419,1000000,47420
4420,1000000,67350
4421,1034113,10600
4422,1034113,1240
4423,1034113,3840
4424,1034113,1000
4425,1034113,13010
4426,1034113,7380
4427,1000000,38280
4428,1034113,3490
4429,1000000,73220
4430,1034113,2360
4431,1034113,9450
4432,1034113,5870
4433,1000000,80940
4434,1034113,2090
4435,1034113,3560
4436,1034113,1290
4437,1034113,1110
4438,1034113,12740
4439,1000000,50270
4440,1034113,4050
4441,1034113,6500
4442,1034113,6430
4443,1034113,1000
4444,1000000,45100
4445,1034113,1000
4446,1034113,3250
4447,1000000,24470
4448,1034113,1490
4449,1034113,2900
4450,1000000,23960
4451,1034113,1000
4452,1000000,18590
4453,1000000,24220
4454,1034113,4590
4455,1034113,1600
4456,1034113,1000
4457,1034113,1000
4458,1034113,10570
4459,1034113,3400
4460,1000000,19940
4461,1034113,4180
4462,1000000,42930
4463,1034113,5530
4464,1034113,1000
4465,1000000,20420
4466,1000000,20450
4467,1000000,47770
4468,1034113,3150
4469,1034113,1000
4470,1034113,1000
4471,1034113,4930
4472,1034113,2850
4473,1000000,75610
4474,1000000,103560
4475,1034113,8300
4476,1034113,8840
4477,1000000,16350
4478,1034113,9860
4479,1034113,1000
4480,1034113,7880
4481,1034113,2920
4482,1034113,6880
4483,1000000,16020
4484,1034113,1000
4485,1000000,18530
4486,1000000,17400
4487,1000000,40430
4488,1034113,10570
4489,1000000,18590
4490,1034113,5500
4491,4611,1000000
4492,1034113,3440
4493,1034113,2710
4494,1034113,7150
4495,1000000,29300
4496,1034113,10800
4497,1034113,6350
4498,1000000,27110
4499,1034113,13610
4500,1034113,6090
4501,1034113,4020
4502,1034113,10570
4503,1000000,21330
4504,1034113,7820
4505,1034113,2050
4506,1034113,14450
4507,1034113,1000
4508,1000000,23480
4509,1034113,2640
4510,1000000,54950
4511,1034113,1000
4512,1034113,8600
4513,1000000,90380
4514,1034113,10740
4515,1034113,2050
4516,1000000,23150
4517,1034113,1000
4518,1034113,1000
4519,1034113,3700
4520,1034113,11270
4521,1034113,10340
4522,1034113,3200
4523,1034113,11800
4524,1034113,7760
4525,1034113,1000
4526,1034113,1810
4527,1000000,26870
4528,1034113,1000
4529,1034113,2280
4530,1000000,27460
4531,1034113,3900
4532,1000000,28250
4533,4611,1000000
4534,1034113,7780
4535,1034113,6740
4536,1034113,1000
4537,1034113,1000
4538,1000000,48320
4539,1034113,1000
4540,1034113,1000
4541,1034113,12610
4542,1000000,17590
4543,1034113,1000
4544,1000000,29190
4545,1034113,1000
4546,1000000,38400
4547,1034113,1000
4548,1000000,32920
4549,1000000,17180
4550,1034113,5390
4551,1034113,2350
4552,1000000,74240
4553,1034113,1000
4554,1000000,17140
4555,1034113,6700
4556,1034113,1690
4557,1034113,1790
4558,1000000,31880
4559,1034113,2370
4560,1034113,1650
4561,1034113,1000
4562,1034113,8630
4563,1034113,1000
4564,1034113,7210
4565,1034113,14510
4566,1034113,2250
4567,1034113,2440
4568,1034113,3220
4569,1000000,16110
4570,1034113,1870
4571,1000000,17770
4572,1034113,5620
4573,1034113,1230
4574,1034113,1000
4575,1000000,72970
4576,1034113,1000
4577,1034113,1000
4578,1034113,1000
4579,1000000,20220
4580,1000000,35780
4581,1034113,1470
4582,1034113,1000
4583,1034113,2580
4584,1034113,11230
4585,1034113,13560
4586,1034113,1000
4587,1034113,10190
4588,1034113,4580
4589,1034113,11920
4590,1034113,1080
4591,1034113,11210
4592,1034113,11110
4593,1000000,16620
4594,1034113,4950
4595,1034113,3000
4596,1034113,2720
4597,1000000,174060
4598,1034113,4690
4599,1034113,4130
4600,1000000,85420
4601,1034113,2200
4602,1000000,111890
4603,1034113,1000
4604,1034113,5780
4605,1034113,6940
4606,1034113,2900
4607,1034113,8230
4608,1034113,6980
4609,1034113,4350
4610,1000000,51360
4611,1034113,2960
4612,1034113,2660
4613,1000000,17690
4614,1000000,22330
4615,1000000,23800
4616,1000000,42070
4617,1034113,14760
4618,1034113,6730
4619,1034113,3300
4620,1034113,8950
4621,1034113,1000
4622,1034113,5100
4623,1034113,7020
4624,1034113,4090
4625,1034113,1000
4626,1034113,10070
4627,1000000,77140
4628,1034113,3890
4629,1034113,1000
4630,1034113,1000
4631,1034113,11330
4632,1034113,11050
4633,1034113,1000
4634,1000000,25680
4635,1034113,4680
4636,1034113,1000
4637,1034113,1000
4638,1034113,9980
4639,1000000,35660
4640,1034113,6390
4641,1034113,1000
4642,1034113,2160
4643,1000000,32080
4644,1000000,23440
4645,1034113,12200
4646,1000000,17020
4647,1000000,54320
4648,1034113,3090
4649,1034113,2260
4650,1034113,6510
4651,1034113,12760
4652,1034113,3740
4653,1034113,1000
4654,1034113,8840
4655,1034113,3840
4656,1034113,8520
4657,1034113,3440
4658,1034113,14420
4659,1000000,143670
4660,1034113,1000
4661,1034113,1000
4662,1034113,7950
4663,1000000,49310
4664,1034113,14210
4665,1034113,14050
4666,1034113,6200
4667,1034113,7570
4668,1034113,1720
4669,1034113,1920
4670,1000000,132380
4671,1034113,11630
4672,1034113,13640
4673,1034113,13460
4674,1034113,10390
4675,1034113,1000
4676,1034113,1310
4677,1000000,19220
4678,1034113,1000
4679,1034113,1000
4680,1000000,30810
4681,1000000,25970
4682,1034113,2450
4683,1034113,1000
4684,1000000,41750
4685,1034113,2500
4686,1000000,25550
4687,1000000,68440
4688,1034113,14890
4689,1000000,20690
4690,1000000,70800
4691,1034113,3310
4692,1034113,3900
4693,1000000,82390
4694,1034113,1000
4695,1034113,6180
4696,1034113,1910
4697,1034113,3970
4698,1000000,25010
4699,1034113,1740
4700,1000000,42810
4701,1000000,22630
4702,1000000,102120
4703,1000000,25880
4704,1034113,1510
4705,1034113,6580
4706,1034113,4280
4707,1034113,1420
4708,1000000,71510
4709,1034113,1000
4710,1034113,7240
4711,1034113,4190
4712,1034113,2550
4713,1034113,1000
4714,1034113,1000
4715,1034113,7750
4716,1034113,2830
4717,1034113,1000
4718,1034113,3300
4719,1034113,5790
4720,1034113,9670
4721,1034113,2720
4722,1034113,1000
4723,1034113,7210
4724,1034113,7690
4725,1034113,9930
4726,1034113,6890
4727,1034113,6520
4728,1034113,11710
4729,1034113,4900
4730,1034113,4610
4731,1034113,3010
4732,1034113,1370
4733,1034113,5630
4734,1000000,23950
4735,1000000,49670
4736,1034113,4900
4737,1000000,24660
4738,1000000,17440
4739,1034113,8520
4740,1000000,51740
4741,1034113,1030
4742,1034113,1000
4743,1000000,23360
4744,1034113,3150
4745,1034113,1000
4746,1034113,1630
4747,1034113,6800
4748,1000000,62790
4749,1034113,1070
4750,1034113,14770
4751,1034113,4730
4752,1034113,6860
4753,1034113,1160
4754,1034113,9310
4755,1034113,3150
4756,1000000,41140
4757,1000000,50720
4758,1034113,3660
4759,1034113,1400
4760,1034113,1300
4761,1000000,54400
4762,1034113,6100
4763,1034113,3960
4764,1034113,13530
4765,1000000,73210
4766,1034113,4870
4767,1000000,60720
4768,1034113,2130
4769,1034113,4300
4770,1034113,2040
4771,1034113,4240
4772,1034113,7880
4773,1000000,45540
4774,1000000,36380
4775,1034113,6700
4776,1034113,4510
4777,1034113,3540
4778,1034113,1000
4779,1034113,6290
4780,1034113,1000
4781,1034113,1000
4782,1034113,3480
4783,1034113,9680
4784,1034113,2390
4785,1034113,1080
4786,1034113,2130
4787,1034113,4030
4788,1000000,20950
4789,1034113,5760
4790,1034113,1160
4791,1034113,4690
4792,1034113,5590
4793,1034113,1000
4794,1034113,10630
4795,1034113,13480
4796,1034113,1880
4797,1034113,6640
4798,1034113,2790
4799,1034113,3820
4800,1034113,1490
4801,1034113,1000
4802,1000000,16890
4803,1034113,7190
4804,1034113,11260
4805,1034113,1560
4806,1034113,3100
4807,1034113,6290
4808,1034113,3250
4809,1000000,33500
4810,1034113,1750
4811,1034113,12210
4812,1000000,39160
4813,1034113,7890
4814,1034113,3340
4815,1034113,3780
4816,1000000,31010
4817,1000000,16730
4818,1034113,3630
4819,1034113,10660
4820,1034113,1110
4821,1034113,6230
4822,1000000,79010
4823,1000000,104310
4824,1000000,16130
4825,1034113,1000
4826,1034113,5310
4827,1034113,2500
4828,1034113,1860
4829,1034113,1000
4830,1034113,9220
4831,1000000,19560
4832,1000000,28560
4833,1034113,3320
4834,1034113,6520
4835,1000000,48110
4836,1034113,2270
4837,1000000,108970
4838,1034113,8240
4839,1034113,2880
4840,1034113,3320
4841,1034113,1000
4842,1034113,7200
4843,1000000,21190
4844,1034113,1830
4845,1034113,1000
4846,1000000,27330
4847,1000000,31340
4848,1034113,13590
4849,1034113,12670
4850,1000000,227720
4851,1034113,6110
4852,1034113,6440
4853,1000000,17650
4854,1034113,4510
4855,1000000,51090
4856,1034113,1000
4857,1034113,1000
4858,1000000,81480
4859,1034113,14990
4860,1034113,4160
4861,1034113,1000
4862,1034113,1450
4863,1034113,2980
4864,1034113,1000
4865,1000000,160290
4866,1034113,9730
4867,1000000,42260
4868,1034113,1000
4869,1034113,5650
4870,1000000,133660
4871,1034113,13040
4872,1034113,12510
4873,1034113,7560
4874,1000000,63150
4875,1034113,5240
4876,1034113,1000
4877,1034113,2000
4878,1000000,28130
4879,1000000,16850
4880,1000000,15650
4881,1034113,3760
4882,1034113,9720
4883,1000000,18910
4884,1000000,16600
4885,1000000,45830
4886,1034113,6130
4887,1034113,9060
4888,1034113,7420
4889,1034113,1660
4890,1000000,74790
4891,1034113,6060
4892,1034113,2300
4893,1034113,1000
4894,1000000,36970
4895,1034113,3890
4896,1034113,11660
4897,1034113,3760
4898,1034113,13850
4899,1034113,1000
4900,1034113,3660
4901,1034113,2250
4902,1000000,20180
4903,1000000,30160
4904,1000000,27810
4905,1000000,34130
4906,1034113,12930
4907,1000000,55550
4908,1000000,16030
4909,1034113,1010
4910,1034113,2610
4911,1034113,7130
4912,1034113,4110
4913,1000000,16660
4914,1034113,4660
4915,1034113,1030
4916,1000000,33420
4917,1034113,2160
4918,1034113,1000
4919,1000000,66900
4920,1000000,42290
4921,1034113,6970
4922,1000000,122630
4923,1034113,1520
4924,1000000,37900
4925,1034113,6120
4926,1034113,1000
4927,1000000,17860
4928,1034113,2600
4929,1034113,1000
4930,1000000,16570
4931,1000000,57270
4932,1000000,112650
4933,1034113,1140
4934,1034113,11180
4935,1034113,1790
4936,1034113,2860
4937,1034113,4290
4938,1034113,14180
4939,1034113,3290
4940,1034113,9290
4941,1034113,3300
4942,1000000,19660
4943,1034113,8590
4944,1034113,1280
4945,1034113,10490
4946,1000000,59010
4947,1034113,14690
4948,1034113,1000
4949,1034113,1240
4950,1034113,1440
4951,1000000,16220
4952,1034113,14340
4953,1000000,16150
4954,1034113,2950
4955,1000000,22100
4956,1034113,3800
4957,1000000,47770
4958,1034113,14800
4959,1000000,19080
4960,1034113,1920
4961,1034113,6140
4962,1034113,10620
4963,1034113,4500
4964,1034113,5680
4965,1000000,49490
4966,1000000,16240
4967,1034113,1000
4968,1034113,1000
4969,1034113,2510
4970,1034113,4110
4971,1034113,4810
4972,1034113,1290
4973,1034113,1000
4974,1034113,6760
4975,1034113,5430
4976,1034113,8110
4977,1034113,1000
4978,1000000,103850
4979,1000000,57290
4980,1034113,1000
4981,1034113,9560
4982,1034113,2250
4983,1034113,13510
4984,1000000,15250
4985,1034113,5560
4986,1000000,23320
4987,1000000,20190
4988,1034113,6090
4989,1000000,18740
4990,1034113,1000
4991,1034113,8690
4992,1034113,7030
4993,1034113,1000
4994,1034113,2780
4995,1000000,35170
4996,1034113,1000
4997,1034113,4870
4998,1000000,17200
4999,1034113,1000
5000,1034113,14000
5001,1034113,1870
5002,1000000,31180
5003,1034113,9540
5004,1034113,2250
5005,1034113,8690
5006,1034113,2080
5007,1000000,25440
5008,1000000,74560
5009,1000000,32960
5010,1000000,25330
5011,1000000,30760
5012,1000000,33310
5013,1034113,7330
5014,1034113,2370
5015,1034113,1960
5016,1000000,20460
5017,1000000,26220
5018,1000000,106870
5019,1000000,19990
5020,1000000,30360
5021,1034113,8150
5022,1034113,1210
5023,1034113,1750
5024,1000000,61310
5025,1034113,1000
5026,1034113,5460
5027,1034113,5210
5028,1034113,1000
5029,1034113,10440
5030,1000000,46160
5031,1034113,1000
5032,1000000,36300
5033,1034113,7150
5034,1034113,10220
5035,1034113,10320
5036,1000000,38170
5037,1034113,11050
5038,1000000,20150
5039,1000000,33330
5040,1034113,1000
5041,1034113,2240
5042,1000000,31020
5043,1034113,1180
5044,1034113,2030
5045,1034113,11050
5046,1034113,13610
5047,1000000,19940
5048,1034113,1010
5049,1000000,17640
5050,1034113,9320
5051,1000000,31050
5052,1034113,10700
5053,1000000,48140
5054,1034113,1550
5055,1034113,1990
5056,1034113,2790
5057,1034113,10510
5058,1034113,3820
5059,1034113,1000
5060,1034113,2560
5061,1034113,7900
5062,1000000,28850
5063,1000000,46830
5064,1034113,2480
5065,1034113,5370
5066,1034113,3050
5067,1034113,7720
5068,1034113,7600
5069,1000000,39870
5070,1034113,11140
5071,1034113,1000
5072,1000000,21990
5073,1034113,1000
5074,1000000,100660
5075,1034113,1000
5076,1034113,12670
5077,1000000,15790
5078,1000000,23790
5079,1034113,5590
5080,1034113,3920
5081,1034113,13640
5082,1000000,17600
5083,1000000,19920
5084,1034113,2570
5085,1034113,9200
5086,1034113,1450
5087,1000000,15240
5088,1000000,35810
5089,1034113,1000
5090,1034113,2630
5091,1000000,36380
5092,1034113,12540
5093,1034113,12340
5094,1034113,9780
5095,1034113,3680
5096,1034113,1000
5097,1034113,7600
5098,1034113,1000
5099,1034113,1290
5100,1034113,1920
5101,1034113,5670
5102,1034113,8700
5103,1000000,25310
5104,1034113,2340
5105,1034113,2690
5106,1034113,4430
5107,1034113,5050
5108,1000000,53050
5109,1000000,22820
5110,1034113,9680
5111,1000000,49430
5112,1000000,21110
5113,1034113,3940
5114,1000000,25130
5115,1000000,18700
5116,1034113,1640
5117,1034113,1710
5118,1034113,1080
5119,1034113,1270
5120,1034113,5310
5121,1034113,1390
5122,1034113,9810
5123,1034113,1580
5124,1000000,33900
5125,1034113,14360
5126,1034113,1000
5127,1034113,10560
5128,1034113,1000
5129,1034113,3740
5130,1034113,7350
5131,1034113,8100
5132,1000000,57910
5133,1034113,7940
5134,1034113,7920
5135,1034113,7970
5136,1034113,4660
5137,1034113,4010
5138,1000000,47700
5139,1000000,101670
5140,1000000,29330
5141,1034113,1000
5142,1000000,42070
5143,1034113,1120
5144,1034113,1020
5145,1034113,1000
5146,1000000,28140
5147,1034113,5950
5148,1034113,2680
5149,1034113,12810
5150,1034113,2360
5151,1034113,1000
5152,1034113,1000
5153,1034113,1910
5154,1034113,2540
5155,1000000,127800
5156,1000000,171920
5157,1034113,4400
5158,1034113,1000
5159,1000000,17940
5160,1034113,13800
5161,1000000,52480
5162,1034113,10390
5163,1034113,7410
5164,1034113,5130
5165,1034113,4230
5166,1034113,6450
5167,1034113,5990
5168,1034113,9930
5169,1034113,1740
5170,1034113,7190
5171,1000000,51940
5172,1000000,31460
5173,1034113,8740
5174,1034113,1000
5175,1000000,18320
5176,1034113,6110
5177,1000000,44710
5178,1034113,7080
5179,1000000,47540
5180,1034113,2140
5181,1034113,7930
5182,1034113,3000
5183,1034113,4320
5184,1000000,17020
5185,1034113,9210
5186,1034113,1870
5187,1034113,3110
5188,1034113,2060
5189,1034113,11150
5190,1000000,17450
5191,1034113,2490
5192,1034113,1430
5193,1034113,4120
5194,1000000,43800
5195,1034113,5460
5196,1034113,1070
5197,1034113,11450
5198,1034113,4020
5199,1034113,1000
5200,1034113,9690
5201,1000000,91850
5202,1034113,2960
5203,1000000,25460
5204,1034113,1000
5205,1034113,5510
5206,1000000,15480
5207,1034113,1000
5208,1034113,1200
5209,1034113,1260
5210,1000000,114160
5211,1034113,1490
5212,1034113,2950
5213,1000000,20810
5214,1034113,3020
5215,1034113,1000
5216,1034113,4770
5217,1034113,1000
5218,1000000,21450
5219,1000000,53750
5220,1034113,3760
5221,1034113,1000
5222,1034113,11180
5223,1034113,4840
5224,1034113,14380
5225,1034113,10320
5226,1034113,3870
5227,1034113,3180
5228,1034113,5750
5229,1034113,7050
5230,1034113,2370
5231,1034113,1250
5232,1034113,7430
5233,1034113,4240
5234,1000000,24610
5235,1034113,1000
5236,1034113,1000
5237,1000000,53160
5238,1000000,91020
5239,1034113,1000
5240,1034113,10540
5241,1034113,10950
5242,1034113,3140
5243,1000000,23810
5244,1000000,54900
5245,1000000,19470
5246,1000000,16330
5247,1034113,1330
5248,1034113,12940
5249,1034113,13790
5250,1000000,50310
5251,1034113,6980
5252,1034113,1000
5253,1000000,16620
5254,1034113,9100
5255,1034113,13500
5256,1000000,31680
5257,1034113,10230
5258,1034113,5710
5259,1034113,11880
5260,1000000,36640
5261,1000000,17430
5262,1000000,19640
5263,1034113,6270
5264,1034113,1020
5265,1034113,4380
5266,1034113,4360
5267,1000000,16180
5268,1000000,82680
5269,1000000,17360
5270,1000000,35470
5271,1034113,1000
5272,1034113,1190
5273,1034113,6430
5274,1034113,11070
5275,1034113,1000
5276,1034113,7520
5277,1034113,1020
5278,1034113,3250
5279,1034113,3490
5280,1034113,1960
5281,1034113,7090
5282,1034113,5750
5283,1000000,15680
5284,1034113,1000
5285,1034113,7110
5286,1000000,30670
5287,1034113,11920
5288,1000000,50990
5289,1034113,2660
5290,1000000,15820
5291,1034113,13400
5292,1034113,11030
5293,1034113,1000
5294,1000000,21770
5295,1034113,1590
5296,1034113,1900
5297,1034113,11530
5298,1034113,7180
5299,1034113,1000
5300,1034113,1000
5301,1000000,20880
5302,1000000,51290
5303,1034113,6000
5304,1034113,9160
5305,1034113,8450
5306,1034113,8370
5307,1000000,28250
5308,1000000,15680
5309,1034113,1000
5310,1034113,3750
5311,1034113,9190
5312,1000000,60800
5313,1034113,1050
5314,1000000,73890
5315,1000000,21590
5316,1000000,41740
5317,1034113,1510
5318,1034113,5920
5319,1034113,1060
5320,1034113,1000
5321,1034113,8270
5322,1034113,1510
5323,1034113,2570
5324,1034113,7400
5325,1034113,4320
5326,1000000,15930
5327,1034113,1000
5328,1034113,13820
5329,1000000,20270
5330,1034113,9830
5331,1034113,5970
5332,1034113,4170
5333,1034113,13980
5334,1034113,7070
5335,1034113,10350
5336,1034113,8780
5337,1034113,4520
5338,1000000,22450
5339,1000000,19510
5340,1000000,33340
5341,1034113,9290
5342,1000000,20770
5343,1034113,1750
5344,1034113,1060
5345,1000000,28320
5346,1034113,9410
5347,1034113,3080
5348,1034113,6800
5349,1034113,1940
5350,1034113,1000
5351,1034113,5190
5352,1034113,14020
5353,1034113,1970
5354,1034113,1240
5355,1034113,2250
5356,1034113,4050
5357,1034113,9870
5358,1034113,5150
5359,1000000,61060
5360,1034113,9580
5361,1034113,1900
5362,1000000,17090
5363,1034113,1100
5364,1034113,3450
5365,1034113,9350
5366,1000000,40010
5367,1034113,1000
5368,1034113,1000
5369,1000000,101960
5370,1034113,1590
5371,1000000,20730
5372,1034113,13410
5373,1034113,13890
5374,1000000,41450
5375,1034113,1000
5376,1034113,2480
5377,1034113,4790
5378,1034113,6920
5379,1034113,1560
5380,1000000,137040
5381,1034113,2930
5382,1034113,1950
5383,1000000,46230
5384,1034113,1420
5385,1034113,1830
5386,1000000,52930
5387,1000000,17880
5388,1034113,1000
5389,1034113,1180
5390,1000000,88340
5391,1034113,3880
5392,1034113,1000
5393,1034113,1000
5394,1000000,22680
5395,1034113,11520
5396,1034113,1000
5397,1034113,1000
5398,1000000,57020
5399,1034113,1200
5400,1000000,52920
5401,1034113,6740
5402,1034113,3300
5403,1034113,12400
5404,1000000,19900
5405,1000000,23930
5406,1034113,4180
5407,1034113,1000
5408,1034113,1000
5409,1034113,13630
5410,1000000,107570
5411,1034113,2390
5412,1000000,32760
5413,1034113,8210
5414,1034113,13040
5415,1034113,1010
5416,1034113,8260
5417,1034113,1760
5418,1034113,6850
5419,1034113,13160
5420,1034113,2170
5421,1000000,25380
5422,1034113,7180
5423,1034113,1090
5424,1034113,4080
5425,1034113,1000
5426,1034113,1100
5427,1000000,18410
5428,1034113,4660
5429,1034113,11780
5430,1034113,6110
5431,1034113,2620
5432,1034113,11830
5433,1034113,2010
5434,1000000,45800
5435,1000000,21420
5436,1000000,20610
5437,1000000,86330
5438,1034113,13910
5439,1034113,1000
5440,1034113,1250
5441,1000000,18960
5442,1034113,1000
5443,1034113,8450
5444,1034113,2390
5445,1034113,1000
5446,1034113,6360
5447,1034113,6280
5448,1000000,26710
5449,1000000,18260
5450,1034113,9010
5451,1000000,33050
5452,1034113,4270
5453,1034113,12860
5454,1034113,4390
5455,1000000,138090
5456,1034113,3860
5457,1000000,36990
5458,1034113,1970
5459,1034113,2100
5460,1034113,1270
5461,1034113,6920
5462,1034113,4190
5463,1034113,2550
5464,1000000,27590
5465,1034113,3310
5466,1034113,5900
5467,1034113,1000
5468,1000000,19660
5469,1000000,31870
5470,1034113,1040
5471,1000000,32730
5472,1000000,72220
5473,1000000,15590
5474,1034113,10080
5475,1034113,4750
5476,1034113,1770
5477,1034113,1000
5478,1000000,16930
5479,1034113,4750
5480,1034113,1740
5481,1000000,39140
5482,1000000,160660
5483,1034113,8110
5484,1034113,2580
5485,1034113,8520
5486,1000000,19820
5487,1034113,7230
5488,1034113,7450
5489,1034113,7220
5490,1000000,62740
5491,1034113,3220
5492,1034113,3920
5493,1034113,10580
5494,1034113,7160
5495,1000000,47700
5496,1034113,8970
5497,1034113,4790
5498,1034113,3540
5499,1000000,17040
5500,1034113,3430
5501,1034113,7630
5502,1034113,10530
5503,1034113,12340
5504,1034113,6870
5505,1000000,19530
5506,4611,1000000
5507,1000000,29910
5508,1034113,3210
5509,1034113,1400
5510,1000000,73130
5511,1000000,17980
5512,1034113,1980
5513,1000000,32270
5514,1034113,1000
5515,1034113,1360
5516,1000000,29880
5517,1000000,23080
5518,1034113,3810
5519,1000000,66830
5520,1034113,4860
5521,1034113,2690
5522,1034113,10090
5523,1034113,1000
5524,1034113,1000
5525,1034113,13040
5526,1034113,2850
5527,1034113,1000
5528,1034113,5440
5529,1034113,1000
5530,1034113,5370
5531,1034113,1000
5532,1000000,17170
5533,1000000,69070
5534,1034113,1420
5535,1034113,5510
5536,1034113,1350
5537,1000000,30510
5538,1034113,1000
5539,1034113,1000
5540,1000000,30190
5541,1034113,1000
5542,1034113,1000
5543,1034113,10950
5544,1034113,3320
5545,1034113,5230
5546,1034113,3080
5547,1000000,16320
5548,1000000,28170
5549,1034113,3390
5550,1000000,69380
5551,1000000,34530
5552,1034113,4760
5553,1034113,1040
5554,1000000,32140
5555,1034113,2340
5556,1034113,1000
5557,1034113,7700
5558,1000000,101880
5559,1000000,43200
5560,1034113,2560
5561,1034113,1000
5562,1000000,22770
5563,1000000,71160
5564,1034113,2870
5565,1034113,1000
5566,1000000,20830
5567,1034113,9120
5568,1034113,9860
5569,1000000,122070
5570,1034113,1000
5571,1000000,19210
5572,1034113,1000
5573,1034113,2800
5574,1034113,1940
5575,1034113,1510
5576,1000000,29180
5577,1034113,14470
5578,1034113,2990
5579,1034113,1000
5580,1000000,16710
5581,1034113,1000
5582,1034113,5870
5583,1034113,3230
5584,1034113,2600
5585,1034113,1300
5586,1034113,4770
5587,1034113,4530
5588,1034113,1230
5589,1034113,3740
5590,1034113,1390
5591,1034113,2590
5592,1000000,33070
5593,1034113,8540
5594,1034113,2830
5595,1034113,1000
5596,1034113,3530
5597,1034113,13880
5598,1034113,1000
5599,1034113,9470
5600,1034113,3980
5601,1000000,16000
5602,1000000,15230
5603,1034113,1000
5604,1000000,17430
5605,1000000,23450
5606,1000000,16490
5607,1034113,1890
5608,1034113,1000
5609,1034113,14400
5610,1000000,59420
5611,1034113,1000
5612,1034113,8710
5613,1034113,1000
5614,1034113,7710
5615,1000000,42760
5616,1034113,4990
5617,1000000,15230
5618,1034113,5680
5619,1034113,5050
5620,1000000,18130
5621,1000000,21010
5622,1034113,5070
5623,1034113,3620
5624,1034113,1590
5625,1034113,6230
5626,1034113,4430
5627,1034113,5730
5628,1034113,9500
5629,1034113,3790
5630,1034113,1000
5631,1034113,7890
5632,1000000,24570
5633,1000000,38300
5634,1034113,8050
5635,1034113,1000
5636,1000000,152790
5637,1000000,24160
5638,1034113,1000
5639,1000000,45500
5640,1034113,5250
5641,1034113,12430
5642,1034113,7220
5643,1000000,69260
5644,1034113,12000
5645,1034113,4870
5646,1034113,1000
5647,1034113,9640
5648,1034113,5230
5649,1034113,7280
5650,1034113,7100
5651,1034113,11040
5652,1000000,74890
5653,1034113,1000
5654,1034113,6540
5655,1034113,11440
5656,1034113,2000
5657,1000000,60590
5658,1034113,2970
5659,1000000,20370
5660,4611,1000000
5661,1034113,2320
5662,1034113,1000
5663,1034113,1760
5664,1000000,21920
5665,1000000,42830
5666,1000000,22020
5667,1000000,26060
5668,1000000,59760
5669,1000000,23540
5670,1034113,3390
5671,1034113,1000
5672,1034113,5980
5673,1000000,42320
5674,1034113,11430
5675,1034113,1620
5676,1000000,17080
5677,1034113,1000
5678,1000000,64760
5679,1000000,23020
5680,1034113,1000
5681,1034113,4250
5682,1034113,2000
5683,1034113,3330
5684,1000000,71140
5685,1034113,6370
5686,1034113,1000
5687,1034113,12700
5688,1034113,3230
5689,1034113,8240
5690,1034113,5000
5691,1034113,1510
5692,1034113,6480
5693,1034113,8730
5694,1034113,9870
5695,1034113,1790
5696,1000000,47450
5697,1034113,1510
5698,1034113,1910
5699,1034113,4260
5700,1000000,32910
5701,1034113,1580
5702,1000000,16970
5703,1034113,1000
5704,1034113,1660
5705,1000000,17630
5706,1000000,44450
5707,1000000,20840
5708,1034113,2110
5709,1034113,9780
5710,1034113,2740
5711,1034113,1000
5712,1034113,2980
5713,1034113,11660
5714,1034113,7900
5715,1034113,1000
5716,1034113,2050
5717,1034113,1770
5718,1034113,1000
5719,1034113,1000
5720,1034113,1710
5721,1034113,9100
5722,1034113,1000
5723,1000000,16600
5724,1034113,14820
5725,1034113,1530
5726,1000000,55520
5727,1000000,37720
5728,1000000,55770
5729,1034113,1000
5730,1034113,5680
5731,1034113,1000
5732,1034113,1170
5733,1034113,4520
5734,1034113,1000
5735,1034113,3650
5736,1034113,4820
5737,1000000,77730
5738,1034113,1000
5739,1034113,1540
5740,1034113,4750
5741,1034113,8570
5742,1000000,57550
5743,1000000,55490
5744,1000000,16380
5745,1034113,2590
5746,1034113,1720
5747,1034113,9930
5748,1034113,11270
5749,1034113,6750
5750,1034113,9620
5751,1000000,68510
5752,1034113,1160
5753,1034113,1260
5754,1034113,12550
5755,1034113,9500
5756,1034113,1000
5757,1000000,50030
5758,1000000,40650
5759,1000000,46820
5760,1034113,2380
5761,1034113,1820
5762,1034113,1000
5763,1034113,6720
5764,1000000,24840
5765,1034113,2160
5766,1000000,17340
5767,1000000,40960
5768,1034113,6210
5769,1034113,5260
5770,1034113,13390
5771,1034113,1000
5772,1034113,8810
5773,1034113,1210
5774,1000000,31270
5775,1000000,28500
5776,1000000,20710
5777,1000000,31620
5778,1034113,12570
5779,1034113,1000
5780,1034113,2380
5781,1034113,2690
5782,1034113,1370
5783,1034113,1290
5784,1034113,2200
5785,1034113,1270
5786,1034113,6780
5787,1034113,2510
5788,1034113,7230
5789,1000000,32660
5790,1000000,15180
5791,1034113,2760
5792,1034113,10830
5793,1000000,38480
5794,1034113,13700
5795,1034113,1380
5796,1000000,28460
5797,1034113,3210
5798,1034113,1520
5799,1034113,1000
5800,1034113,4700
5801,1034113,1000
5802,1034113,1000
5803,1034113,6570
5804,1000000,89290
5805,1034113,11280
5806,1034113,1000
5807,1034113,9180
5808,1000000,77390
5809,1000000,33420
5810,1034113,4690
5811,1000000,16610
5812,1000000,46490
5813,1034113,6060
5814,1034113,1000
5815,1034113,1400
5816,1000000,97170
5817,1000000,18430
5818,1034113,10610
5819,1034113,1040
5820,1034113,10790
5821,1034113,4620
5822,1034113,4810
5823,1034113,7260
5824,1000000,132630
5825,1000000,15310
5826,1034113,1310
5827,1034113,8970
5828,1000000,20900
5829,1000000,18740
5830,1034113,1460
5831,1034113,8940
5832,1034113,9020
5833,1034113,1000
5834,1034113,1520
5835,1000000,22830
5836,1034113,1440
5837,1034113,13400
5838,1034113,13740
5839,1034113,4460
5840,1000000,15840
5841,1034113,1000
5842,1034113,1030
5843,1034113,1000
5844,1000000,20600
5845,1034113,1500
5846,1034113,10880
5847,1000000,27430
5848,1034113,1000
5849,1034113,6510
5850,1034113,4260
5851,1034113,4540
5852,1034113,5190
5853,1034113,1000
5854,1034113,1050
5855,1034113,4460
5856,1034113,2190
5857,1034113,1340
5858,1034113,10950
5859,1034113,1000
5860,1034113,7180
5861,1000000,24620
5862,1034113,1140
5863,1034113,11590
5864,1000000,37110
5865,1034113,2800
5866,1000000,46430
5867,1034113,1740
5868,1034113,1000
5869,1000000,19060
5870,1034113,1000
5871,1034113,1000
5872,1000000,19390
5873,1034113,1000
5874,1034113,6710
5875,1034113,5400
5876,1034113,1000
5877,1034113,9370
5878,1000000,21390
5879,1034113,2050
5880,1000000,19280
5881,1034113,4480
5882,1034113,2610
5883,4611,1000000
5884,1034113,10430
5885,1034113,3160
5886,1034113,4070
5887,1034113,11170
5888,1034113,8080
5889,1034113,1880
5890,1034113,6770
5891,1000000,21700
5892,1034113,12870
5893,1034113,13280
5894,1034113,6880
5895,1034113,2440
5896,1034113,14510
5897,1000000,24640
5898,1000000,86470
5899,1034113,2860
5900,1034113,11530
5901,1034113,1120
5902,1034113,11120
5903,1034113,1910
5904,1000000,16910
5905,1000000,17070
5906,1034113,5890
5907,1034113,4430
5908,1000000,16670
5909,1034113,8080
5910,1034113,3950
5911,1034113,1960
5912,1034113,6170
5913,1034113,5440
5914,1034113,2310
5915,1034113,10860
5916,1034113,1000
5917,1034113,7150
5918,1034113,3670
5919,1034113,1000
5920,1034113,1190
5921,1034113,3030
5922,1034113,12130
5923,1034113,1000
5924,1034113,13750
5925,1000000,17090
5926,1034113,1000
5927,1034113,12170
5928,1000000,18250
5929,1034113,4860
5930,1000000,17610
5931,1000000,35100
5932,1034113,1000
5933,1000000,20560
5934,1034113,8660
5935,1034113,4300
5936,1000000,22690
5937,1034113,3080
5938,1034113,13120
5939,1034113,5160
5940,1034113,1000
5941,1034113,6610
5942,1034113,5140
5943,1034113,1490
5944,1034113,6970
5945,1000000,44820
5946,1000000,16040
5947,1034113,8500
5948,1034113,1660
5949,1000000,15950
5950,1034113,1320
5951,1034113,1650
5952,1034113,12310
5953,1034113,1070
5954,1034113,2000
5955,1034113,1040
5956,1034113,13960
5957,1034113,11780
5958,1034113,2770
5959,1034113,2600
5960,1034113,2380
5961,1034113,14180
5962,1000000,22210
5963,1034113,14200
5964,1034113,3670
5965,1000000,144720
5966,1000000,28350
5967,1034113,9440
5968,1000000,22580
5969,1000000,52200
5970,1034113,7260
5971,1034113,2140
5972,1034113,1000
5973,1000000,28720
5974,1034113,1000
5975,1034113,12710
5976,1000000,36370
5977,1034113,1100
5978,1034113,5610
5979,1034113,2040
5980,1034113,2510
5981,1034113,5230
5982,1000000,28320
5983,1034113,3780
5984,1034113,12620
5985,1034113,4420
5986,1034113,1000
5987,1034113,12820
5988,1000000,93020
5989,1034113,4410
5990,1000000,23140
5991,1034113,13460
5992,1034113,2590
5993,1034113,3370
5994,1034113,3100
5995,1034113,11320
5996,1000000,61940
5997,1034113,6280
5998,1034113,6060
5999,1034113,3690
6000,1034113,1000
6001,1034113,5660
6002,1034113,9860
6003,1034113,4210
6004,1000000,34780
6005,1000000,35030
6006,1034113,14980
6007,1000000,49790
6008,1034113,2380
6009,1000000,18190
6010,1000000,17060
6011,1034113,1330
6012,1034113,4570
6013,1034113,1070
6014,1034113,1030
6015,1034113,1000
6016,1034113,5100
6017,1034113,2760
6018,1034113,7530
6019,1000000,23380
6020,1034113,5240
6021,1034113,1930
6022,1034113,5030
6023,1034113,3930
6024,1000000,100170
6025,1034113,5130
6026,1034113,2100
6027,1034113,2840
6028,1034113,1000
6029,1034113,1000
6030,1034113,4950
6031,1034113,1770
6032,1034113,5060
6033,1034113,8920
6034,1034113,4740
6035,1034113,1180
6036,1034113,1040
6037,1034113,1000
6038,1034113,5500
6039,1034113,1010
6040,1034113,11510
6041,1034113,3850
6042,1034113,1000
6043,1000000,24280
6044,1000000,16440
6045,1000000,17170
6046,1034113,6050
6047,1034113,7660
6048,1034113,7600
6049,1034113,3940
6050,1034113,4570
6051,1034113,4290
6052,1000000,42710
6053,1000000,20420
6054,1034113,7430
6055,1000000,160000
6056,1034113,5030
6057,1034113,7360
6058,1034113,1720
6059,1034113,2090
6060,1034113,1800
6061,1034113,13870
6062,1034113,5880
6063,1000000,33620
6064,1034113,1300
6065,1034113,6040
6066,1034113,12250
6067,1034113,1330
6068,1034113,13180
6069,1034113,9260
6070,1034113,4340
6071,1034113,2880
6072,1034113,4650
6073,1034113,14940
6074,1034113,4760
6075,1034113,3160
6076,1034113,10050
6077,1034113,4420
6078,1000000,28420
6079,1000000,30040
6080,1000000,38950
6081,1000000,19470
6082,1034113,2560
6083,1000000,37310
6084,1034113,3900
6085,1034113,1000
6086,1034113,3020
6087,1034113,9160
6088,1034113,1440
6089,1034113,10410
6090,1034113,5020
6091,1034113,11890
6092,1000000,24410
6093,1034113,2360
6094,1034113,8940
6095,1000000,27700
6096,1034113,4890
6097,1034113,7280
6098,1034113,1000
6099,1034113,2590
6100,1000000,48330
6101,1034113,1070
6102,1034113,6520
6103,1034113,3890
6104,1034113,1000
6105,1034113,1520
6106,1034113,7000
6107,1034113,3840
6108,1034113,6430
6109,1034113,2640
6110,1034113,4420
6111,1034113,5460
6112,1034113,1000
6113,1034113,1000
6114,1034113,2720
6115,1000000,54540
6116,1034113,9550
6117,1000000,51810
6118,1034113,1030
6119,1034113,2020
6120,1034113,1000
6121,1034113,5240
6122,1034113,6480
6123,1000000,20260
6124,1034113,1000
6125,1000000,100950
6126,1000000,36870
6127,1034113,8180
6128,1000000,37160
6129,1000000,77020
6130,1034113,13060
6131,1034113,5400
6132,1034113,1000
6133,1000000,17330
6134,1000000,15250
6135,1034113,11700
6136,1034113,2320
6137,1034113,1000
6138,1000000,57240
6139,1034113,9680
6140,1034113,7170
6141,1034113,2970
6142,1000000,26240
6143,1034113,2880
6144,1034113,6690
6145,1034113,1000
6146,1000000,15320
6147,1034113,10370
6148,1000000,78390
6149,1034113,1730
6150,1034113,3310
6151,1034113,2540
6152,1000000,33970
6153,1034113,3510
6154,1034113,1000
6155,1034113,13950
6156,1034113,7720
6157,1034113,4770
6158,1034113,1000
6159,1034113,1920
6160,1034113,3680
6161,1000000,20060
6162,1034113,11470
6163,1000000,46480
6164,1034113,1000
6165,1034113,6850
6166,1034113,5960
6167,1034113,3850
6168,1034113,14620
6169,1034113,2560
6170,1034113,2710
6171,1034113,5910
6172,1034113,1420
6173,1034113,8790
6174,1000000,21420
6175,1034113,14140
6176,1000000,15220
6177,1000000,69400
6178,1034113,1910
6179,1034113,6380
6180,1034113,7220
6181,1000000,68710
6182,1034113,6420
6183,1034113,9830
6184,1034113,1030
6185,1034113,1000
6186,1034113,1770
6187,1034113,1000
6188,1034113,1950
6189,1034113,3500
6190,1034113,3010
6191,1034113,1000
6192,1034113,1860
6193,1034113,5440
6194,1000000,15650
6195,1034113,7000
6196,1034113,3960
6197,1034113,1000
6198,1034113,1130
6199,1034113,3870
6200,1034113,1260
6201,1034113,1000
6202,1000000,24730
6203,1034113,10040
6204,1034113,1770
6205,1034113,2200
6206,1000000,27710
6207,1034113,1570
6208,1034113,3810
6209,1034113,1000
6210,1000000,45670
6211,1000000,15440
6212,1000000,56300
6213,1034113,6190
6214,1034113,6920
6215,1034113,2280
6216,1034113,3310
6217,1000000,32170
6218,1034113,4110
6219,1000000,23190
6220,1034113,1000
6221,1034113,3120
6222,1034113,1000
6223,1034113,5400
6224,1000000,30170
6225,1034113,2080
6226,1034113,6890
6227,1034113,5200
6228,1034113,1000
6229,1034113,1930
6230,1000000,42280
6231,1034113,6130
6232,1034113,4250
6233,1000000,38240
6234,1000000,18940
6235,1034113,4780
6236,1034113,9590
6237,1000000,31090
6238,1000000,22160
6239,1034113,8630
6240,1034113,5520
6241,1034113,1000
6242,1034113,3830
6243,1034113,5880
6244,1000000,24310
6245,1034113,9440
6246,1034113,9400
6247,1034113,14480
6248,1034113,6580
6249,1034113,2360
6250,1034113,2230
6251,1034113,5050
6252,1034113,6680
6253,1000000,17220
6254,1000000,41400
6255,1000000,30720
6256,1034113,5260
6257,1034113,1000
6258,1034113,4240
6259,1000000,28900
6260,1034113,4970
6261,1034113,2270
6262,1000000,32730
6263,1034113,11460
6264,1034113,1000
6265,1000000,15350
6266,1034113,6030
6267,1000000,46970
6268,1034113,5930
6269,1034113,5280
6270,1034113,6940
6271,1034113,3890
6272,1034113,9020
6273,1000000,17820
6274,1034113,6100
6275,1000000,24510
6276,1034113,4520
6277,1000000,34150
6278,1000000,22130
6279,1000000,33160
6280,1034113,1770
6281,1034113,4400
6282,1034113,4550
6283,1000000,29920
6284,1000000,33640
6285,1034113,1000
6286,1034113,2850
6287,1000000,19890
6288,1034113,8290
6289,1034113,1000
6290,1034113,1000
6291,1034113,2290
6292,1000000,43230
6293,1000000,17390
6294,1034113,2190
6295,1000000,36850
6296,1034113,1570
6297,1034113,1000
6298,1000000,21180
6299,1034113,1670
6300,1034113,10920
6301,1034113,1000
6302,1000000,54840
6303,1000000,44480
6304,1000000,28650
6305,1000000,29240
6306,1034113,1000
6307,1000000,128660
6308,1034113,7180
6309,1034113,7060
6310,1034113,7930
6311,1000000,19110
6312,1034113,6590
6313,1034113,5380
6314,1034113,4190
6315,1000000,91300
6316,1000000,169220
6317,1000000,25220
6318,1000000,70370
6319,1034113,8180
6320,1034113,1420
6321,1034113,1000
6322,1034113,9260
6323,1034113,4890
6324,1034113,5220
6325,1034113,5500
6326,1034113,11780
6327,1034113,1000
6328,1034113,4210
6329,1034113,8820
6330,1034113,1220
6331,1034113,1000
6332,1034113,3820
6333,1034113,1420
6334,1034113,4080
6335,1034113,1000
6336,1034113,2130
6337,1000000,30620
6338,1000000,18530
6339,1034113,1000
6340,1034113,5410
6341,1034113,1000
6342,1034113,1700
6343,1034113,11160
6344,1034113,10800
6345,1034113,9860
6346,1000000,18600
6347,1034113,1280
6348,1000000,20090
6349,1000000,15060
6350,1034113,1000
6351,1000000,23130
6352,1000000,18020
6353,1000000,15140
6354,1000000,48970
6355,1034113,1920
6356,1000000,27300
6357,1034113,4850
6358,1000000,17590
6359,1034113,1000
6360,1034113,11610
6361,1034113,1000
6362,1034113,4590
6363,1000000,36210
6364,1034113,1660
6365,1034113,4600
6366,1034113,5720
6367,1034113,4260
6368,1034113,4200
6369,1000000,42460
6370,1034113,1000
6371,1034113,9670
6372,1034113,5780
6373,1034113,10120
6374,1034113,1000
6375,1034113,6620
6376,1034113,3930
6377,1000000,29980
6378,1034113,9050
6379,1034113,13600
6380,1034113,9340
6381,1034113,12580
6382,1034113,1950
6383,1000000,112960
6384,1000000,20530
6385,1000000,21230
6386,1034113,9040
6387,1000000,32560
6388,1000000,56260
6389,1034113,3170
6390,1000000,107930
6391,1034113,3130
6392,1034113,4670
6393,1000000,28600
6394,1034113,4940
6395,1034113,1000
6396,1034113,1000
6397,1000000,28710
6398,1034113,5130
6399,1034113,1000
6400,1034113,2860
6401,1034113,3250
6402,1034113,4980
6403,1034113,3410
6404,1034113,5890
6405,1000000,157870
6406,1000000,23580
6407,1034113,12840
6408,1034113,12550
6409,1000000,32910
6410,1000000,71860
6411,1000000,43890
6412,1034113,2150
6413,1034113,12570
6414,1034113,5930
6415,1000000,64010
6416,1034113,1000
6417,1034113,5070
6418,1000000,23390
6419,1034113,8070
6420,1034113,9980
6421,1034113,5260
6422,1000000,90380
6423,1034113,3590
6424,1000000,33120
6425,1000000,28100
6426,1034113,1000
6427,1034113,1140
6428,1034113,6400
6429,1000000,56900
6430,1034113,7180
6431,1000000,20210
6432,1034113,2770
6433,1000000,24230
6434,1034113,3020
6435,1000000,28130
6436,1034113,5270
6437,1034113,6790
6438,1034113,4820
6439,1000000,17540
6440,1034113,1000
6441,1000000,19570
6442,1034113,12800
6443,1034113,5380
6444,1000000,16160
6445,1034113,1000
6446,1034113,6760
6447,1034113,1000
6448,1000000,24020
6449,1034113,6610
6450,1000000,63780
6451,1034113,1000
6452,1034113,1000
6453,1034113,10810
6454,1034113,2020
6455,1034113,9190
6456,1034113,4320
6457,1034113,1950
6458,1034113,1000
6459,1034113,2820
6460,1034113,5920
6461,1034113,1000
6462,1000000,237440
6463,1000000,75540
6464,1034113,4890
6465,1034113,5550
6466,1034113,6830
6467,1000000,61410
6468,1034113,2860
6469,1000000,128150
6470,1000000,30580
6471,1000000,45650
6472,1034113,2260
6473,1034113,10840
6474,1034113,9450
6475,1000000,46420
6476,1034113,3180
6477,1034113,2270
6478,1034113,8580
6479,1034113,2050
6480,1000000,24080
6481,1034113,1000
6482,1034113,5890
6483,1034113,14750
6484,1000000,37420
6485,1034113,5670
6486,1034113,5940
6487,1034113,12110
6488,1034113,2340
6489,1034113,8170
6490,1034113,1000
6491,1034113,1850
6492,1034113,1180
6493,1034113,1000
6494,1034113,12460
6495,1034113,1000
6496,1000000,21980
6497,1034113,5310
6498,1034113,1000
6499,1034113,1870
6500,1034113,4160
6501,1034113,5890
6502,1034113,1760
6503,1034113,7530
6504,1000000,45550
6505,1034113,10420
6506,1000000,15590
6507,1034113,4290
6508,1034113,1650
6509,1034113,7510
6510,1034113,6350
6511,1034113,1000
6512,1000000,17730
6513,1000000,34610
6514,1034113,14810
6515,1034113,2600
6516,1034113,2460
6517,1000000,38180
6518,1000000,16510
6519,1034113,12400
6520,1034113,1000
6521,1034113,2440
6522,1034113,1000
6523,1000000,47520
6524,1034113,9500
6525,1000000,34880
6526,1034113,9190
6527,1000000,20230
6528,1034113,2510
6529,1034113,6250
6530,1000000,70770
6531,1034113,1000
6532,1034113,1000
6533,1034113,8730
6534,1034113,7000
6535,1034113,1000
6536,1034113,8430
6537,1034113,2260
6538,1000000,24000
6539,1000000,23160
6540,1034113,11450
6541,1034113,1850
6542,1034113,8030
6543,1034113,8930
6544,1000000,27170
6545,1034113,10090
6546,1034113,2780
6547,1000000,22880
6548,1000000,17130
6549,1034113,9500
6550,1034113,9300
6551,1034113,2710
6552,1034113,1000
6553,1034113,14970
6554,1034113,7820
6555,1034113,1400
6556,1034113,13050
6557,1000000,33250
6558,1034113,14910
6559,1034113,8750
6560,1034113,1380
6561,1034113,14160
6562,1000000,59660
6563,1000000,47140
6564,1000000,15440
6565,1034113,4020
6566,1034113,3960
6567,1034113,4750
6568,1000000,41860
6569,1034113,5470
6570,1000000,31850
6571,1000000,37810
6572,1034113,2850
6573,1034113,4550
6574,1034113,4430
6575,1034113,1450
6576,1034113,1000
6577,1000000,22700
6578,1034113,1850
6579,1034113,14320
6580,1034113,1000
6581,1034113,2670
6582,1000000,29830
6583,1000000,16320
6584,1034113,1000
6585,1034113,4370
6586,1034113,1000
6587,1034113,1000
6588,1000000,293800
6589,1034113,7030
6590,1000000,24460
6591,1000000,19020
6592,1034113,5570
6593,1034113,1630
6594,1034113,2350
6595,1000000,44490
6596,1000000,16250
6597,1034113,2690
6598,1034113,2040
6599,1000000,22840
6600,1034113,11730
6601,1034113,10810
6602,1034113,1950
6603,1000000,40670
6604,1034113,1600
6605,1034113,2280
6606,1034113,1800
6607,1034113,1000
6608,1034113,5490
6609,1034113,1000
6610,1034113,1780
6611,4611,1000000
6612,1034113,1710
6613,1034113,3400
6614,1034113,6700
6615,1000000,72100
6616,1034113,1160
6617,1034113,14450
6618,1034113,1940
6619,1034113,2760
6620,1034113,8540
6621,1034113,3390
6622,1000000,30720
6623,1034113,3380
6624,1000000,29810
6625,1034113,1500
6626,1034113,1000
6627,1000000,17000
6628,1034113,13570
6629,1000000,27440
6630,1034113,1170
6631,1034113,9280
6632,1034113,5440
6633,1034113,8640
6634,1034113,4300
6635,1000000,128890
6636,1034113,2020
6637,1000000,23360
6638,1034113,1000
6639,1034113,13220
6640,1000000,97690
6641,1000000,15460
6642,1000000,18840
6643,1034113,14290
6644,1034113,1920
6645,1034113,1010
6646,1034113,1900
6647,1034113,6530
6648,1034113,2820
6649,1034113,11690
6650,1034113,4090
6651,1034113,1000
6652,1034113,9210
6653,1034113,1000
6654,1034113,6010
6655,1034113,1280
6656,1034113,1000
6657,1034113,7720
6658,1034113,1000
6659,1034113,11200
6660,1034113,2530
6661,1034113,3460
6662,1034113,1340
6663,1000000,51390
6664,1034113,1700
6665,1034113,8140
6666,1034113,1000
6667,1000000,22380
6668,1034113,3400
6669,1034113,1000
6670,1034113,3800
6671,1034113,7800
6672,1034113,2320
6673,1034113,1000
6674,1034113,4660
6675,1034113,2680
6676,1034113,2450
6677,1034113,3130
6678,1000000,21070
6679,1034113,11270
6680,1034113,5940
6681,1034113,4980
6682,1000000,15220
6683,1034113,5560
6684,1034113,9220
6685,1000000,20920
6686,1034113,1000
6687,1000000,30590
6688,1000000,15980
6689,1034113,2440
6690,1034113,10000
6691,1034113,6090
6692,1000000,20470
6693,1034113,10560
6694,1000000,20740
6695,1034113,5050
6696,1034113,11350
6697,1034113,1810
6698,1034113,1000
6699,1000000,50040
6700,1034113,8990
6701,1000000,15930
6702,1034113,8330
6703,1034113,4300
6704,1000000,28850
6705,1000000,71680
6706,1034113,2070
6707,1034113,3310
6708,1000000,16590
6709,1000000,29100
6710,1034113,2870
6711,1034113,10610
6712,1000000,26570
6713,1034113,1250
6714,1034113,5550
6715,1034113,1000
6716,1034113,13450
6717,1000000,51290
6718,1034113,1350
6719,1000000,15420
6720,1000000,31650
6721,1000000,41150
6722,1034113,1120
6723,1034113,8600
6724,1000000,19540
6725,1000000,72920
6726,1034113,2820
6727,1000000,24580
6728,1034113,3860
6729,1034113,8640
6730,1034113,3230
6731,1034113,1840
6732,1000000,15990
6733,1000000,19580
6734,1034113,2610
6735,1034113,3640
6736,1034113,2300
6737,1034113,8180
6738,1034113,3420
6739,1034113,4280
6740,1034113,2410
6741,1034113,11500
6742,1000000,39560
6743,1000000,44300
6744,1034113,2770
6745,1034113,12470
6746,1000000,48310
6747,1034113,1480
6748,1000000,25760
6749,1034113,9530
6750,1034113,1690
6751,1034113,2340
6752,1034113,5430
6753,1034113,12190
6754,1034113,1000
6755,1034113,8450
6756,1034113,7760
6757,1034113,1000
6758,1000000,17190
6759,1034113,2990
6760,1034113,7360
6761,1000000,45910
6762,1034113,9990
6763,1034113,8810
6764,1000000,46310
6765,1034113,5000
6766,1034113,1000
6767,1034113,3100
6768,1000000,44060
6769,1000000,501230
6770,1000000,38560
6771,1034113,1140
6772,1034113,1830
6773,1000000,18700
6774,1034113,1000
6775,1034113,11550
6776,1000000,19510
6777,1000000,27840
6778,1000000,52390
6779,1000000,15500
6780,1034113,2880
6781,1034113,14010
6782,1034113,12500
6783,1000000,24980
6784,1034113,6790
6785,1034113,4250
6786,1000000,15790
6787,1034113,1000
6788,1034113,6260
6789,1000000,19700
6790,1034113,11010
6791,1034113,8960
6792,1034113,9720
6793,1034113,7520
6794,1034113,1000
6795,1034113,7030
6796,1034113,7890
6797,1034113,6880
6798,1034113,9060
6799,1000000,26960
6800,1034113,1000
6801,1034113,2210
6802,1000000,17920
6803,1034113,2690
6804,1034113,4980
6805,1034113,4790
6806,1034113,1000
6807,1034113,8370
6808,1000000,39660
6809,1034113,1000
6810,1034113,9900
6811,1034113,8930
6812,1000000,40740
6813,1034113,2750
6814,1034113,5230
6815,1034113,9940
6816,1034113,3640
6817,1034113,2980
6818,1034113,5940
6819,1034113,12390
6820,1000000,44430
6821,1034113,2130
6822,1034113,2300
6823,1000000,16850
6824,1034113,12070
6825,1000000,27780
6826,1034113,1000
6827,1034113,4420
6828,1034113,4780
6829,1034113,1000
6830,1034113,11830
6831,1034113,12980
6832,1034113,2420
6833,1034113,2550
6834,1000000,16990
6835,1034113,1820
6836,1034113,12980
6837,1000000,18170
6838,1034113,1000
6839,1000000,25400
6840,1034113,8490
6841,1034113,6920
6842,1034113,1000
6843,1034113,3550
6844,1034113,1000
6845,1000000,113900
6846,1034113,2370
6847,1000000,15290
6848,1000000,30890
6849,1000000,17190
6850,1034113,1650
6851,1034113,11910
6852,1034113,1000
6853,1034113,1000
6854,1000000,43250
6855,1034113,1520
6856,1000000,49240
6857,1034113,1320
6858,1034113,4910
6859,1000000,66430
6860,1034113,8380
6861,1034113,1280
6862,1034113,9680
6863,1034113,5160
6864,1000000,17290
6865,1000000,16100
6866,1034113,1700
6867,1034113,1000
6868,1000000,16520
6869,1034113,1000
6870,1034113,1260
6871,1034113,8740
6872,1034113,2640
6873,1034113,1000
6874,1034113,5710
6875,1000000,25940
6876,1000000,25610
6877,1034113,2780
6878,1034113,2470
6879,1034113,1000
6880,1034113,6530
6881,1034113,9430
6882,1034113,1000
6883,1000000,21680
6884,1034113,1330
6885,1034113,2230
6886,1034113,7170
6887,1000000,25840
6888,1034113,2840
6889,1034113,6930
6890,1000000,39720
6891,1034113,6490
6892,1034113,4170
6893,1034113,7510
6894,1000000,47590
6895,1000000,24010
6896,1034113,7590
6897,1034113,2000
6898,1034113,3300
6899,1034113,9320
6900,1034113,2280
6901,1034113,10150
6902,1034113,1000
6903,1034113,12350
6904,1000000,17990
6905,1034113,1000
6906,1034113,1850
6907,1000000,33540
6908,1000000,62020
6909,1000000,28290
6910,1034113,11220
6911,1000000,27510
6912,1000000,28880
6913,1000000,15880
6914,1000000,15880
6915,1034113,10040
6916,1034113,14480
6917,1034113,5740
6918,1000000,20310
6919,1034113,5980
6920,1000000,41810
6921,1000000,60010
6922,1000000,31520
6923,1000000,26740
6924,1000000,20160
6925,1034113,13090
6926,1000000,19510
6927,1034113,8990
6928,1034113,9830
6929,1000000,39770
6930,1034113,13420
6931,1034113,4890
6932,1034113,1100
6933,1000000,50230
6934,1034113,9890
6935,1034113,12850
6936,1034113,1000
6937,1034113,4770
6938,1034113,12040
6939,1034113,1720
6940,1034113,8520
6941,1034113,2410
6942,1034113,12460
6943,1000000,40170
6944,1000000,24340
6945,1000000,22080
6946,1034113,5260
6947,1034113,1000
6948,1034113,10240
6949,1000000,48040
6950,1034113,2370
6951,1034113,1000
6952,1000000,62390
6953,1034113,8510
6954,1034113,4990
6955,1034113,1000
6956,1034113,1000
6957,1034113,3560
6958,1034113,12310
6959,1034113,5490
6960,1000000,16720
6961,1034113,3670
6962,1034113,1000
6963,1000000,143430
6964,1034113,3680
6965,1034113,5120
6966,1034113,12980
6967,1000000,157180
6968,1034113,6200
6969,1034113,1590
6970,1034113,5780
6971,1000000,17580
6972,1034113,2080
6973,1034113,1000
6974,1034113,3340
6975,1000000,45770
6976,1000000,21950
6977,1000000,35660
6978,1034113,14860
6979,4611,1000000
6980,1034113,2240
6981,1000000,15980
6982,1000000,22050
6983,1034113,2580
6984,1034113,1000
6985,1034113,3730
6986,1034113,7140
6987,1034113,2710
6988,1034113,5960
6989,1034113,4390
6990,1000000,22710
6991,1034113,1920
6992,1034113,1500
6993,1034113,1430
6994,1034113,1000
6995,1034113,12790
6996,1000000,41390
6997,1000000,23250
6998,1034113,1000
6999,1034113,9750
7000,1034113,3150
7001,1034113,9160
7002,1034113,6150
7003,1034113,1510
7004,1034113,9810
7005,1034113,1310
7006,1000000,21140
7007,1034113,5250
7008,1000000,20180
7009,1034113,14110
7010,1034113,1000
7011,1034113,10580
7012,1000000,18710
7013,1034113,1760
7014,1034113,4790
7015,1034113,7160
7016,1034113,10480
7017,1000000,30380
7018,1034113,9080
7019,1000000,49850
7020,1000000,118850
7021,1034113,14050
7022,1034113,1000
7023,1034113,7340
7024,1000000,52970
7025,1034113,12200
7026,1034113,1890
7027,1034113,1000
7028,1034113,4830
7029,1034113,5500
7030,1000000,24040
7031,1034113,6690
7032,1034113,14930
7033,1034113,11400
7034,1034113,10890
7035,1034113,6620
7036,1034113,8210
7037,1034113,1480
7038,1000000,17820
7039,1034113,3840
7040,1034113,3800
7041,1034113,1000
7042,1034113,1000
7043,1034113,1000
7044,1034113,4180
7045,1034113,1000
7046,1034113,6830
7047,1034113,2490
7048,1034113,12430
7049,1000000,70960
7050,1034113,9280
7051,1000000,49290
7052,1034113,10950
7053,1034113,3070
7054,1034113,13770
7055,1034113,6190
7056,1034113,1000
7057,1000000,46300
7058,1034113,1000
7059,1034113,5310
7060,1034113,6880
7061,1000000,17890
7062,1034113,1570
7063,1034113,5030
7064,1034113,2760
7065,1000000,21500
7066,1000000,16270
7067,1000000,30730
7068,1034113,14790
7069,1034113,2870
7070,1034113,1570
7071,1034113,11960
7072,1000000,25090
7073,1034113,3660
7074,1034113,5640
7075,1034113,6690
7076,1034113,1000
7077,1034113,5870
7078,1034113,1000
7079,1000000,25210
7080,1000000,15510
7081,1034113,14290
7082,1034113,9150
7083,1000000,25020
7084,1034113,6570
7085,1034113,1360
7086,1034113,7160
7087,1000000,122200
7088,1034113,1000
7089,1034113,11190
7090,1034113,4620
7091,1000000,27060
7092,1000000,26020
7093,1034113,11700
7094,1000000,35030
7095,1034113,1870
7096,1034113,7280
7097,1000000,52540
7098,1034113,7100
7099,1034113,2760
7100,1034113,4750
7101,1000000,27090
7102,1034113,4220
7103,1000000,15470
7104,1034113,1210
7105,1000000,46100
7106,1034113,2150
7107,1034113,2560
7108,1034113,7590
7109,1000000,15620
7110,1000000,15410
7111,1034113,7100
7112,1034113,1000
7113,1000000,20740
7114,1034113,1000
7115,1000000,45260
7116,1034113,5280
7117,1000000,20830
7118,1034113,1660
7119,1034113,1350
7120,1000000,47460
7121,1034113,13040
7122,1034113,7220
7123,1034113,1000
7124,1000000,22860
7125,1034113,1000
7126,1034113,6090
7127,1034113,1000
7128,1000000,57610
7129,1034113,1000
7130,1034113,5560
7131,1000000,20480
7132,1034113,8450
7133,1034113,8960
7134,1000000,32290
7135,1000000,35280
7136,1034113,3680
7137,1000000,34190
7138,1000000,65540
7139,1034113,8930
7140,1000000,19520
7141,1034113,14510
7142,1034113,14030
7143,1000000,17420
7144,1034113,1000
7145,1034113,10740
7146,1034113,1570
7147,1034113,1270
7148,1000000,16040
7149,1000000,71230
7150,1000000,64730
7151,1000000,51270
7152,1034113,1000
7153,1034113,10070
7154,1034113,7320
7155,1034113,7140
7156,1034113,6420
7157,4611,1000000
7158,1000000,22890
7159,1034113,5290
7160,1034113,1320
7161,1034113,1000
7162,1034113,9690
7163,1034113,2080
7164,1034113,1000
7165,1034113,4690
7166,1000000,21470
7167,1034113,1000
7168,1000000,40300
7169,1034113,1940
7170,1034113,13330
7171,1034113,1000
7172,1034113,8030
7173,1034113,7440
7174,1034113,4750
7175,1034113,8140
7176,1034113,4290
7177,1034113,1430
7178,1034113,4940
7179,1034113,1000
7180,1034113,5440
7181,1000000,21770
7182,1034113,1230
7183,1034113,7760
7184,1000000,23930
7185,1034113,5100
7186,1034113,7680
7187,1034113,1000
7188,1000000,26800
7189,1034113,13930
7190,1034113,6350
7191,1034113,13500
7192,1034113,1240
7193,1034113,1440
7194,1000000,15680
7195,1000000,25330
7196,1000000,16910
7197,1000000,58320
7198,1000000,102390
7199,1000000,26170
7200,1034113,1780
7201,1034113,6880
7202,1000000,15350
7203,1034113,1330
7204,1034113,10720
7205,1034113,1000
7206,1034113,10740
7207,1034113,2610
7208,1000000,45740
7209,1034113,1000
7210,1000000,22740
7211,1034113,1590
7212,1034113,12660
7213,1034113,12490
7214,1034113,1000
7215,1034113,14780
7216,1000000,21050
7217,1000000,48380
7218,1034113,6430
7219,1034113,12820
7220,1034113,11650
7221,1034113,3410
7222,1034113,4770
7223,1034113,1130
7224,1034113,10120
7225,1034113,11060
7226,1034113,5310
7227,1034113,2140
7228,1000000,15360
7229,1034113,4740
7230,1034113,6370
7231,1034113,5240
7232,1000000,36640
7233,1034113,3540
7234,1034113,13730
7235,1034113,5210
7236,1034113,8190
7237,1034113,3890
7238,1034113,1000
7239,1034113,1000
7240,1034113,2690
7241,1034113,6290
7242,1034113,1190
7243,1000000,54870
7244,1000000,73360
7245,1034113,1810
7246,1034113,12820
7247,1034113,8990
7248,1034113,1000
7249,1034113,11340
7250,1000000,23380
7251,1034113,13720
7252,1000000,18580
7253,1000000,16630
7254,1000000,26650
7255,1034113,2690
7256,1034113,3640
7257,1000000,53620
7258,1034113,1680
7259,1000000,33600
7260,1000000,15880
7261,1034113,3690
7262,1034113,1000
7263,1000000,29590
7264,1034113,4670
7265,1034113,1830
7266,1000000,15100
7267,1034113,4870
7268,1000000,16910
7269,1034113,2470
7270,1000000,16350
7271,1000000,18580
7272,1034113,4170
7273,1034113,4320
7274,1000000,17940
7275,1000000,21440
7276,1000000,43160
7277,1034113,4000
7278,1034113,5760
7279,1034113,1620
7280,1000000,40510
7281,1034113,8240
7282,1034113,10460
7283,1034113,11750
7284,1034113,4580
7285,1034113,5510
7286,1034113,1260
7287,1034113,5360
7288,1034113,2100
7289,1034113,5980
7290,1034113,4230
7291,1000000,26020
7292,1034113,14470
7293,1034113,1000
7294,1034113,12180
7295,1034113,2860
7296,1000000,15580
7297,1034113,3780
7298,1000000,91690
7299,1034113,1000
7300,1034113,4560
7301,1000000,83560
7302,1034113,5790
7303,1034113,5880
7304,1034113,5180
7305,1034113,1000
7306,1034113,5640
7307,1034113,2180
7308,1034113,8340
7309,1034113,1000
7310,1000000,46790
7311,1000000,27040
7312,1034113,1000
7313,1000000,63940
7314,1000000,18950
7315,1034113,6090
7316,1000000,28320
7317,1000000,20810
7318,1034113,5380
7319,1034113,8970
7320,1034113,8630
7321,1034113,1930
7322,1034113,3330
7323,1034113,4160
7324,1034113,1000
7325,1000000,21060
7326,1000000,75820
7327,1034113,1360
7328,1034113,9730
7329,1034113,3770
7330,1000000,26480
7331,1034113,2240
7332,1000000,43990
7333,1000000,100650
7334,1034113,6520
7335,1034113,4600
7336,1034113,6100
7337,1034113,8600
7338,1034113,1000
7339,1000000,27790
7340,1000000,71550
7341,1034113,1000
7342,1034113,11930
7343,1034113,5470
7344,1000000,75080
7345,1034113,4090
7346,1034113,1000
7347,1034113,3080
7348,1000000,36350
7349,1034113,2890
7350,1000000,49820
7351,1034113,13510
7352,1000000,16700
7353,1034113,11140
7354,1000000,36610
7355,1034113,3530
7356,1034113,3420
7357,1034113,12790
7358,1000000,22620
7359,1034113,1000
7360,1034113,2270
7361,1034113,14850
7362,1034113,2880
7363,1000000,36820
7364,1034113,1000
7365,1034113,1350
7366,1034113,1000
7367,1000000,75260
7368,1034113,1000
7369,1034113,7450
7370,1034113,1000
7371,1034113,1070
7372,1000000,62330
7373,1034113,4060
7374,1034113,3410
7375,1034113,9440
7376,1034113,11970
7377,1034113,5800
7378,1034113,1100
7379,1000000,25510
7380,1034113,2080
7381,1000000,25580
7382,1034113,4400
7383,1000000,30100
7384,1034113,3550
7385,1034113,1160
7386,1034113,2980
7387,1034113,6580
7388,1000000,31600
7389,1034113,11030
7390,1034113,1440
7391,1034113,1210
7392,1000000,19930
7393,1000000,21230
7394,1034113,1000
7395,1034113,2130
7396,1000000,78340
7397,1000000,21200
7398,1000000,21600
7399,1034113,1000
7400,1034113,11250
7401,1000000,17430
7402,1000000,21710
7403,1000000,123680
7404,1000000,43090
7405,1034113,14220
7406,1000000,17870
7407,1034113,12650
7408,1000000,23410
7409,1034113,1000
7410,1000000,28770
7411,1034113,1070
7412,1034113,2630
7413,1034113,1160
7414,1034113,1890
7415,1034113,4220
7416,1000000,16670
7417,1034113,6180
7418,1000000,71740
7419,1000000,25210
7420,1034113,1210
7421,1034113,2410
7422,1034113,1000
7423,1000000,43340
7424,1000000,24080
7425,1034113,7850
7426,1034113,10730
7427,1034113,12520
7428,1000000,34660
7429,1034113,1990
7430,1034113,5560
7431,1034113,7280
7432,1034113,5620
7433,1034113,1000
7434,1034113,1000
7435,1000000,52760
7436,1034113,3420
7437,1000000,46300
7438,1034113,13950
7439,1000000,24000
7440,1034113,1000
7441,1034113,4940
7442,1034113,3000
7443,1034113,1000
7444,1000000,31830
7445,1000000,106400
7446,1000000,20690
7447,1000000,59770
7448,1034113,4450
7449,1000000,31840
7450,1000000,27720
7451,1000000,55020
7452,1034113,8600
7453,1000000,17180
7454,1000000,28950
7455,1000000,20760
7456,1034113,1480
7457,1034113,12650
7458,1034113,12380
7459,1000000,173320
7460,1034113,5970
7461,1034113,1040
7462,1034113,2660
7463,1034113,1440
7464,1034113,3540
7465,1034113,1520
7466,1034113,3510
7467,1000000,29620
7468,1034113,1290
7469,1034113,11990
7470,1034113,7070
7471,1000000,22270
7472,1034113,6860
7473,1000000,41880
7474,1000000,67210
7475,1034113,2670
7476,1034113,1740
7477,1000000,49060
7478,1034113,3710
7479,1034113,1440
7480,1034113,5010
7481,1000000,65280
7482,1034113,1000
7483,1034113,1000
7484,1034113,12470
7485,1034113,8570
7486,1034113,1540
7487,1000000,119430
7488,1034113,10150
7489,1034113,1000
7490,1000000,42950
7491,1000000,15680
7492,1034113,1200
7493,1034113,1030
7494,1034113,4510
7495,1034113,5160
7496,1000000,29920
7497,1034113,8120
7498,1034113,4390
7499,1000000,59190
7500,1034113,2980
7501,1034113,1000
7502,1034113,1140
7503,1034113,1000
7504,1034113,1260
7505,1034113,2000
7506,1034113,2270
7507,1034113,1440
7508,1034113,1120
7509,1034113,9730
7510,1000000,122670
7511,1034113,1000
7512,1034113,2940
7513,1000000,27880
7514,1034113,2550
7515,1034113,8050
7516,1034113,8040
7517,1034113,14210
7518,1000000,25090
7519,1000000,45950
7520,1000000,25970
7521,1000000,21000
7522,1034113,6150
7523,1034113,7570
7524,1000000,16490
7525,1000000,18020
7526,1034113,14070
7527,1034113,1000
7528,1034113,1000
7529,1034113,8080
7530,1034113,4110
7531,1034113,11010
7532,1034113,1000
7533,1034113,12330
7534,1034113,1000
7535,1034113,3980
7536,1034113,4470
7537,1000000,17400
7538,1034113,1890
7539,1000000,32250
7540,1000000,49560
7541,1034113,14300
7542,1034113,1000
7543,1034113,2920
7544,1034113,9840
7545,1034113,1590
7546,1034113,5090
7547,1034113,2370
7548,1034113,1970
7549,1034113,1990
7550,1034113,1000
7551,1034113,5940
7552,1034113,5050
7553,1000000,26260
7554,1000000,31840
7555,1034113,2300
7556,1000000,28640
7557,1034113,2320
7558,1000000,35130
7559,1034113,1840
7560,1034113,7260
7561,1034113,5790
7562,1034113,1000
7563,1034113,7180
7564,1034113,14010
7565,1034113,3190
7566,1034113,1580
7567,1034113,2150
7568,1034113,1000
7569,1034113,8170
7570,1000000,16680
7571,1034113,1000
7572,1034113,9220
7573,1034113,1720
7574,1034113,4830
7575,1034113,1410
7576,1000000,17760
7577,1034113,6970
7578,1034113,1000
7579,1000000,110470
7580,1034113,1040
7581,1034113,4310
7582,1034113,1000
7583,1034113,8030
7584,1034113,1590
7585,1034113,1620
7586,1034113,1000
7587,1034113,10790
7588,1034113,1000
7589,1034113,3840
7590,1034113,2460
7591,1000000,17340
7592,1034113,1000
7593,1034113,1000
7594,1034113,4700
7595,1034113,4590
7596,1034113,3200
7597,1034113,1000
7598,1034113,1000
7599,1034113,3300
7600,1034113,1000
7601,1034113,6430
7602,1034113,1000
7603,1034113,4470
7604,1000000,35860
7605,1000000,26280
7606,1034113,2220
7607,1000000,21510
7608,1000000,33790
7609,1034113,1000
7610,1034113,5440
7611,1000000,100990
7612,1034113,6200
7613,1034113,14320
7614,1000000,15040
7615,1034113,4790
7616,1034113,7800
7617,1034113,8320
7618,1034113,3060
7619,1034113,1050
7620,1000000,15360
7621,1000000,23000
7622,1034113,1300
7623,1000000,16820
7624,1034113,14530
7625,1034113,1230
7626,1034113,2520
7627,1034113,1000
7628,1000000,64420
7629,1000000,33600
7630,1000000,37660
7631,1034113,1000
7632,1000000,55820
7633,1034113,10750
7634,1000000,215530
7635,1034113,1800
7636,1034113,1060
7637,1034113,3180
7638,1034113,4250
7639,1034113,5240
7640,1034113,2980
7641,1000000,94410
7642,1034113,4350
7643,1034113,1000
7644,1000000,33340
7645,1034113,1290
7646,1034113,1000
7647,1034113,12410
7648,1034113,4550
7649,1034113,1000
7650,1034113,1460
7651,1034113,1000
7652,1000000,17560
7653,1000000,67680
7654,1034113,1400
7655,1000000,45740
7656,1034113,7110
7657,1034113,4010
7658,1034113,1460
7659,1034113,1000
7660,1000000,22760
7661,1034113,6720
7662,1034113,14760
7663,1034113,1000
7664,1034113,9320
7665,1034113,9690
7666,1000000,16930
7667,1000000,39760
7668,1000000,41470
7669,1034113,1000
7670,1034113,1000
7671,1000000,70830
7672,1034113,1000
7673,1000000,16270
7674,1000000,24000
7675,1034113,2540
7676,1034113,12090
7677,1034113,14330
7678,1034113,4030
7679,1034113,1050
7680,1034113,9780
7681,1034113,1160
7682,1034113,1060
7683,1034113,1000
7684,1034113,5240
7685,1034113,1570
7686,1000000,115710
7687,1034113,1000
7688,1034113,4620
7689,1034113,1450
7690,1034113,1000
7691,1034113,1380
7692,1000000,27910
7693,1034113,9970
7694,1034113,3150
7695,1034113,1610
7696,1000000,20460
7697,1034113,1000
7698,1000000,27750
7699,1034113,1330
7700,1034113,7420
7701,1034113,1000
7702,1000000,83880
7703,1034113,1000
7704,1034113,2710
7705,1000000,96470
7706,1034113,1950
7707,1000000,18740
7708,1034113,8950
7709,1034113,4190
7710,1034113,6280
7711,1000000,29640
7712,1034113,1000
7713,1034113,9530
7714,1034113,5300
7715,1034113,8270
7716,1000000,38650
7717,1034113,1000
7718,1034113,3440
7719,1034113,6550
7720,1034113,3970
7721,1034113,5320
7722,1034113,11790
7723,1000000,20960
7724,1000000,34690
7725,1034113,11730
7726,1034113,6390
7727,1000000,19260
7728,1034113,14160
7729,1034113,1000
7730,1000000,15000
7731,1034113,9580
7732,1000000,16780
7733,1034113,1410
7734,1034113,7620
7735,1000000,26740
7736,1034113,10570
7737,1034113,14810
7738,1034113,1000
7739,1034113,1000
7740,1034113,6160
7741,1034113,11400
7742,1034113,5870
7743,1034113,6300
7744,1034113,13730
7745,1034113,1170
7746,1034113,5080
7747,1000000,18980
7748,1034113,1000
7749,1000000,33570
7750,1034113,7160
7751,1034113,2000
7752,1034113,7200
7753,1000000,44780
7754,1034113,3550
7755,1034113,1000
7756,1034113,1720
7757,1000000,28020
7758,1034113,1000
7759,1034113,7890
7760,1000000,16800
7761,1034113,1000
7762,1000000,20130
7763,1000000,59310
7764,1000000,18810
7765,1034113,7700
7766,1034113,6300
7767,1034113,6120
7768,1034113,11680
7769,1034113,4490
7770,1000000,121210
7771,1000000,23520
7772,1034113,7100
7773,1000000,27930
7774,1034113,1000
7775,1034113,5570
7776,1000000,17840
7777,1034113,5160
7778,1034113,11580
7779,1034113,1000
7780,1000000,55690
7781,1034113,1000
7782,1000000,56360
7783,1000000,26050
7784,1034113,6430
7785,1034113,2780
7786,1034113,9850
7787,1034113,3320
7788,1000000,38020
7789,1034113,1360
7790,1034113,3640
7791,1034113,1000
7792,1000000,17090
7793,1034113,1000
7794,1000000,34190
7795,1000000,16900
7796,1034113,9830
7797,1034113,13880
7798,1034113,10170
7799,1034113,12720
7800,1000000,99310
7801,1034113,3630
7802,1034113,5660
7803,1034113,10830
7804,1034113,2350
7805,1034113,8280
7806,1034113,1800
7807,1034113,5180
7808,1034113,1000
7809,1034113,10170
7810,1034113,13710
7811,1034113,1460
7812,1000000,80590
7813,1034113,3000
7814,1034113,4900
7815,1034113,1000
7816,1000000,15620
7817,1034113,3170
7818,1000000,16170
7819,1000000,18620
7820,1034113,1000
7821,1000000,16420
7822,1000000,78510
7823,1000000,30680
7824,1034113,5000
7825,1000000,31280
7826,1000000,92300
7827,1000000,74830
7828,1034113,1000
7829,1000000,62380
7830,1000000,22080
7831,1034113,3040
7832,1034113,7830
7833,1000000,31870
7834,1034113,1000
7835,1000000,22110
7836,1034113,2400
7837,1034113,1930
7838,1034113,13850
7839,1034113,2170
7840,1034113,4690
7841,1034113,7260
7842,1000000,34240
7843,1000000,75860
7844,1034113,1000
7845,1034113,2870
7846,1034113,1240
7847,1000000,27950
7848,1034113,2160
7849,1034113,2000
7850,1000000,60960
7851,1000000,21530
7852,1034113,8060
7853,1034113,2540
7854,1034113,1000
7855,1000000,17060
7856,1034113,1700
7857,1000000,37060
7858,1034113,6850
7859,1034113,4430
7860,1034113,3590
7861,1000000,23860
7862,1000000,31430
7863,1034113,11110
7864,1034113,3400
7865,1034113,6830
7866,1034113,1380
7867,1034113,3710
7868,1034113,4870
7869,1034113,1000
7870,1034113,5230
7871,1034113,9780
7872,1034113,1000
7873,1034113,4050
7874,1034113,1000
7875,1034113,13840
7876,1034113,4150
7877,1034113,3510
7878,1000000,21280
7879,1034113,1000
7880,1034113,1150
7881,1034113,3990
7882,1000000,17850
7883,1034113,1000
7884,1034113,1860
7885,1034113,1000
7886,1034113,3090
7887,1000000,58610
7888,1034113,11180
7889,1034113,1900
7890,1034113,6330
7891,1034113,5520
7892,1000000,36740
7893,1034113,1000
7894,1000000,58530
7895,1000000,67270
7896,1034113,1000
7897,1034113,4540
7898,1034113,2280
7899,1034113,1000
7900,1034113,9410
7901,1034113,2170
7902,1034113,1000
7903,1034113,3200
7904,1034113,2060
7905,1034113,1280
7906,1034113,1000
7907,1034113,1000
7908,1034113,7010
7909,1000000,31090
7910,1000000,42440
7911,1034113,12160
7912,1034113,13550
7913,1034113,6310
7914,1034113,5350
7915,1000000,53880
7916,1034113,1000
7917,1034113,8310
7918,1034113,2590
7919,1000000,34320
7920,1034113,1000
7921,1034113,1000
7922,1034113,6050
7923,1000000,31800
7924,1000000,25660
7925,1034113,3790
7926,1034113,11750
7927,1000000,17650
7928,1034113,7830
7929,1000000,19300
7930,1034113,10700
7931,1034113,1740
7932,1000000,18870
7933,1000000,140030
7934,1034113,1710
7935,1000000,15280
7936,1034113,1000
7937,1000000,43540
7938,1034113,1670
7939,1034113,1000
7940,1034113,1000
7941,1000000,32580
7942,1034113,1000
7943,1034113,12580
7944,1000000,45450
7945,1034113,5940
7946,1034113,11210
7947,1034113,1220
7948,1034113,3530
7949,1034113,6820
7950,1034113,1000
7951,1034113,1000
7952,1034113,3500
7953,1034113,2550
7954,1000000,28690
7955,1000000,22490
7956,1034113,1000
7957,1034113,9220
7958,1000000,26110
7959,1034113,4720
7960,1000000,31000
7961,1034113,13240
7962,1000000,26160
7963,1000000,19600
7964,1000000,18190
7965,1034113,8420
7966,1000000,127790
7967,1034113,13220
7968,1034113,3650
7969,1000000,20650
7970,1000000,65330
7971,1034113,10160
7972,1034113,7820
7973,1034113,2540
7974,1034113,1000
7975,1000000,23170
7976,1034113,3370
7977,1000000,27110
7978,1034113,14990
7979,1034113,1550
7980,1034113,1000
7981,1034113,7850
7982,1034113,9810
7983,1034113,6760
7984,1034113,8740
7985,1034113,2080
7986,1034113,11820
7987,1034113,11320
7988,1000000,34960
7989,1034113,1000
7990,1034113,10150
7991,1034113,2630
7992,1034113,1110
7993,1000000,26200
7994,1034113,1000
7995,1034113,11560
7996,1034113,5420
7997,1000000,69690
7998,1034113,7700
7999,1034113,3720
8000,1034113,2030
8001,1000000,39890
8002,1034113,8700
8003,1034113,1380
8004,1034113,12490
8005,1034113,5030
8006,1034113,1000
8007,1000000,16070
8008,1034113,5170
8009,1034113,10010
8010,1000000,82800
8011,1034113,1000
8012,1034113,8160
8013,1034113,1670
8014,1034113,5960
8015,1034113,2630
8016,1034113,1000
8017,1000000,74020
8018,1000000,83920
8019,1034113,2050
8020,1034113,6080
8021,1034113,1610
8022,1034113,1000
8023,1034113,1690
8024,1034113,6080
8025,1000000,81630
8026,1000000,41120
8027,1000000,21010
8028,1034113,1000
8029,1034113,6140
8030,1034113,1640
8031,1034113,1940
8032,1034113,6020
8033,1034113,8190
8034,1034113,6920
8035,1034113,11850
8036,1034113,6580
8037,1034113,1470
8038,1034113,2450
8039,1034113,1000
8040,1000000,17500
8041,1034113,2510
8042,1034113,1920
8043,1000000,34190
8044,1034113,3480
8045,1000000,26760
8046,1000000,19820
8047,1000000,24010
8048,1034113,1000
8049,1034113,13060
8050,1000000,19230
8051,1034113,1000
8052,1034113,8080
8053,1034113,3080
8054,1034113,4530
8055,1034113,3130
8056,1034113,1000
8057,1034113,11070
8058,1034113,1500
8059,1034113,2210
8060,1034113,6180
8061,1000000,62830
8062,1000000,81190
8063,1000000,23260
8064,1000000,68550
8065,1034113,4170
8066,1034113,1000
8067,1034113,10940
8068,1034113,7250
8069,1034113,1150
8070,1034113,5560
8071,1034113,3260
8072,1034113,1740
8073,1000000,16990
8074,1034113,1000
8075,1034113,5030
8076,1034113,1000
8077,1034113,10660
8078,1000000,34320
8079,1034113,1000
8080,1034113,5020
8081,1034113,7290
8082,1000000,17230
8083,1034113,1100
8084,1034113,1000
8085,1034113,1210
8086,1034113,4090
8087,1034113,14240
8088,1034113,6800
8089,1034113,5920
8090,1000000,20840
8091,1034113,1000
8092,1034113,1000
8093,1034113,1700
8094,1034113,1000
8095,1034113,1000
8096,1034113,12020
8097,1034113,9720
8098,1034113,14700
8099,1034113,10010
8100,1034113,5220
8101,1034113,1000
8102,1034113,3650
8103,1034113,9340
8104,1034113,3110
8105,1000000,15380
8106,1034113,6150
8107,1034113,1000
8108,1000000,24220
8109,1034113,14000
8110,1034113,1000
8111,1034113,5880
8112,1000000,20220
8113,1034113,4550
8114,1034113,9830
8115,1000000,101590
8116,1034113,1040
8117,1000000,37220
8118,1034113,1000
8119,1034113,1000
8120,1034113,5380
8121,1000000,36070
8122,1034113,1100
8123,1000000,16460
8124,1034113,2580
8125,4611,1000000
8126,1000000,57100
8127,1000000,31780
8128,1034113,7890
8129,1000000,64250
8130,1034113,6040
8131,1034113,1230
8132,1034113,3060
8133,1034113,1000
8134,1034113,3260
8135,1034113,8280
8136,1034113,6740
8137,1034113,6740
8138,1034113,2290
8139,1034113,7190
8140,1034113,2720
8141,1034113,3070
8142,1034113,2070
8143,1034113,4390
8144,1034113,12870
8145,1034113,1380
8146,1034113,8320
8147,1000000,58280
8148,1034113,11210
8149,1000000,61810
8150,1034113,9430
8151,1034113,1000
8152,1034113,5730
8153,1034113,2130
8154,1034113,8900
8155,1034113,2230
8156,1000000,31420
8157,1034113,6040
8158,1000000,33120
8159,1034113,1000
8160,1034113,8130
8161,1034113,10840
8162,1034113,1440
8163,1034113,8640
8164,1034113,2400
8165,1034113,12630
8166,1034113,5810
8167,1000000,28360
8168,1034113,13810
8169,1034113,10800
8170,1034113,3480
8171,1034113,1680
8172,1000000,50730
8173,1000000,28710
8174,1034113,9880
8175,1034113,1530
8176,1034113,7500
8177,1034113,8080
8178,1034113,1630
8179,1000000,32210
8180,1000000,23620
8181,1034113,2080
8182,1034113,6560
8183,1034113,8390
8184,1034113,2450
8185,1000000,35610
8186,1034113,12200
8187,1034113,4650
8188,1034113,2960
8189,1034113,5670
8190,1034113,1100
8191,1000000,55550
8192,1000000,19270
8193,1000000,16700
8194,1034113,14210
8195,1034113,6400
8196,1034113,4200
8197,1000000,19300
8198,1000000,48520
8199,1034113,8560
8200,1034113,7130
8201,1000000,107350
8202,1034113,1030
8203,1034113,1000
8204,1034113,2980
8205,1000000,24450
8206,1000000,42850
8207,1034113,1000
8208,1034113,13010
8209,1000000,20300
8210,1034113,4980
8211,1034113,1610
8212,1034113,8270
8213,1034113,1130
8214,1000000,82340
8215,1034113,2450
8216,1034113,4630
8217,1034113,1000
8218,1034113,6530
8219,1034113,7170
8220,1000000,81280
8221,1000000,16830
8222,1034113,1000
8223,1034113,12160
8224,1034113,14480
8225,1034113,1630
8226,1034113,10010
8227,1034113,1770
8228,1000000,64670
8229,1034113,9550
8230,1000000,63900
8231,1034113,6520
8232,1034113,1000
8233,1034113,3300
8234,1034113,1700
8235,1000000,33090
8236,1034113,7390
8237,1034113,2810
8238,1034113,1520
8239,1034113,2830
8240,1000000,61560
8241,1034113,10640
8242,1034113,6320
8243,1034113,1690
8244,1034113,8590
8245,1034113,1210
8246,1000000,50730
8247,1034113,1000
8248,1034113,4990
8249,1034113,10340
8250,1034113,2570
8251,1034113,1000
8252,1034113,1000
8253,1034113,1000
8254,1034113,3010
8255,1034113,5050
8256,1034113,2800
8257,1034113,1000
8258,1034113,3220
8259,1000000,74560
8260,1034113,10120
8261,1034113,4870
8262,1034113,1430
8263,1034113,2320
8264,1034113,6190
8265,1034113,12490
8266,1034113,7710
8267,1000000,117220
8268,1000000,32100
8269,1000000,16520
8270,1034113,5480
8271,1034113,4500
8272,1000000,28900
8273,1034113,4440
8274,1034113,2620
8275,1034113,1000
8276,1034113,6080
8277,1034113,7540
8278,1034113,9340
8279,1034113,9740
8280,1000000,22870
8281,1034113,2890
8282,1034113,3590
8283,1000000,47270
8284,1034113,2080
8285,1034113,3570
8286,1034113,1000
8287,1034113,2080
8288,1034113,4460
8289,1034113,5820
8290,1034113,7140
8291,1034113,3380
8292,1000000,21440
8293,1034113,1000
8294,1034113,4810
8295,1034113,1420
8296,1000000,16790
8297,1000000,16280
8298,1034113,13460
8299,1034113,8250
8300,1034113,4040
8301,1034113,14780
8302,1034113,12080
8303,1000000,267300
8304,1000000,29960
8305,1034113,1960
8306,1034113,9520
8307,1034113,4170
8308,1000000,18130
8309,1000000,16170
8310,1034113,1040
8311,1000000,37010
8312,1000000,70040
8313,1034113,13890
8314,1000000,63490
8315,1034113,6290
8316,1034113,3100
8317,1000000,18020
8318,1000000,28110
8319,1034113,7270
8320,1034113,5280
8321,1000000,46650
8322,1000000,26140
8323,1000000,19110
8324,1034113,2880
8325,1000000,15700
8326,1034113,12310
8327,1000000,61340
8328,1000000,30900
8329,1034113,1000
8330,1034113,6550
8331,1000000,23750
8332,1034113,2080
8333,1034113,5480
8334,1034113,1040
8335,1034113,2930
8336,1034113,4870
8337,1034113,1000
8338,1034113,13330
8339,1034113,2060
8340,1034113,14930
8341,1034113,1000
8342,1034113,14340
8343,1000000,42920
8344,1034113,2280
8345,1034113,1000
8346,1034113,3110
8347,1000000,48380
8348,1034113,2780
8349,1000000,60390
8350,1034113,1430
8351,1034113,4310
8352,1034113,12250
8353,1034113,1000
8354,1034113,6800
8355,1034113,2480
8356,1034113,5200
8357,1034113,1000
8358,1034113,2760
8359,1000000,30180
8360,1034113,2510
8361,1034113,5430
8362,1034113,5070
8363,1034113,3710
8364,1034113,4090
8365,1034113,1960
8366,1034113,4960
8367,1000000,17020
8368,1000000,21480
8369,1000000,40100
8370,1000000,37160
8371,1034113,4770
8372,1034113,2400
8373,1034113,3410
8374,1034113,2050
8375,1034113,5350
8376,1034113,2530
8377,1034113,8140
8378,1034113,5510
8379,1000000,30710
8380,1034113,6170
8381,1034113,3310
8382,1000000,42350
8383,1000000,20750
8384,1034113,2210
8385,1000000,63730
8386,1034113,13320
8387,1000000,34020
8388,1034113,6450
8389,1000000,54980
8390,1034113,6950
8391,1034113,6670
8392,1034113,1000
8393,1034113,1000
8394,1034113,1000
8395,1000000,28360
8396,1034113,9250
8397,1034113,2310
8398,1034113,1000
8399,1000000,19160
8400,1034113,3570
8401,1034113,1000
8402,1034113,3420
8403,1000000,27390
8404,1034113,1000
8405,1034113,5380
8406,1034113,2960
8407,1034113,1000
8408,1034113,11710
8409,1034113,1000
8410,1034113,13330
8411,1000000,67030
8412,1034113,1720
8413,1034113,1000
8414,1000000,194150
8415,1034113,1760
8416,1000000,47480
8417,1034113,5390
8418,1034113,2470
8419,1034113,2340
8420,1034113,1000
8421,1034113,1000
8422,1034113,1090
8423,1034113,14110
8424,1000000,69550
8425,1034113,4150
8426,1000000,125030
8427,1000000,18530
8428,1000000,145290
8429,1034113,3140
8430,1034113,4820
8431,1034113,7650
8432,1034113,3680
8433,1000000,123570
8434,1034113,4500
8435,1034113,4050
8436,1034113,12320
8437,1034113,3080
8438,1000000,17670
8439,1034113,10480
8440,4611,1000000
8441,1034113,8010
8442,1034113,9750
8443,1034113,1000
8444,1034113,5690
8445,1000000,55670
8446,1034113,6540
8447,1034113,7130
8448,1034113,7190
8449,1034113,3160
8450,1034113,2460
8451,1034113,6530
8452,1034113,11360
8453,1034113,4990
8454,1034113,1000
8455,1034113,4000
8456,1034113,1000
8457,1000000,15990
8458,1034113,1000
8459,1000000,27690
8460,1000000,24560
8461,1034113,12090
8462,1000000,15450
8463,1000000,24410
8464,1034113,1890
8465,1034113,3520
8466,1034113,1790
8467,1034113,1860
8468,1034113,14710
8469,1034113,2050
8470,1034113,9600
8471,1034113,12420
8472,1034113,1290
8473,1034113,14450
8474,1000000,70290
8475,1000000,36370
8476,1034113,5830
8477,1000000,16290
8478,1034113,1000
8479,1000000,49910
8480,1034113,1990
8481,1034113,11090
8482,1000000,22640
8483,1034113,1000
8484,1034113,3520
8485,1034113,7820
8486,1034113,3220
8487,1034113,6210
8488,1034113,1000
8489,1000000,17970
8490,1034113,1010
8491,1000000,20120
8492,1034113,1000
8493,1034113,4590
8494,1034113,6990
8495,1000000,15780
8496,1034113,1000
8497,1034113,7940
8498,1000000,40680
8499,1034113,1000
8500,1034113,5980
8501,1000000,16550
8502,1034113,1000
8503,1034113,9760
8504,1034113,9020
8505,1000000,27040
8506,1000000,22720
8507,1000000,144600
8508,1000000,310770
8509,1034113,2210
8510,1034113,7950
8511,1034113,1590
8512,1034113,1350
8513,1034113,2180
8514,1000000,44430
8515,1034113,1590
8516,1034113,9210
8517,1000000,18700
8518,1034113,14290
8519,1034113,5270
8520,1000000,18830
8521,1034113,12250
8522,1034113,1420
8523,1000000,15180
8524,1034113,2840
8525,1034113,9440
8526,1034113,5330
8527,1000000,32960
8528,1034113,6150
8529,1034113,3850
8530,1034113,7350
8531,1000000,29870
8532,1034113,1000
8533,1034113,1000
8534,1034113,1520
8535,1034113,1000
8536,1034113,1850
8537,1000000,27730
8538,1034113,11680
8539,1000000,17580
8540,1000000,16700
8541,1034113,6420
8542,1000000,55330
8543,1034113,3400
8544,1034113,8430
8545,1034113,2000
8546,1000000,25750
8547,1034113,1120
8548,1034113,1000
8549,1034113,5660
8550,1034113,1000
8551,1000000,35990
8552,1034113,8650
8553,1034113,10270
8554,1034113,2880
8555,1000000,30940
8556,1000000,55600
8557,1034113,4870
8558,1034113,1000
8559,1000000,35270
8560,1034113,5650
8561,1034113,1000
8562,1034113,1000
8563,1034113,3260
8564,1000000,21460
8565,1034113,2810
8566,1034113,1000
8567,1034113,1000
8568,1034113,2500
8569,1034113,6860
8570,1034113,9550
8571,1000000,34620
8572,1034113,3770
8573,4611,1000000
8574,1000000,17940
8575,1034113,1000
8576,1034113,4370
8577,1034113,1530
8578,1034113,1000
8579,1034113,13070
8580,1034113,2860
8581,1034113,6940
8582,1034113,9270
8583,1034113,5860
8584,1034113,10370
8585,1000000,15310
8586,1034113,6480
8587,1034113,1000
8588,1034113,1770
8589,1034113,8750
8590,1034113,8070
8591,1034113,5530
8592,1034113,1000
8593,1000000,24060
8594,1034113,1090
8595,1034113,3940
8596,1034113,4130
8597,1034113,7380
8598,1034113,9430
8599,1000000,33120
8600,1000000,27720
8601,1034113,3450
8602,1000000,35980
8603,1034113,7040
8604,1034113,2720
8605,1034113,4990
8606,1000000,71960
8607,1034113,5330
8608,1000000,26390
8609,1000000,30660
8610,1034113,1000
8611,1034113,2840
8612,1034113,10940
8613,1034113,1000
8614,1034113,7360
8615,1034113,4740
8616,1034113,7100
8617,1034113,2170
8618,1000000,22080
8619,1034113,1420
8620,1034113,2750
8621,1034113,1550
8622,1034113,3500
8623,1034113,6240
8624,1000000,19220
8625,1034113,1000
8626,1000000,40420
8627,1034113,2450
8628,1034113,6390
8629,1034113,1000
8630,1034113,2390
8631,1034113,7090
8632,1034113,6910
8633,1034113,1000
8634,1034113,11940
8635,1034113,2380
8636,1000000,21080
8637,1034113,5450
8638,1000000,58610
8639,1000000,15590
8640,1000000,21710
8641,1034113,6250
8642,1034113,3150
8643,1034113,1000
8644,1034113,3800
8645,1034113,1670
8646,1034113,7010
8647,1000000,26410
8648,1034113,6990
8649,1000000,30640
8650,1034113,10630
8651,1034113,4780
8652,1000000,33860
8653,1000000,16560
8654,1034113,4240
8655,1034113,1640
8656,1034113,5520
8657,1034113,1410
8658,1034113,11330
8659,1034113,1880
8660,1000000,49710
8661,1000000,24790
8662,1034113,4940
8663,1034113,13030
8664,1034113,4220
8665,1034113,10440
8666,1034113,1000
8667,1034113,3810
8668,1000000,36660
8669,1000000,47950
8670,1034113,1000
8671,1000000,56270
8672,1034113,3030
8673,4611,1000000
8674,1034113,1000
8675,1034113,5860
8676,1034113,5020
8677,1000000,38300
8678,1034113,1000
8679,1000000,52990
8680,1000000,21790
8681,1034113,1000
8682,1034113,1000
8683,1034113,1000
8684,1000000,22170
8685,1034113,1590
8686,1034113,12500
8687,1034113,2690
8688,1000000,18670
8689,1000000,18880
8690,1034113,2190
8691,1034113,10670
8692,1034113,3780
8693,1034113,10560
8694,1034113,2630
8695,1000000,42880
8696,1034113,6350
8697,1000000,37680
8698,1000000,20190
8699,1000000,42750
8700,1034113,3290
8701,1034113,8670
8702,1034113,1000
8703,1034113,4200
8704,1034113,2590
8705,1034113,7070
8706,1034113,3320
8707,1000000,40300
8708,1034113,1440
8709,1034113,2200
8710,1000000,23050
8711,1034113,1000
8712,1000000,27480
8713,1034113,6060
8714,1034113,2170
8715,1000000,15500
8716,1034113,3260
8717,1034113,9660
8718,1034113,10870
8719,1000000,41320
8720,1034113,1670
8721,1034113,3270
8722,1000000,196540
8723,1034113,2110
8724,1000000,43280
8725,1034113,2350
8726,1034113,1000
8727,1034113,11610
8728,1034113,7040
8729,1000000,58110
8730,1000000,21180
8731,1034113,2740
8732,1034113,3610
8733,1034113,1000
8734,1034113,1860
8735,1034113,1700
8736,1034113,9370
8737,1034113,4440
8738,1034113,1770
8739,1034113,5730
8740,1034113,1200
8741,1000000,18000
8742,1034113,14470
8743,1034113,4330
8744,1034113,3570
8745,1034113,9780
8746,1034113,1000
8747,1000000,33190
8748,1034113,7950
8749,1034113,3280
8750,1000000,17080
8751,1000000,16780
8752,1034113,7510
8753,1034113,1000
8754,1034113,6200
8755,1000000,47550
8756,1034113,4990
8757,1034113,1230
8758,1000000,27930
8759,1000000,92820
8760,1034113,7460
8761,1034113,1000
8762,1034113,5070
8763,1034113,9980
8764,1000000,16870
8765,1034113,5890
8766,1034113,1000
8767,1000000,34530
8768,1000000,57140
8769,1034113,2180
8770,1034113,1000
8771,1034113,5320
8772,1000000,21640
8773,1034113,5510
8774,1034113,9440
8775,1034113,4360
8776,1034113,9200
8777,1000000,15580
8778,1034113,13770
8779,1034113,10940
8780,1034113,1000
8781,1034113,5580
8782,1034113,14280
8783,1034113,2800
8784,1034113,3050
8785,1034113,3550
8786,1034113,4310
8787,1034113,1000
8788,1000000,21360
8789,1000000,33040
8790,1034113,8150
8791,1000000,16230
8792,1034113,2740
8793,1000000,45960
8794,1000000,16130
8795,1034113,14080
8796,1034113,5910
8797,1034113,14180
8798,1034113,1000
8799,1034113,4330
8800,1034113,1400
8801,1000000,97730
8802,1034113,4970
8803,1034113,1000
8804,1034113,13940
8805,1034113,5800
8806,1034113,2030
8807,1034113,6260
8808,1034113,9980
8809,1034113,7040
8810,1034113,1420
8811,1034113,13800
8812,1034113,1540
8813,1000000,57020
8814,1000000,21500
8815,1034113,1400
8816,1034113,1440
8817,1034113,1040
8818,1034113,1000
8819,1034113,9010
8820,1034113,3170
8821,1034113,5510
8822,1034113,1000
8823,1034113,3800
8824,1034113,5880
8825,1034113,1000
8826,1034113,12030
8827,1034113,4500
8828,1034113,3670
8829,1034113,3140
8830,1034113,8540
8831,1034113,1140
8832,1034113,12300
8833,1034113,3100
8834,1000000,23620
8835,1000000,19140
8836,1034113,1000
8837,1000000,20730
8838,1034113,3130
8839,1000000,18840
8840,1034113,13130
8841,1034113,1000
8842,1000000,19220
8843,1034113,4680
8844,1034113,11140
8845,1000000,63790
8846,1034113,1030
8847,1034113,9760
8848,1034113,1000
8849,1034113,3840
8850,1000000,16250
8851,1034113,3260
8852,1034113,2170
8853,1034113,1270
8854,1000000,23390
8855,1000000,24120
8856,1034113,3420
8857,1000000,107430
8858,1000000,15400
8859,1034113,4280
8860,1034113,6710
8861,1000000,20160
8862,1034113,1000
8863,1034113,11950
8864,1034113,6840
8865,1034113,1000
8866,1034113,7210
8867,1000000,154640
8868,1000000,45280
8869,1000000,41890
8870,1034113,2260
8871,1034113,1610
8872,1034113,6990
8873,1034113,1400
8874,1034113,1000
8875,1034113,4380
8876,1000000,56860
8877,1034113,1000
8878,1034113,1710
8879,1034113,2960
8880,1034113,1480
8881,1000000,20370
8882,1034113,8720
8883,1034113,1000
8884,1034113,1000
8885,1034113,14380
8886,1034113,10920
8887,1034113,2210
8888,1034113,1000
8889,1034113,12450
8890,1034113,11640
8891,1034113,2550
8892,1000000,15950
8893,1000000,26820
8894,1034113,7420
8895,1034113,1210
8896,1000000,28510
8897,1034113,1250
8898,1034113,2300
8899,1000000,17380
8900,1034113,6790
8901,1034113,10320
8902,1034113,2140
8903,1000000,21630
8904,1034113,10200
8905,1034113,6990
8906,1034113,2460
8907,1034113,2860
8908,1000000,40090
8909,1034113,2310
8910,1034113,3350
8911,1000000,65870
8912,1034113,2360
8913,1034113,5260
8914,1034113,1000
8915,1000000,19240
8916,1034113,2090
8917,1000000,338140
8918,1034113,6910
8919,1000000,53270
8920,1034113,2620
8921,1000000,26600
8922,1034113,14910
8923,1034113,4670
8924,1034113,2100
8925,1034113,7480
8926,1034113,2470
8927,1034113,5140
8928,1034113,2240
8929,1034113,1000
8930,1034113,9160
8931,1034113,2370
8932,1000000,22530
8933,1034113,2320
8934,1034113,4050
8935,1000000,23360
8936,1034113,8390
8937,1034113,4500
8938,1034113,1000
8939,1000000,33560
8940,1034113,6840
8941,1000000,21260
8942,1034113,6320
8943,1034113,8180
8944,1000000,21320
8945,1034113,1000
8946,1034113,14660
8947,1034113,6240
8948,1034113,12380
8949,1034113,7770
8950,1034113,3760
8951,1034113,10700
8952,1034113,12490
8953,1034113,6590
8954,1000000,36540
8955,1034113,5100
8956,1034113,1000
8957,1034113,10900
8958,1034113,3700
8959,1034113,4410
8960,1034113,1000
8961,1034113,7590
8962,1000000,68900
8963,1034113,3090
8964,1000000,18350
8965,1034113,11420
8966,1000000,47650
8967,1034113,4200
8968,1034113,1000
8969,1034113,1900
8970,1034113,13670
8971,1034113,12250
8972,1000000,48560
8973,1034113,1890
8974,1034113,14480
8975,1034113,4100
8976,1034113,7870
8977,1034113,3720
8978,1034113,2790
8979,1034113,1000
8980,1034113,3190
8981,1034113,2820
8982,1000000,43420
8983,1034113,1050
8984,1034113,6630
8985,1034113,8630
8986,1034113,11910
8987,1034113,9290
8988,1034113,1450
8989,1034113,3660
8990,1034113,2900
8991,1034113,5280
8992,1034113,1000
8993,1034113,2540
8994,1034113,8220
8995,1034113,12850
8996,1034113,2180
8997,1000000,45830
8998,1000000,32070
8999,1034113,4290
9000,1034113,3200
9001,1034113,6610
9002,1000000,15340
9003,1034113,1000
9004,1034113,6590
9005,1000000,35980
9006,1000000,69000
9007,1034113,3490
9008,1034113,1840
9009,1000000,86490
9010,1000000,16360
9011,1034113,1000
9012,1034113,2380
9013,1034113,1000
9014,1034113,8230
9015,1034113,4960
9016,1034113,1000
9017,1000000,35650
9018,1034113,1000
9019,1000000,33510
9020,1034113,11820
9021,1034113,1000
9022,1034113,10500
9023,1034113,2240
9024,1034113,1000
9025,1034113,4660
9026,1034113,4950
9027,1034113,1000
9028,1034113,3570
9029,1034113,1550
9030,1034113,2810
9031,1034113,2870
9032,1034113,8500
9033,1000000,32110
9034,1034113,7980
9035,1000000,101410
9036,1034113,1350
9037,1000000,19000
9038,1034113,1000
9039,1034113,14020
9040,1034113,1000
9041,1000000,30260
9042,1034113,3180
9043,1000000,18340
9044,1034113,4010
9045,1034113,3210
9046,1000000,21940
9047,1034113,7390
9048,1034113,1000
9049,1034113,1450
9050,1034113,8070
9051,1034113,3370
9052,1034113,4230
9053,1000000,33500
9054,1034113,2580
9055,1034113,1020
9056,1000000,64870
9057,1034113,1000
9058,1000000,37680
9059,1034113,1850
9060,1034113,6450
9061,1034113,8310
9062,1034113,4020
9063,1000000,16350
9064,1000000,17840
9065,1034113,8160
9066,1000000,17890
9067,1034113,2190
9068,1000000,35090
9069,1034113,1000
9070,1034113,1800
9071,1034113,2780
9072,1034113,13200
9073,1034113,3070
9074,1034113,1400
9075,1034113,9770
9076,1034113,3760
9077,1034113,5220
9078,1034113,1030
9079,1034113,1000
9080,1000000,16100
9081,1034113,2780
9082,1034113,2040
9083,1034113,1000
9084,1034113,5320
9085,1034113,1000
9086,1034113,1090
9087,1034113,6660
9088,1034113,13290
9089,1000000,26010
9090,1000000,17220
9091,1034113,3370
9092,1034113,1760
9093,1034113,8620
9094,1034113,7990
9095,1034113,10040
9096,1000000,25320
9097,1034113,14120
9098,1034113,1000
9099,1034113,1070
9100,1034113,13440
9101,1034113,8870
9102,1034113,6050
9103,1034113,3280
9104,1034113,1000
9105,1000000,59370
9106,1034113,1000
9107,1000000,19920
9108,1034113,13960
9109,1034113,2280
9110,1034113,5250
9111,1034113,3910
9112,1034113,7310
9113,1034113,3480
9114,1034113,8880
9115,1000000,17310
9116,1034113,1000
9117,1034113,4860
9118,1034113,12610
9119,1034113,1000
9120,1000000,194710
9121,1000000,67600
9122,1034113,1000
9123,1000000,37720
9124,1000000,41490
9125,1034113,3230
9126,1034113,5140
9127,1034113,1000
9128,1000000,15630
9129,1034113,10240
9130,1034113,1670
9131,1034113,1920
9132,1034113,1210
9133,1000000,18540
9134,1034113,13780
9135,1000000,52480
9136,1034113,10660
9137,1000000,17460
9138,1034113,6350
9139,1000000,18170
9140,1034113,4100
9141,1034113,11330
9142,1034113,10610
9143,1000000,23010
9144,1034113,7620
9145,1000000,66120
9146,1034113,4190
9147,1034113,12770
9148,1034113,1000
9149,1034113,5370
9150,1034113,9510
9151,1034113,1000
9152,1000000,34310
9153,1000000,32140
9154,1034113,2440
9155,1000000,45120
9156,1000000,26490
9157,1000000,35360
9158,1034113,4470
9159,1034113,13550
9160,1034113,2160
9161,1034113,14620
9162,1000000,29640
9163,1034113,6960
9164,1034113,3890
9165,1034113,1000
9166,1034113,8250
9167,1034113,5530
9168,1034113,6540
9169,1000000,20420
9170,1000000,33530
9171,1034113,4860
9172,1034113,1000
9173,1034113,1100
9174,1034113,9370
9175,1000000,53500
9176,1034113,1000
9177,1034113,3160
9178,1000000,31100
9179,1034113,7720
9180,1034113,2990
9181,1034113,3810
9182,1034113,2560
9183,1000000,40250
9184,1034113,1000
9185,1034113,1350
9186,1034113,10050
9187,1034113,10750
9188,1000000,15260
9189,1034113,6420
9190,1034113,12220
9191,1034113,1000
9192,1034113,12830
9193,1000000,45080
9194,1034113,2590
9195,1000000,79040
9196,1000000,17440
9197,1000000,76810
9198,1034113,7340
9199,1034113,11260
9200,1034113,4460
9201,1000000,69350
9202,1034113,2510
9203,1034113,8450
9204,1034113,5330
9205,1034113,8910
9206,1000000,68160
9207,1034113,13900
9208,1034113,2870
9209,1034113,1430
9210,1034113,4040
9211,1034113,1000
9212,1034113,7720
9213,1034113,1130
9214,1000000,72300
9215,1034113,3320
9216,1000000,66940
9217,1000000,21440
9218,1034113,14510
9219,1034113,10280
9220,1034113,13520
9221,1034113,1370
9222,1034113,6120
9223,1034113,5720
9224,1034113,3080
9225,1034113,6050
9226,1034113,7820
9227,1034113,1220
9228,1034113,4500
9229,1034113,6260
9230,1000000,31080
9231,1000000,69640
9232,1034113,2740
9233,1000000,28970
9234,1034113,9880
9235,1034113,1000
9236,1034113,7900
9237,1034113,4890
9238,1000000,106230
9239,1000000,15800
9240,1000000,48710
9241,1034113,7820
9242,1034113,2650
9243,1034113,6740
9244,1034113,1000
9245,1034113,1000
9246,1034113,5000
9247,1034113,4360
9248,1034113,2630
9249,1000000,29540
9250,1034113,12840
9251,1034113,1000
9252,1034113,2660
9253,1000000,337230
9254,4611,1000000
9255,1034113,6310
9256,1034113,5100
9257,1034113,1000
9258,1034113,3320
9259,1034113,1000
9260,1034113,1000
9261,1000000,51510
9262,1000000,42570
9263,1034113,3770
9264,1000000,21990
9265,4611,1000000
9266,1034113,4470
9267,1034113,6640
9268,1000000,16660
9269,1034113,7640
9270,1034113,3040
9271,1034113,4110
9272,1034113,1000
9273,1000000,50780
9274,1034113,1280
9275,1000000,17520
9276,1034113,11260
9277,1034113,4240
9278,1000000,28470
9279,1034113,4550
9280,1000000,34540
9281,1000000,73560
9282,1034113,1000
9283,1034113,1000
9284,1000000,53890
9285,1034113,1030
9286,1034113,1000
9287,1000000,27610
9288,1000000,40020
9289,1034113,6150
9290,1034113,4080
9291,1034113,12960
9292,1000000,22590
9293,1034113,9160
9294,1034113,5820
9295,1000000,16320
9296,1000000,20880
9297,1000000,24160
9298,1000000,33000
9299,1034113,4940
9300,1000000,19910
9301,1034113,2900
9302,1034113,5350
9303,1034113,7420
9304,1034113,2310
9305,1034113,1000
9306,1034113,1000
9307,1034113,11980
9308,1034113,1000
9309,1034113,2290
9310,1034113,6070
9311,1034113,11150
9312,1000000,96670
9313,1000000,18240
9314,1000000,47590
9315,1034113,2020
9316,1034113,3850
9317,1000000,23430
9318,1034113,3750
9319,1000000,17580
9320,1000000,91830
9321,1000000,15620
9322,1000000,19270
9323,1034113,8110
9324,1000000,19920
9325,1034113,13600
9326,1034113,4010
9327,1000000,21710
9328,1034113,1000
9329,1034113,4580
9330,1034113,4330
9331,1034113,1000
9332,1000000,15680
9333,1034113,1370
9334,1034113,13000
9335,1034113,1000
9336,1034113,1000
9337,1034113,8540
9338,1000000,19740
9339,1000000,36260
9340,1034113,1000
9341,1034113,7280
9342,1000000,49960
9343,1034113,1000
9344,1034113,4650
9345,1000000,25890
9346,1000000,47010
9347,1000000,47830
9348,1034113,10150
9349,1000000,53790
9350,1000000,38660
9351,1000000,43050
9352,1034113,1730
9353,1034113,11180
9354,1034113,1000
9355,1034113,13050
9356,1034113,2640
9357,1034113,1000
9358,1034113,14470
9359,1034113,3640
9360,1034113,1980
9361,1034113,9860
9362,1034113,4500
9363,1034113,11570
9364,1034113,1000
9365,1034113,1000
9366,1034113,8210
9367,1000000,25740
9368,1034113,3190
9369,1034113,7900
9370,1034113,1000
9371,1034113,1000
9372,1034113,13500
9373,1034113,1000
9374,1034113,3790
9375,1034113,5500
9376,1034113,14630
9377,1034113,12700
9378,1034113,2590
9379,1034113,1000
9380,1034113,1720
9381,1034113,1450
9382,1000000,25830
9383,1000000,19610
9384,1034113,10770
9385,1000000,17490
9386,1034113,1000
9387,1000000,52180
9388,1034113,3900
9389,1034113,2230
9390,1000000,15470
9391,1034113,5290
9392,1034113,4690
9393,1034113,9110
9394,1034113,1000
9395,1000000,22280
9396,1034113,8710
9397,1034113,1000
9398,1034113,2430
9399,1000000,17860
9400,1000000,36980
9401,1034113,1000
9402,1034113,1000
9403,1034113,8370
9404,1000000,25450
9405,1034113,2960
9406,1034113,9900
9407,1034113,1200
9408,1000000,23570
9409,1034113,1000
9410,1034113,1000
9411,1034113,14730
9412,1034113,5230
9413,1034113,1780
9414,1034113,14270
9415,1034113,1000
9416,1034113,1750
9417,1034113,3700
9418,1034113,2930
9419,1000000,16760
9420,1034113,1000
9421,1034113,1080
9422,1034113,2560
9423,1034113,1980
9424,1034113,5570
9425,1034113,6150
9426,1034113,8190
9427,1034113,6420
9428,1034113,2930
9429,1034113,9830
9430,1000000,78000
9431,1034113,13330
9432,1034113,6350
9433,1034113,1000
9434,1000000,33540
9435,1000000,29720
9436,1034113,3020
9437,1034113,1000
9438,1034113,2900
9439,1034113,9550
9440,1034113,3630
9441,1034113,3020
9442,1034113,5910
9443,1000000,74990
9444,1034113,6340
9445,1034113,1000
9446,1000000,30480
9447,1000000,20030
9448,1034113,4400
9449,1034113,1000
9450,1034113,1310
9451,1034113,1000
9452,1034113,2950
9453,1034113,4060
9454,1034113,5600
9455,1000000,35280
9456,1000000,23880
9457,1034113,7060
9458,1034113,7170
9459,1034113,1000
9460,1034113,8300
9461,1034113,1130
9462,1000000,20400
9463,1034113,2250
9464,1034113,4420
9465,1000000,41900
9466,1034113,5900
9467,1034113,9750
9468,1034113,13020
9469,1000000,29200
9470,1034113,7510
9471,1034113,12500
9472,1034113,8090
9473,1000000,24230
9474,1034113,6990
9475,1034113,3290
9476,1000000,17640
9477,1000000,57730
9478,1034113,14460
9479,1034113,1880
9480,1034113,1000
9481,1034113,6130
9482,1034113,6310
9483,1000000,20910
9484,1000000,37320
9485,1034113,11910
9486,1034113,5250
9487,1034113,1790
9488,1034113,3000
9489,1034113,7340
9490,1034113,9810
9491,1034113,1740
9492,1000000,59680
9493,1034113,1000
9494,1034113,6950
9495,1034113,13730
9496,1034113,3590
9497,1000000,59650
9498,1034113,5890
9499,1034113,7820
9500,1000000,91490
9501,1034113,2570
9502,1034113,7990
9503,1034113,1000
9504,1000000,44290
9505,1034113,1110
9506,1034113,3410
9507,1000000,37940
9508,1034113,1000
9509,1034113,4480
9510,1034113,1510
9511,1034113,4490
9512,1034113,11850
9513,1034113,1000
9514,1034113,1000
9515,1034113,14190
9516,4611,1000000
9517,1000000,18920
9518,1034113,3440
9519,1034113,1000
9520,1034113,3680
9521,1034113,6570
9522,1034113,1000
9523,1034113,1000
9524,1000000,44190
9525,1034113,8830
9526,1000000,67640
9527,1034113,1000
9528,1034113,5930
9529,1000000,21970
9530,1000000,56990
9531,1034113,1000
9532,1000000,15860
9533,1034113,9480
9534,1000000,138200
9535,1000000,17090
9536,1034113,1070
9537,1000000,92300
9538,1034113,10800
9539,1034113,3110
9540,1034113,3960
9541,1000000,21480
9542,1000000,17000
9543,1000000,18680
9544,1034113,1170
9545,1034113,1000
9546,1034113,8890
9547,1000000,34050
9548,1034113,4730
9549,1034113,2970
9550,1034113,3510
9551,1034113,5840
9552,1034113,1000
9553,1034113,1000
9554,1000000,15190
9555,1034113,1000
9556,1034113,8740
9557,1034113,1000
9558,1034113,4660
9559,1034113,2550
9560,1034113,3870
9561,1034113,1900
9562,1034113,4410
9563,1000000,49520
9564,1000000,17400
9565,1000000,26860
9566,1034113,1000
9567,1034113,12970
9568,1034113,1950
9569,1034113,2560
9570,1000000,15800
9571,1034113,1000
9572,1034113,1970
9573,1034113,1170
9574,1034113,1000
9575,1034113,2870
9576,1000000,30170
9577,1000000,74220
9578,1034113,1000
9579,1034113,8570
9580,1034113,2580
9581,1000000,61790
9582,1000000,31120
9583,1034113,5470
9584,1034113,2930
9585,1034113,9100
9586,1034113,1000
9587,1034113,8360
9588,1000000,31310
9589,1034113,14400
9590,1000000,18180
9591,1000000,44300
9592,1034113,1710
9593,1034113,1600
9594,1000000,46640
9595,1034113,8610
9596,1034113,4280
9597,1034113,14330
9598,1000000,15700
9599,1000000,21350
9600,1000000,48790
9601,1034113,3070
9602,1034113,1000
9603,1034113,5880
9604,1034113,5720
9605,1034113,8900
9606,1034113,12050
9607,1034113,4990
9608,1000000,77250
9609,1034113,8410
9610,1000000,32800
9611,1000000,46550
9612,1034113,1000
9613,1000000,16510
9614,1034113,6270
9615,1000000,71900
9616,1034113,1000
9617,1034113,1000
9618,1034113,4660
9619,1034113,10510
9620,1034113,1000
9621,1034113,1000
9622,1034113,1420
9623,1034113,1270
9624,1034113,3170
9625,1034113,4010
9626,1034113,4020
9627,1034113,5000
9628,1034113,1000
9629,1034113,6390
9630,1034113,2420
9631,1034113,3070
9632,1034113,3280
9633,1034113,1810
9634,1034113,1000
9635,1000000,40740
9636,1034113,1000
9637,1034113,1000
9638,1034113,1170
9639,1000000,22810
9640,1034113,3090
9641,1000000,65130
9642,1034113,2070
9643,1034113,6820
9644,1000000,18720
9645,1000000,15070
9646,1034113,8190
9647,1034113,1000
9648,1034113,1070
9649,1034113,1000
9650,1034113,1000
9651,1034113,1140
9652,1034113,5700
9653,1034113,11320
9654,1034113,1000
9655,1000000,21490
9656,1034113,14090
9657,1034113,5510
9658,1034113,4750
9659,1034113,1000
9660,1000000,28490
9661,1000000,33080
9662,1034113,5370
9663,1034113,1000
9664,1000000,22680
9665,1000000,39770
9666,1034113,1130
9667,1000000,19490
9668,1034113,10140
9669,1034113,1000
9670,1000000,15570
9671,1034113,6710
9672,1034113,1000
9673,1034113,3000
9674,1000000,15280
9675,1034113,1340
9676,1034113,3220
9677,1034113,4870
9678,1034113,2830
9679,1000000,20380
9680,1034113,8480
9681,1000000,16120
9682,1034113,12700
9683,1034113,5570
9684,1034113,7660
9685,1034113,12990
9686,1000000,32230
9687,1034113,7090
9688,1034113,1950
9689,1000000,21330
9690,1034113,4240
9691,1034113,3910
9692,1000000,67460
9693,1034113,10430
9694,1034113,3280
9695,1034113,9580
9696,1034113,1000
9697,1034113,13210
9698,1000000,175570
9699,1034113,4290
9700,1000000,40520
9701,1034113,1000
9702,1000000,36250
9703,1000000,55820
9704,1034113,9460
9705,1000000,21860
9706,1000000,26500
9707,1034113,9590
9708,1034113,1660
9709,1034113,7140
9710,1034113,5950
9711,1034113,11090
9712,1034113,2370
9713,1034113,11880
9714,1000000,26750
9715,1034113,1000
9716,1034113,1490
9717,1034113,9630
9718,4611,1000000
9719,1034113,5790
9720,1034113,9070
9721,1034113,1000
9722,1034113,2170
9723,1000000,26020
9724,1034113,7320
9725,1034113,1000
9726,1034113,3670
9727,1034113,1250
9728,1000000,23440
9729,1034113,14210
9730,1034113,2660
9731,1034113,2690
9732,1000000,20240
9733,1034113,2320
9734,1000000,36470
9735,1034113,10740
9736,1034113,10830
9737,1034113,9750
9738,1000000,25610
9739,1034113,10070
9740,1000000,37280
9741,1034113,1370
9742,1034113,1020
9743,1034113,9960
9744,1000000,17440
9745,1034113,2770
9746,1034113,5790
9747,1034113,7280
9748,1034113,3300
9749,1000000,22560
9750,1000000,15920
9751,1034113,1000
9752,1034113,8140
9753,1034113,1960
9754,1000000,45210
9755,1034113,11980
9756,1034113,4300
9757,1034113,8610
9758,1034113,2770
9759,1034113,1000
9760,1034113,2840
9761,1034113,9250
9762,1000000,64170
9763,1034113,13930
9764,4611,1000000
9765,1000000,22410
9766,1034113,9760
9767,1034113,1000
9768,1000000,19510
9769,1000000,38290
9770,1034113,1000
9771,1034113,1000
9772,1034113,1560
9773,1034113,12570
9774,1000000,19310
9775,1034113,1000
9776,1034113,3910
9777,1000000,15960
9778,1000000,27510
9779,1034113,4980
9780,1034113,2020
9781,1034113,3530
9782,1034113,3140
9783,1000000,50450
9784,1034113,2070
9785,1000000,36630
9786,1000000,44770
9787,1034113,9620
9788,1034113,4830
9789,1034113,14780
9790,1034113,9130
9791,1000000,79900
9792,1034113,5510
9793,1034113,1000
9794,1000000,16390
9795,1034113,2600
9796,1000000,18490
9797,1034113,9870
9798,1034113,5970
9799,1000000,18080
9800,1034113,1890
9801,1034113,9640
9802,1000000,28010
9803,1000000,18480
9804,1034113,1000
9805,1000000,21410
9806,1000000,111550
9807,1000000,20910
9808,1034113,3160
9809,1000000,26000
9810,1000000,70970
9811,1034113,10310
9812,1034113,12570
9813,1034113,8400
9814,1034113,1000
9815,1000000,38200
9816,1000000,22440
9817,1034113,3610
9818,1000000,72240
9819,1000000,15770
9820,1034113,1570
9821,1000000,62640
9822,1034113,5090
9823,1034113,12810
9824,1034113,5970
9825,1034113,4750
9826,1034113,6630
9827,1034113,13910
9828,1000000,33350
9829,1000000,62170
9830,1034113,1750
9831,1034113,4300
9832,1034113,3810
9833,1034113,10790
9834,1034113,5950
9835,1034113,1300
9836,1034113,10030
9837,1034113,5500
9838,1034113,9100
9839,1000000,52910
9840,1000000,50010
9841,1000000,24430
9842,1034113,8440
9843,1000000,61850
9844,1034113,13750
9845,1034113,11210
9846,1034113,8130
9847,1000000,15600
9848,1034113,1000
9849,1034113,14880
9850,1000000,38790
9851,1034113,1030
9852,1034113,7760
9853,1034113,5150
9854,1000000,39170
9855,1034113,1880
9856,1000000,67360
9857,1034113,1070
9858,1034113,4420
9859,1034113,1000
9860,1000000,23210
9861,1000000,45420
9862,1034113,14610
9863,1034113,9010
9864,1034113,5640
9865,1000000,20940
9866,1034113,8270
9867,1000000,70200
9868,1000000,81810
9869,1034113,7070
9870,1000000,28620
9871,1034113,5010
9872,1034113,2020
9873,1034113,1040
9874,1034113,2560
9875,1034113,3840
9876,1000000,34730
9877,1000000,38540
9878,1000000,22100
9879,1000000,52150
9880,1034113,13750
9881,1034113,1960
9882,1000000,28870
9883,1034113,3900
9884,1034113,9230
9885,1034113,1000
9886,1034113,1000
9887,1034113,1000
9888,1034113,7410
9889,1000000,37100
9890,1034113,6580
9891,1000000,32170
9892,1034113,10090
9893,1000000,44270
9894,1034113,1550
9895,1034113,12000
9896,1034113,1620
9897,1034113,1000
9898,1000000,26670
9899,1034113,6870
9900,1034113,9690
9901,1034113,1130
9902,1034113,8880
9903,1034113,1000
9904,1034113,1000
9905,1034113,1030
9906,1034113,9790
9907,1000000,22530
9908,1034113,2680
9909,1000000,28520
9910,1034113,6990
9911,1000000,102340
9912,1034113,1000
9913,1034113,6490
9914,1034113,10840
9915,1034113,5340
9916,1034113,1000
9917,1034113,3420
9918,1034113,9570
9919,1034113,7230
9920,1034113,1230
9921,1000000,89730
9922,1034113,3590
9923,1034113,1000
9924,1000000,24100
9925,1034113,10820
9926,1034113,10790
9927,1000000,16270
9928,1034113,5370
9929,1034113,14380
9930,1034113,1000
9931,1000000,17430
9932,1034113,1000
9933,1034113,1000
9934,1034113,1000
9935,1034113,1000
9936,1034113,5680
9937,1034113,2160
9938,1034113,1000
9939,1034113,6070
9940,1000000,53530
9941,1034113,9750
9942,1034113,5280
9943,1034113,1130
9944,1034113,11690
9945,1034113,10870
9946,1034113,11290
9947,1000000,64200
9948,1034113,14170
9949,1000000,31460
9950,1034113,3930
9951,1034113,4040
9952,1034113,10260
9953,1000000,19480
9954,1034113,1000
9955,1034113,1000
9956,1034113,2540
9957,1000000,26380
9958,1034113,8360
9959,1034113,9440
9960,1034113,1000
9961,1000000,32030
9962,1034113,1000
9963,1034113,1000
9964,1034113,2410
9965,1034113,10420
9966,1034113,12260
9967,1034113,1000
9968,1034113,3430
9969,1034113,1980
9970,1034113,2550
9971,1000000,75140
9972,1034113,7640
9973,1034113,6320
9974,1000000,20310
9975,1000000,70470
9976,1000000,26160
9977,1034113,1000
9978,1034113,3630
9979,1034113,2350
9980,1034113,9970
9981,1000000,22250
9982,1034113,3100
9983,1034113,5950
9984,1034113,13430
9985,1034113,12400
9986,1034113,1060
9987,1000000,44790
9988,1034113,5820
9989,1034113,1370
9990,1034113,14610
9991,1034113,1510
9992,1034113,1000
9993,1000000,24860
9994,1034113,2760
9995,1034113,1630
9996,1000000,28590
9997,1000000,48570
9998,1000000,31540
9999,1034113,5530
10000,1034113,5140
10001,1034113,3910
10002,1034113,7080
10003,1034113,10050
10004,1034113,14610
10005,1034113,1710
10006,1034113,3080
10007,1000000,39780
10008,1034113,1000
10009,1034113,2420
10010,1000000,33540
10011,1034113,5560
10012,1034113,1000
10013,1034113,1920
10014,1000000,15530
10015,1034113,1170
10016,4611,1000000
10017,1034113,3460
10018,1000000,38690
10019,1034113,4200
10020,1034113,1000
10021,1000000,20850
10022,1000000,52480
10023,1034113,2240
10024,1034113,1000
10025,1000000,21020
10026,1000000,16280
10027,1034113,2680
10028,1000000,15920
10029,1034113,14520
10030,1000000,38110
10031,1034113,7930
10032,1000000,22430
10033,1000000,95130
10034,1034113,8540
10035,1000000,209340
10036,1034113,5660
10037,1034113,1000
10038,1000000,24330
10039,1034113,6700
10040,1000000,48160
10041,1034113,1940
10042,1034113,2670
10043,1000000,19730
10044,1000000,31200
10045,1034113,10720
10046,1034113,1000
10047,1000000,42510
10048,1000000,153090
10049,1034113,13960
10050,1034113,1000
10051,1034113,9110
10052,1034113,7630
10053,1034113,1050
10054,1034113,6230
10055,1034113,5180
10056,1034113,1000
10057,1034113,5420
10058,1034113,1680
10059,1034113,6600
10060,1034113,4330
10061,1000000,16880
10062,1034113,1180
10063,1034113,1130
10064,1034113,7210
10065,1034113,1140
10066,1034113,1000
10067,1000000,22950
10068,1034113,1480
10069,1034113,11080
10070,1034113,3290
10071,1034113,2470
10072,1000000,21730
10073,1034113,1000
10074,1034113,8820
10075,1034113,7800
10076,1000000,20160
10077,1000000,23920
10078,1034113,6040
10079,1034113,1000
10080,1034113,4910
10081,1034113,1080
10082,1000000,22210
10083,1000000,154270
10084,1034113,10140
10085,1034113,8400
10086,1034113,2010
10087,1034113,1170
10088,1034113,1870
10089,1034113,13780
10090,1034113,4670
10091,1034113,1000
10092,1034113,3540
10093,1000000,22680
10094,1000000,63020
10095,1034113,3590
10096,1034113,1000
10097,1034113,10900
10098,1034113,5110
10099,1034113,1370
10100,1034113,1000
10101,1034113,6910
10102,1000000,17890
10103,1000000,44340
10104,1034113,1940
10105,1000000,24060
10106,1034113,13660
10107,1034113,3020
10108,1034113,1000
10109,1034113,3990
10110,1034113,1670
10111,1000000,31470
10112,1034113,12630
10113,1034113,1000
10114,1034113,3000
10115,1000000,56220
10116,1034113,8100
10117,1034113,1000
10118,1034113,2760
10119,1034113,14030
10120,1034113,12370
10121,1034113,1000
10122,1034113,13820
10123,1034113,2770
10124,1034113,5970
10125,1034113,5010
10126,1034113,4190
10127,1034113,12510
10128,1034113,8240
10129,1034113,13730
10130,1034113,1000
10131,1034113,1000
10132,1034113,2650
10133,1034113,5920
10134,1034113,6600
10135,1000000,22490
10136,1034113,7450
10137,1034113,12090
10138,1034113,1130
10139,1034113,1000
10140,1034113,5070
10141,1000000,50000
10142,1034113,1000
10143,1000000,68980
10144,1034113,1170
10145,1034113,7450
10146,1034113,1850
10147,1034113,1000
10148,1034113,2790
10149,1000000,39200
10150,1000000,15660
10151,1034113,9430
10152,1000000,38160
10153,1034113,1880
10154,1034113,3830
10155,1034113,13210
10156,1000000,43650
10157,1034113,1160
10158,1034113,9900
10159,1000000,18350
10160,1034113,3930
10161,1034113,12450
10162,1034113,1000
10163,1034113,10890
10164,1034113,4170
10165,1034113,3960
10166,1034113,2260
10167,1034113,8490
10168,1034113,2710
10169,1034113,7050
10170,1000000,22110
10171,1000000,37770
10172,1034113,13420
10173,1034113,1000
10174,1034113,3450
10175,1034113,4170
10176,1000000,22450
10177,1034113,1000
10178,1034113,5480
10179,1034113,2250
10180,1034113,11560
10181,1034113,1000
10182,1034113,1000
10183,1034113,7150
10184,1034113,1490
10185,1034113,4670
10186,1034113,1000
10187,1034113,6410
10188,1034113,3770
10189,1034113,4640
10190,1034113,9490
10191,1000000,103560
10192,1034113,13380
10193,1034113,5920
10194,1034113,11750
10195,1034113,2000
10196,1034113,6560
10197,1034113,9260
10198,1034113,14860
10199,1034113,1000
10200,1034113,1000
10201,1034113,4390
10202,1034113,1000
10203,1034113,6450
10204,1034113,1670
10205,1034113,1000
10206,1034113,3760
10207,1034113,3880
10208,1034113,3520
10209,1034113,3990
10210,1034113,1000
10211,1034113,5760
10212,1000000,21140
10213,1034113,6670
10214,1000000,17080
10215,1034113,12570
10216,1000000,42970
10217,1034113,8310
10218,1034113,1000
10219,1034113,1000
10220,1000000,91650
10221,1034113,3070
10222,1034113,8770
10223,1034113,1000
10224,1000000,42250
10225,1000000,88340
10226,1000000,28520
10227,1034113,5500
10228,1034113,5780
10229,1034113,1000
10230,1034113,5700
10231,1000000,18810
10232,1034113,14360
10233,1000000,39000
10234,1034113,1000
10235,1034113,1930
10236,1000000,31020
10237,1034113,7390
10238,1034113,6930
10239,1000000,46500
10240,1034113,1000
10241,1034113,1490
10242,1034113,10540
10243,1000000,34800
10244,1000000,30470
10245,1034113,8310
10246,1034113,9550
10247,1034113,12010
10248,1034113,1000
10249,1034113,1620
10250,1034113,2810
10251,1034113,6150
10252,1034113,1000
10253,1034113,1000
10254,1034113,4870
10255,1034113,8100
10256,1000000,137960
10257,1034113,1340
10258,1034113,1820
10259,1034113,12070
10260,1000000,22930
10261,1034113,1680
10262,1034113,2360
10263,1034113,12370
10264,1000000,15080
10265,1034113,7180
10266,4611,1000000
10267,1034113,7100
10268,1000000,28510
10269,1034113,9440
10270,1034113,1750
10271,1034113,1430
10272,1034113,1540
10273,1034113,8600
10274,1000000,33920
10275,1000000,50140
10276,1034113,8210
10277,1034113,10350
10278,1034113,1000
10279,1034113,5640
10280,1034113,1000
10281,1034113,7160
10282,1034113,3120
10283,1000000,193870
10284,1000000,21670
10285,1000000,19840
10286,1034113,12270
10287,1034113,7190
10288,1000000,17460
10289,1000000,20050
10290,1034113,11660
10291,1034113,1000
10292,1034113,5940
10293,1034113,9550
10294,1034113,1000
10295,1000000,48590
10296,1034113,3890
10297,1034113,2060
10298,1034113,1810
10299,1034113,3600
10300,1034113,6130
10301,1034113,1040
10302,1034113,14320
10303,1000000,46520
10304,1034113,1500
10305,1034113,1000
10306,1034113,3190
10307,1034113,13710
10308,1034113,12150
10309,1000000,16210
10310,1034113,1020
10311,1000000,91170
10312,1034113,3030
10313,1034113,2340
10314,1034113,1000
10315,1034113,1460
10316,1000000,23750
10317,1034113,8290
10318,1034113,13700
10319,1034113,4510
10320,1034113,1000
10321,1034113,14700
10322,1000000,23930
10323,1034113,1000
10324,1000000,15200
10325,1034113,13520
10326,1000000,15520
10327,1034113,1000
10328,1034113,1710
10329,1034113,1830
10330,1034113,1920
10331,1034113,1160
10332,1034113,1870
10333,1000000,21940
10334,1034113,1000
10335,1034113,2490
10336,1034113,5700
10337,1034113,6400
10338,1034113,10420
10339,1034113,7350
10340,1034113,4380
10341,1034113,1000
10342,1034113,9790
10343,1034113,4880
10344,1034113,2320
10345,1034113,2670
10346,1034113,1760
10347,1034113,1000
10348,1034113,6590
10349,1034113,1030
10350,1034113,10130
10351,1034113,8990
10352,1034113,9080
10353,1034113,9390
10354,1034113,1000
10355,1034113,5140
10356,1000000,30050
10357,1034113,9400
10358,1000000,18210
10359,1034113,12510
10360,1000000,29520
10361,1034113,2910
10362,1034113,3170
10363,1000000,20980
10364,1034113,2240
10365,1034113,7040
10366,1034113,8970
10367,1034113,5010
10368,1000000,25940
10369,1000000,84500
10370,1034113,3950
10371,1034113,4230
10372,1034113,1400
10373,1034113,6400
10374,1034113,12910
10375,1034113,14970
10376,1034113,8180
10377,1034113,3600
10378,1034113,5680
10379,1034113,1000
10380,1034113,5300
10381,1000000,44540
10382,1034113,1000
10383,1034113,3440
10384,1034113,11540
10385,1034113,10620
10386,1034113,4530
10387,1000000,61870
10388,1000000,34510
10389,1034113,7610
10390,1034113,9150
10391,1034113,1000
10392,1034113,10730
10393,1034113,1000
10394,1000000,17260
10395,1034113,8350
10396,1034113,11270
10397,1034113,2240
10398,1000000,32950
10399,1034113,3170
10400,1000000,19860
10401,1034113,1000
10402,1034113,7480
10403,1034113,1000
10404,1034113,1000
10405,1034113,5800
10406,1034113,6670
10407,1000000,81880
10408,1034113,2630
10409,1034113,3210
10410,1000000,28340
10411,1000000,26160
10412,1034113,14190
10413,1034113,1000
10414,1034113,6700
10415,1000000,27630
10416,1034113,1670
10417,1034113,3180
10418,1000000,116460
10419,1000000,43490
10420,1034113,2480
10421,1034113,12010
10422,1000000,67720
10423,1034113,13650
10424,1034113,11650
10425,1034113,3460
10426,1000000,22670
10427,1034113,14910
10428,1034113,5540
10429,1034113,1530
10430,1000000,18610
10431,1034113,12560
10432,1034113,2130
10433,1034113,2830
10434,1034113,3380
10435,1034113,4820
10436,1034113,11910
10437,1034113,2900
10438,1000000,23660
10439,1000000,160120
10440,1034113,2150
10441,1000000,43980
10442,1000000,29090
10443,1034113,4730
10444,1034113,6220
10445,1034113,8520
10446,1034113,8360
10447,1034113,1030
10448,1034113,7780
10449,1034113,1030
10450,1034113,1000
10451,1034113,6750
10452,1034113,12290
10453,1034113,10300
10454,1034113,1000
10455,1034113,1190
10456,1000000,31600
10457,1034113,4300
10458,1000000,20510
10459,1034113,1000
10460,1034113,5390
10461,1034113,1000
10462,1034113,1000
10463,1034113,1140
10464,1034113,1270
10465,1034113,8150
10466,1000000,42480
10467,1034113,1700
10468,1000000,15280
10469,1034113,1510
10470,1000000,40260
10471,1000000,36670
10472,1000000,49520
10473,1034113,2810
10474,1000000,20010
10475,1034113,1220
10476,1034113,1320
10477,1034113,2100
10478,1034113,3980
10479,1034113,5570
10480,1034113,1000
10481,1000000,24310
10482,1034113,3160
10483,1034113,4480
10484,1034113,14320
10485,1034113,12400
10486,1034113,1000
10487,1034113,10490
10488,1034113,1000
10489,1000000,154780
10490,1034113,2440
10491,1000000,66770
10492,1034113,5640
10493,1034113,10350
10494,1000000,23590
10495,1000000,15610
10496,1000000,24060
10497,1034113,1000
10498,1034113,13720
10499,1034113,2610
10500,1000000,147410
10501,1034113,1080
10502,1034113,1490
10503,1034113,5060
10504,1034113,11350
10505,1034113,5380
10506,1034113,10270
10507,1000000,48170
10508,1000000,29050
10509,1034113,1000
10510,1034113,4700
10511,1034113,1000
10512,1034113,1000
10513,1000000,86860
10514,1000000,64680
10515,1034113,5170
10516,1034113,5290
10517,1000000,22700
10518,1034113,11330
10519,1034113,1000
10520,1000000,19550
10521,1034113,1660
10522,1034113,4020
10523,1000000,130860
10524,1034113,10770
10525,1000000,25540
10526,1034113,1210
10527,1034113,2990
10528,1034113,12030
10529,1034113,5870
10530,1000000,20030
10531,1000000,20820
10532,1034113,1000
10533,1034113,8660
10534,1034113,10710
10535,1000000,53070
10536,1000000,18580
10537,1034113,4970
10538,1034113,5040
10539,1034113,1000
10540,1034113,2990
10541,1034113,1000
10542,1000000,41130
10543,1034113,6070
10544,1034113,2850
10545,1000000,26480
10546,1034113,1000
10547,1000000,24270
10548,1034113,7960
10549,1000000,19780
10550,1034113,5190
10551,1034113,14780
10552,1034113,1160
10553,1034113,1000
10554,1000000,19900
10555,1034113,2300
10556,1034113,1190
10557,1034113,1000
10558,1034113,9730
10559,1000000,19770
10560,1034113,12760
10561,1034113,4540
10562,1034113,1800
10563,1034113,7460
10564,1034113,11020
10565,1034113,8050
10566,1000000,19540
10567,1034113,1260
10568,1034113,4710
10569,1034113,9240
10570,1000000,28120
10571,1034113,5000
10572,1034113,3190
10573,1000000,26230
10574,1034113,4820
10575,1034113,10880
10576,1034113,2420
10577,1034113,1180
10578,1034113,1030
10579,1034113,7140
10580,1034113,1170
10581,1034113,6520
10582,1034113,11080
10583,1000000,19930
10584,1000000,16280
10585,1034113,4810
10586,1034113,1000
10587,1034113,1000
10588,1000000,21560
10589,1034113,1000
10590,1034113,4050
10591,1034113,1500
10592,1000000,64330
10593,1034113,1000
10594,1034113,8830
10595,1034113,2420
10596,1034113,9680
10597,1034113,5310
10598,1034113,2090
10599,1034113,5720
10600,1000000,17510
10601,1000000,24370
10602,1034113,4920
10603,1034113,3120
10604,1034113,12070
10605,1034113,1000
10606,1034113,9880
10607,1034113,11890
10608,1034113,1000
10609,1034113,13040
10610,1034113,1880
10611,1034113,1000
10612,1034113,2260
10613,1034113,3250
10614,1034113,5080
10615,1034113,1000
10616,1034113,3330
10617,1000000,214770
10618,1034113,1000
10619,1034113,1140
10620,1034113,7580
10621,1034113,3010
10622,1034113,11400
10623,1000000,207970
10624,1034113,14140
10625,1034113,7480
10626,1034113,1660
10627,1034113,5690
10628,1000000,60310
10629,1000000,23660
10630,1034113,1000
10631,1000000,35770
10632,1034113,6100
10633,1000000,73510
10634,1034113,1410
10635,1034113,3130
10636,1034113,1340
10637,1000000,19750
10638,1034113,1670
10639,1000000,16140
10640,1034113,1000
10641,1034113,2660
10642,1034113,4840
10643,1034113,9640
10644,1034113,1000
10645,1034113,4740
10646,1034113,5420
10647,1034113,1000
10648,1034113,9980
10649,1034113,5920
10650,1000000,17550
10651,1000000,27120
10652,1034113,11710
10653,1034113,2200
10654,1034113,5610
10655,1034113,1430
10656,1034113,4840
10657,1000000,34180
10658,1034113,4290
10659,1034113,1590
10660,1034113,3160
10661,1000000,16180
10662,1000000,50750
10663,1034113,5270
10664,1034113,6280
10665,1034113,7400
10666,1034113,13360
10667,1034113,4750
10668,1000000,58290
10669,1000000,22050
10670,1034113,1390
10671,1034113,1000
10672,1034113,14110
10673,1034113,1820
10674,1000000,18040
10675,1000000,18760
10676,1034113,4450
10677,1034113,5940
10678,1034113,7190
10679,1034113,5420
10680,1034113,2230
10681,1034113,10480
10682,1000000,125950
10683,1034113,9820
10684,1034113,2290
10685,1034113,8440
10686,1034113,1000
10687,1034113,13520
10688,1000000,43930
10689,1034113,9920
10690,1034113,1000
10691,1034113,13470
10692,1034113,1260
10693,1034113,10030
10694,1034113,12480
10695,1000000,44580
10696,1034113,5340
10697,1034113,2570
10698,1034113,8610
10699,1000000,29910
10700,1034113,4720
10701,1034113,10150
10702,1000000,19400
10703,1000000,21100
10704,1034113,9530
10705,1034113,1030
10706,1034113,4010
10707,1034113,12220
10708,1034113,1000
10709,1000000,21690
10710,1034113,3660
10711,1034113,8540
10712,1034113,1480
10713,1034113,2310
10714,1034113,1000
10715,1034113,2560
10716,1034113,1000
10717,1034113,5080
10718,1000000,28160
10719,1034113,3420
10720,1000000,26400
10721,1034113,5820
10722,1034113,4820
10723,1034113,4900
10724,1000000,27930
10725,1034113,14220
10726,1034113,1230
10727,1034113,1000
10728,1034113,1000
10729,1034113,1000
10730,1034113,1380
10731,1000000,41900
10732,1034113,9160
10733,1000000,20280
10734,1034113,2470
10735,1034113,14810
10736,1000000,36550
10737,1034113,1000
10738,1034113,1000
10739,1000000,20330
10740,1034113,2600
10741,1034113,1890
10742,1034113,7550
10743,1034113,1000
10744,1000000,23880
10745,1000000,18080
10746,1034113,9470
10747,1034113,5040
10748,1034113,4270
10749,1034113,5010
10750,1034113,5510
10751,1034113,6810
10752,1034113,4010
10753,1034113,2570
10754,1034113,9160
10755,1034113,7750
10756,1000000,85540
10757,1034113,12290
10758,1000000,22190
10759,1034113,1430
10760,1034113,8560
10761,1034113,1000
10762,1034113,1430
10763,1034113,1000
10764,1034113,7130
10765,1034113,1570
10766,1034113,1000
10767,1034113,1000
10768,1000000,74610
10769,1034113,3580
10770,1034113,11980
10771,1000000,25320
10772,1034113,10420
10773,1000000,42020
10774,1034113,8520
10775,1034113,1000
10776,1000000,45350
10777,1034113,12810
10778,1000000,23670
10779,1034113,2290
10780,1034113,1000
10781,1034113,6820
10782,1034113,14890
10783,1034113,11440
10784,1000000,15890
10785,1034113,8780
10786,1034113,1000
10787,1034113,1310
10788,1034113,3120
10789,1034113,5490
10790,1034113,3680
10791,1034113,1000
10792,1034113,10950
10793,1034113,2740
10794,1034113,1720
10795,1034113,1540
10796,1000000,31160
10797,1034113,3340
10798,1034113,1000
10799,1034113,1750
10800,1000000,21340
10801,1034113,4910
10802,1034113,1000
10803,1034113,2740
10804,1000000,55400
10805,1000000,32960
10806,1000000,79840
10807,1034113,1000
10808,1034113,13430
10809,1034113,9730
10810,1000000,16340
10811,1034113,14540
10812,1000000,69890
10813,1034113,1230
10814,1034113,2880
10815,1034113,13120
10816,1034113,1230
10817,1000000,15830
10818,1000000,106290
10819,1034113,6940
10820,1034113,1100
10821,1034113,5770
10822,1000000,22430
10823,1034113,5540
10824,1034113,12250
10825,1034113,5790
10826,1034113,1140
10827,1034113,1000
10828,1000000,18710
10829,1034113,8560
10830,1034113,8740
10831,1034113,1000
10832,1034113,2020
10833,1000000,58800
10834,1034113,2360
10835,1034113,1340
10836,1034113,1000
10837,1034113,1970
10838,1034113,1000
10839,1034113,1000
10840,1034113,1000
10841,1000000,21850
10842,1034113,5710
10843,1034113,7370
10844,1034113,1000
10845,1034113,5450
10846,1000000,95370
10847,1000000,16280
10848,1000000,33140
10849,1000000,18780
10850,1034113,6320
10851,1034113,3770
10852,1000000,17300
10853,1000000,72310
10854,1034113,3970
10855,1034113,1000
10856,1034113,1000
10857,1034113,1000
10858,1034113,4360
10859,1000000,61700
10860,1034113,1600
10861,1034113,2850
10862,1000000,17150
10863,1000000,49790
10864,1034113,1850
10865,1034113,8300
10866,1000000,194690
10867,1034113,1000
10868,1000000,28830
10869,1034113,2310
10870,1000000,18080
10871,1034113,2170
10872,1034113,5610
10873,1034113,2240
10874,1034113,14500
10875,1034113,7990
10876,1034113,1000
10877,1034113,3150
10878,1034113,2330
10879,1034113,5440
10880,1034113,1000
10881,1000000,32740
10882,1034113,1000
10883,1000000,42960
10884,1034113,10140
10885,1034113,5790
10886,1034113,1610
10887,1034113,1610
10888,1034113,1000
10889,1034113,5390
10890,1034113,4960
10891,1000000,35480
10892,1000000,57230
10893,1034113,5080
10894,1034113,1000
10895,1000000,17000
10896,1000000,24890
10897,1034113,6920
10898,1034113,8630
10899,1034113,2970
10900,1034113,2320
10901,1034113,1000
10902,1034113,3880
10903,1034113,4380
10904,1000000,42650
10905,1034113,4540
10906,1000000,16900
10907,1034113,1000
10908,1034113,2860
10909,1000000,32390
10910,1034113,8610
10911,1034113,7120
10912,1034113,6070
10913,1034113,1250
10914,1034113,1170
10915,1000000,75920
10916,1034113,7710
10917,1034113,10430
10918,1034113,2120
10919,1000000,34760
10920,1034113,1000
10921,1000000,56720
10922,1000000,16350
10923,1000000,15760
10924,1034113,1490
10925,1034113,2330
10926,1034113,4850
10927,1034113,7310
10928,1034113,11460
10929,1034113,4030
10930,1034113,1000
10931,1034113,1000
10932,1000000,19160
10933,1034113,4810
10934,1034113,3440
10935,1034113,1000
10936,1034113,3470
10937,1034113,3080
10938,1034113,5410
10939,1034113,14570
10940,1034113,4490
10941,1034113,5940
10942,1034113,1390
10943,1034113,2200
10944,1034113,1310
10945,1000000,22130
10946,1034113,9320
10947,1034113,1000
10948,1034113,7140
10949,1000000,82940
10950,1034113,1270
10951,1034113,1000
10952,1034113,13770
10953,1034113,1320
10954,1034113,5670
10955,1034113,1190
10956,1000000,37690
10957,1034113,3930
10958,1034113,1450
10959,1034113,7940
10960,1034113,3440
10961,1034113,1000
10962,1034113,7410
10963,1034113,1000
10964,1034113,1990
10965,1000000,26220
10966,1034113,1740
10967,1034113,13180
10968,1034113,12120
10969,1034113,1970
10970,1000000,16860
10971,1034113,1630
10972,1034113,4490
10973,1034113,2470
10974,1034113,8380
10975,1034113,8500
10976,1034113,1000
10977,1034113,3810
10978,1034113,8860
10979,1034113,1000
10980,1034113,1000
10981,1000000,34830
10982,1034113,6330
10983,1000000,75740
10984,1000000,67810
10985,1000000,20090
10986,1034113,1550
10987,1034113,12030
10988,1034113,10080
10989,1000000,28340
10990,1034113,7290
10991,1000000,38350
10992,1034113,4300
10993,1034113,2970
10994,1034113,4980
10995,1034113,14250
10996,1034113,5870
10997,1034113,8290
10998,1034113,3720
10999,1034113,12070
11000,1000000,68400
11001,1000000,43480
11002,1034113,4030
11003,1034113,10280
11004,1000000,48780
11005,1034113,9290
11006,1034113,5140
11007,1034113,3180
11008,1034113,2040
11009,1000000,17000
11010,1034113,6720
11011,1034113,2190
11012,1034113,1300
11013,1000000,26580
11014,1034113,1000
11015,1034113,5750
11016,1000000,104790
11017,1000000,31110
11018,1034113,1000
11019,1000000,49130
11020,1000000,23940
11021,1034113,1000
11022,1034113,7920
11023,1034113,6360
11024,1034113,1600
11025,1034113,10980
11026,1000000,46130
11027,1034113,11830
11028,1034113,14990
11029,1000000,24740
11030,1034113,1000
11031,1000000,49950
11032,1034113,2810
11033,1034113,6950
11034,1034113,1250
11035,1034113,1730
11036,1000000,32150
11037,1034113,1000
11038,1034113,9630
11039,1034113,1320
11040,1034113,12040
11041,1034113,12990
11042,1034113,4040
11043,1000000,37360
11044,1000000,24050
11045,1034113,1750
11046,1034113,10960
11047,1034113,6970
11048,1034113,1000
11049,1034113,1000
11050,1000000,17040
11051,1034113,2190
11052,1034113,8140
11053,1034113,3320
11054,1034113,10710
11055,1000000,36900
11056,1000000,32060
11057,1034113,9010
11058,1034113,1000
11059,1034113,1000
11060,1034113,6040
11061,1000000,23430
11062,1034113,9060
11063,1034113,1740
11064,1034113,1000
11065,1000000,44620
11066,1000000,43140
11067,1034113,13980
11068,1000000,72190
11069,1000000,112540
11070,1034113,2170
11071,1000000,21040
11072,1000000,72720
11073,1034113,6680
11074,1034113,3460
11075,1034113,11990
11076,1034113,1790
11077,1000000,51950
11078,1034113,13090
11079,1034113,10140
11080,1034113,13420
11081,1034113,3170
11082,1000000,54850
11083,1034113,10170
11084,1034113,12260
11085,1034113,1000
11086,1034113,6890
11087,1034113,8750
11088,1000000,18290
11089,1034113,8990
11090,1034113,1000
11091,1034113,2390
11092,1034113,1540
11093,1034113,5210
11094,1034113,12080
11095,1034113,4390
11096,1034113,9390
11097,1034113,1890
11098,1034113,1000
11099,1034113,1090
11100,1000000,27730
11101,1000000,17980
11102,1034113,2890
11103,1034113,14500
11104,1000000,29760
11105,1034113,1000
11106,1000000,44760
11107,1000000,21380
11108,1034113,3590
11109,1034113,1020
11110,1034113,2040
11111,1034113,1000
11112,1034113,3070
11113,1000000,17290
11114,1034113,7680
11115,1034113,4780
11116,1034113,3600
11117,1034113,12400
11118,1000000,19720
11119,1034113,1000
11120,1034113,13260
11121,1034113,1270
11122,1000000,17020
11123,1000000,19160
11124,1034113,6030
11125,1000000,122320
11126,1000000,66630
11127,1034113,10820
11128,1000000,37710
11129,1000000,47420
11130,1000000,40100
11131,1000000,74330
11132,1034113,1000
11133,1000000,17780
11134,1000000,22980
11135,1034113,12790
11136,1034113,1760
11137,1034113,1000
11138,1000000,26000
11139,1034113,4980
11140,1034113,1380
11141,1034113,1000
11142,1034113,10420
11143,1034113,14890
11144,1034113,1000
11145,1000000,52300
11146,1034113,1960
11147,1034113,3900
11148,1000000,21630
11149,1034113,7730
11150,1034113,6900
11151,1034113,4510
11152,1034113,1970
11153,1034113,11910
11154,1034113,1000
11155,1034113,1180
11156,1034113,11080
11157,1000000,18910
11158,1034113,13010
11159,1000000,58830
11160,1034113,1000
11161,1000000,111460
11162,1000000,16590
11163,1000000,55270
11164,1034113,4170
11165,1034113,11590
11166,1034113,6000
11167,1034113,2010
11168,1034113,1010
11169,1034113,1850
11170,1000000,50280
11171,1034113,1000
11172,1034113,4610
11173,4611,1000000
11174,1034113,2750
11175,1034113,1350
11176,1034113,10340
11177,1034113,1850
11178,1034113,1790
11179,1000000,177310
11180,1034113,1000
11181,1034113,6970
11182,1034113,2240
11183,1034113,1830
11184,1000000,16640
11185,1034113,1000
11186,1034113,2430
11187,1034113,2150
11188,1000000,24300
11189,1034113,13620
11190,1034113,6740
11191,1000000,15460
11192,1034113,1000
11193,1034113,8820
11194,1034113,4890
11195,1000000,48210
11196,1034113,1090
11197,1034113,1000
11198,1034113,3100
11199,1034113,1000
11200,1034113,2430
11201,1034113,4570
11202,1034113,4850
11203,1034113,11830
11204,1034113,13780
11205,1000000,15580
11206,1000000,44690
11207,1034113,1200
11208,1034113,1000
11209,1034113,11750
11210,1034113,7910
11211,1000000,17280
11212,1034113,3530
11213,1034113,4330
11214,1000000,15110
11215,1000000,52460
11216,1034113,5060
11217,1034113,11260
11218,1034113,8140
11219,1034113,9380
11220,1034113,6350
11221,1034113,1000
11222,1034113,2910
11223,1034113,2840
11224,1034113,6270
11225,1034113,1000
11226,1034113,1000
11227,1000000,24180
11228,1034113,2650
11229,1034113,14030
11230,1034113,5830
11231,1034113,3620
11232,1034113,1000
11233,1034113,1560
11234,1034113,3530
11235,1000000,18790
11236,1034113,1000
11237,1000000,35750
11238,1034113,12350
11239,1000000,22940
11240,1034113,2020
11241,1034113,1000
11242,1034113,5170
11243,1034113,5800
11244,1034113,6540
11245,1034113,8840
11246,1034113,10160
11247,1034113,8220
11248,1034113,12630
11249,1034113,14370
11250,1034113,1270
11251,1000000,39610
11252,1034113,13660
11253,1034113,1900
11254,1000000,30060
11255,1034113,1000
11256,1034113,1200
11257,1034113,1000
11258,1034113,3890
11259,1034113,6160
11260,1034113,3090
11261,1000000,56130
11262,1034113,1560
11263,1034113,1000
11264,1034113,1010
11265,1034113,2350
11266,1000000,26130
11267,1034113,7970
11268,1034113,1000
11269,1000000,37030
11270,1034113,1230
11271,1000000,55570
11272,1034113,1000
11273,1034113,6720
11274,1034113,3910
11275,1034113,4770
11276,1034113,1000
11277,1000000,27370
11278,1034113,1000
11279,1034113,1000
11280,1034113,3130
11281,1034113,12640
11282,1034113,4370
11283,1034113,2980
11284,1034113,1000
11285,1034113,14350
11286,1034113,6780
11287,1034113,1470
11288,1034113,1380
11289,1000000,74660
11290,1034113,4600
11291,1000000,25720
11292,1034113,10800
11293,1034113,10260
11294,1000000,41670
11295,1034113,1000
11296,1034113,7770
11297,1034113,12180
11298,1034113,1390
11299,1000000,31950
11300,1034113,1000
11301,1034113,1520
11302,1000000,47730
11303,1034113,3020
11304,1034113,2180
11305,1000000,33430
11306,1034113,8060
11307,1000000,115320
11308,1000000,46420
11309,1034113,4880
11310,1000000,45170
11311,1000000,23160
11312,1000000,20120
11313,1034113,13970
11314,1034113,3670
11315,1034113,2710
11316,1000000,42150
11317,1034113,4140
11318,1034113,12350
11319,1000000,47470
11320,1034113,14590
11321,1000000,19720
11322,1034113,1970
11323,1034113,1000
11324,1034113,6030
11325,1034113,12470
11326,1034113,7790
11327,1034113,7560
11328,1034113,4180
11329,1034113,1000
11330,1034113,1000
11331,1000000,23500
11332,1000000,29330
11333,1000000,32360
11334,1034113,3400
11335,1034113,2240
11336,1000000,70110
11337,1000000,22690
11338,1000000,37680
11339,1034113,5060
11340,1034113,12140
11341,1000000,15460
11342,1034113,3770
11343,1034113,10260
11344,1034113,11830
11345,1034113,10220
11346,1034113,1000
11347,1034113,10410
11348,1000000,51850
11349,1034113,5710
11350,1034113,6310
11351,1034113,7610
11352,1000000,57900
11353,1034113,11050
11354,1034113,1510
11355,1000000,24120
11356,1034113,1110
11357,1034113,1340
11358,1034113,2640
11359,1034113,1000
11360,1034113,6250
11361,1034113,1000
11362,1034113,1000
11363,1034113,5370
11364,1000000,80960
11365,1000000,31350
11366,1000000,20700
11367,1034113,7150
11368,1034113,1450
11369,1034113,2520
11370,1034113,2130
11371,1034113,4230
11372,1034113,1290
11373,1000000,16570
11374,1000000,16310
11375,1034113,3400
11376,1034113,1000
11377,1034113,3720
11378,1034113,2720
11379,1034113,9360
11380,1034113,3670
11381,1000000,26460
11382,1034113,1040
11383,1034113,2900
11384,1034113,1000
11385,1000000,19320
11386,1034113,1080
11387,1034113,2600
11388,1034113,8360
11389,1034113,5970
11390,1034113,2510
11391,1034113,6230
11392,1034113,1000
11393,1034113,1070
11394,1034113,1840
11395,1034113,2390
11396,1034113,8980
11397,1000000,51120
11398,1034113,2160
11399,1034113,2440
11400,1034113,2120
11401,1034113,1000
11402,1000000,24450
11403,1034113,5870
11404,1034113,4220
11405,1034113,1000
11406,1034113,1000
11407,1034113,6680
11408,1034113,10230
11409,1034113,3780
11410,1034113,5650
11411,1034113,1170
11412,1034113,2180
11413,1000000,24090
11414,1034113,1570
11415,1000000,19530
11416,1034113,3070
11417,4611,1000000
11418,1034113,3500
11419,1034113,11150
11420,1034113,1160
11421,1034113,2200
11422,1000000,18160
11423,1000000,28150
11424,1000000,17920
11425,1034113,1630
11426,1034113,5150
11427,1000000,144810
11428,1000000,33340
11429,1034113,13210
11430,1000000,250890
11431,1034113,1210
11432,1034113,6830
11433,1034113,10680
11434,1000000,15130
11435,1000000,17180
11436,1034113,3820
11437,1034113,1790
11438,1000000,19890
11439,1034113,4460
11440,1000000,20910
11441,1034113,1070
11442,1034113,1000
11443,1000000,19040
11444,1034113,2120
11445,1000000,24090
11446,1034113,7080
11447,4611,1000000
11448,1034113,14210
11449,1000000,29680
11450,1034113,7630
11451,1000000,16700
11452,1000000,21020
11453,1000000,45340
11454,1034113,4040
11455,1000000,15080
11456,1034113,14310
11457,1000000,32230
11458,1034113,10950
11459,1034113,1190
11460,1034113,2470
11461,1034113,4100
11462,1000000,18960
11463,1034113,7040
11464,1034113,2330
11465,1000000,26060
11466,1034113,1000
11467,1034113,1250
11468,1034113,7310
11469,1034113,2230
11470,1034113,1560
11471,1034113,6470
11472,1000000,21330
11473,1034113,5390
11474,1000000,15330
11475,1034113,5050
11476,1000000,44550
11477,1034113,3560
11478,1034113,3070
11479,1034113,8160
11480,1034113,6550
11481,1034113,1000
11482,1034113,1080
11483,1000000,38120
11484,1034113,4230
11485,1000000,50880
11486,1034113,1000
11487,1034113,4350
11488,1000000,149800
11489,1034113,6030
11490,1000000,15310
11491,1034113,9230
11492,1034113,1000
11493,1034113,2200
11494,1000000,20060
11495,1034113,6550
11496,1000000,21140
11497,1000000,33520
11498,1000000,24820
11499,1034113,4560
11500,1034113,10720
11501,1000000,33640
11502,1034113,7960
11503,1034113,5930
11504,1034113,7320
11505,1034113,2820
11506,1034113,4740
11507,1000000,24370
11508,1034113,1180
11509,1034113,1000
11510,1034113,11050
11511,1000000,21730
11512,1034113,11980
11513,1034113,7930
11514,1034113,10270
11515,1034113,8480
11516,1034113,1000
11517,1034113,1000
11518,1000000,19070
11519,1034113,2360
11520,1000000,24010
11521,1034113,2150
11522,1034113,4490
11523,1034113,1000
11524,1000000,57580
11525,1000000,15000
11526,1034113,13530
11527,1034113,8370
11528,1034113,4740
11529,1000000,53710
11530,1000000,19660
11531,1034113,7370
11532,1000000,18040
11533,1034113,1120
11534,1000000,22470
11535,1000000,43040
11536,1034113,2510
11537,1034113,2380
11538,1034113,14300
11539,1034113,1000
11540,1034113,1840
11541,1034113,1000
11542,1034113,6520
11543,1000000,63560
11544,1000000,42350
11545,1034113,2910
11546,1034113,5800
11547,1000000,26600
11548,1000000,19320
11549,1000000,113320
11550,1034113,4310
11551,1034113,1480
11552,1000000,65440
11553,1034113,1000
11554,1034113,4310
11555,1034113,1000
11556,1034113,1680
11557,1000000,23680
11558,1034113,8610
11559,1000000,28560
11560,1034113,6350
11561,1034113,1570
11562,1034113,6690
11563,1034113,4030
11564,1034113,1000
11565,1034113,1000
11566,1000000,33850
11567,1034113,3080
11568,1034113,2340
11569,1034113,3330
11570,1034113,4610
11571,1000000,25270
11572,1000000,30750
11573,1034113,3690
11574,1034113,1000
11575,1000000,17360
11576,1034113,1870
11577,1034113,7600
11578,1034113,9330
11579,1034113,2470
11580,1034113,1000
11581,1000000,36550
11582,1000000,71290
11583,1034113,6230
11584,1034113,6770
11585,1034113,1000
11586,1000000,53580
11587,1034113,3510
11588,1000000,29350
11589,1000000,41660
11590,1034113,2090
11591,1034113,14590
11592,1034113,1710
11593,1034113,8580
11594,1034113,2560
11595,1034113,9950
11596,1034113,5820
11597,1034113,1000
11598,1000000,72950
11599,1034113,11820
11600,1000000,47670
11601,1034113,9240
11602,1000000,51580
11603,1034113,4480
11604,1034113,14280
11605,1034113,3570
11606,1034113,2020
11607,1034113,1650
11608,1034113,2540
11609,1034113,6930
11610,1034113,5140
11611,1034113,3280
11612,1034113,2910
11613,1034113,1000
11614,1034113,3950
11615,1000000,34550
11616,1000000,19750
11617,1000000,95150
11618,1034113,5110
11619,1000000,23940
11620,1000000,61620
11621,1034113,10680
11622,1000000,42580
11623,1034113,1370
11624,1034113,6690
11625,1034113,13190
11626,1034113,1000
11627,1034113,11320
11628,1034113,1470
11629,1034113,3430
11630,1034113,1000
11631,1034113,1000
11632,1000000,18350
11633,1034113,6800
11634,1034113,1950
11635,1000000,53880
11636,1034113,11660
11637,1034113,1000
11638,1034113,3080
11639,1034113,2970
11640,1034113,4740
11641,1000000,23370
11642,1034113,6360
11643,1034113,5390
11644,1034113,4760
11645,1034113,2490
11646,1034113,3370
11647,1034113,2370
11648,1000000,20140
11649,1034113,14190
11650,1034113,1910
11651,1000000,19860
11652,1034113,1000
11653,1034113,12180
11654,1000000,17020
11655,1034113,6380
11656,1034113,1100
11657,1034113,5030
11658,1034113,1050
11659,1034113,1000
11660,1034113,1490
11661,1034113,4860
11662,1000000,18780
11663,1034113,5920
11664,1034113,1000
11665,1034113,2410
11666,1034113,2370
11667,1000000,21050
11668,1000000,30550
11669,1034113,5150
11670,1034113,7410
11671,1034113,5020
11672,1034113,1000
11673,1000000,38350
11674,1000000,48290
11675,1034113,5290
11676,1034113,2580
11677,1034113,12700
11678,1000000,32420
11679,1034113,5360
11680,1034113,1000
11681,1034113,3660
11682,1034113,1000
11683,1034113,1170
11684,1000000,19940
11685,1034113,10950
11686,1034113,12110
11687,1034113,3100
11688,1034113,10650
11689,1000000,42320
11690,1034113,3330
11691,1000000,15360
11692,1000000,17480
11693,1034113,3070
11694,1034113,3140
11695,1034113,11150
11696,1034113,1000
11697,1034113,10820
11698,1034113,1000
11699,1034113,2320
11700,1034113,1000
11701,1034113,6130
11702,1034113,4040
11703,1034113,7800
11704,1034113,6970
11705,1034113,6180
11706,1034113,1930
11707,1034113,1060
11708,1000000,19410
11709,1034113,11460
11710,1034113,2060
11711,1034113,2710
11712,1034113,4040
11713,1000000,77240
11714,1034113,7510
11715,1034113,13890
11716,1000000,41580
11717,1034113,6490
11718,1034113,12950
11719,1000000,21410
11720,1000000,47840
11721,1034113,2450
11722,1034113,7930
11723,1034113,13490
11724,1034113,1000
11725,1034113,9180
11726,1034113,4900
11727,1000000,28630
11728,1034113,6490
11729,1034113,6550
11730,1034113,13060
11731,1034113,5100
11732,1034113,3230
11733,1034113,2170
11734,1034113,2660
11735,1034113,6320
11736,1034113,7540
11737,1034113,1000
11738,1034113,13780
11739,1034113,10110
11740,1034113,3890
11741,1000000,21410
11742,1034113,1000
11743,1000000,19890
11744,1000000,24790
11745,1034113,4330
11746,4611,1000000
11747,1034113,1700
11748,1034113,14580
11749,1034113,7870
11750,1034113,7780
11751,1034113,5800
11752,1034113,6580
11753,1034113,8060
11754,1034113,8810
11755,1034113,11810
11756,1000000,34100
11757,1034113,10650
11758,1034113,7220
11759,1000000,63670
11760,1034113,2130
11761,1000000,29800
11762,1000000,55230
11763,1034113,6050
11764,1034113,1680
11765,1000000,21040
11766,1034113,2530
11767,1034113,3270
11768,1034113,3040
11769,1034113,1590
11770,1034113,2530
11771,1034113,1000
11772,1000000,73440
11773,1000000,39430
11774,1034113,11510
11775,1034113,3210
11776,1000000,28640
11777,1000000,21340
11778,1034113,1000
11779,1034113,1000
11780,1034113,7410
11781,1034113,11550
11782,1034113,4350
11783,1034113,1600
11784,1034113,6630
11785,1034113,2660
11786,1034113,1000
11787,1000000,16820
11788,1034113,5860
11789,1034113,6460
11790,1034113,1000
11791,1034113,1830
11792,1034113,10370
11793,1034113,3770
11794,1000000,34610
11795,1034113,2530
11796,1000000,41290
11797,1034113,5070
11798,1034113,3140
11799,1000000,49050
11800,1034113,7960
11801,1034113,9350
11802,1034113,1000
11803,1000000,59570
11804,1034113,9990
11805,1034113,1410
11806,1034113,1050
11807,1000000,28870
11808,1000000,27340
11809,1034113,2560
11810,1034113,8000
11811,1034113,5630
11812,1000000,34970
11813,1034113,4700
11814,1034113,1000
11815,1034113,1640
11816,1034113,6470
11817,1000000,17450
11818,1034113,5130
11819,1034113,5370
11820,1000000,26380
11821,1000000,28080
11822,1034113,4900
11823,1000000,24880
11824,1034113,6960
11825,1000000,72500
11826,1034113,11060
11827,1034113,1610
11828,1034113,7010
11829,1000000,22300
11830,1000000,16610
11831,1034113,1740
11832,1034113,5860
11833,1000000,27980
11834,1000000,29850
11835,1034113,5160
11836,1034113,1000
11837,1000000,28090
11838,1034113,10390
11839,1034113,5690
11840,1034113,6430
11841,1000000,47040
11842,1000000,16640
11843,1034113,6240
11844,1000000,22950
11845,1034113,4240
11846,1000000,16000
11847,1034113,2320
11848,1034113,6880
11849,1000000,22990
11850,1000000,209620
11851,1034113,1000
11852,1034113,6490
11853,1034113,5770
11854,1000000,77380
11855,1034113,2660
11856,1034113,4380
11857,1034113,2750
11858,1034113,1010
11859,1000000,31400
11860,1034113,5770
11861,1034113,6080
11862,1034113,8850
11863,1034113,2410
11864,1034113,3580
11865,1034113,1340
11866,1034113,1000
11867,1034113,9860
11868,1034113,4740
11869,1034113,12030
11870,1034113,4660
11871,1000000,20260
11872,1034113,12670
11873,1034113,1000
11874,1034113,2400
11875,1034113,2590
11876,1000000,66940
11877,1034113,4030
11878,1034113,8050
11879,1034113,3090
11880,1034113,1000
11881,1034113,1870
11882,1034113,6030
11883,1034113,8990
11884,1034113,7740
11885,1000000,16540
11886,1034113,13160
11887,1034113,1530
11888,1034113,12640
11889,1034113,1000
11890,1034113,13360
11891,1000000,135890
11892,1034113,1050
11893,1034113,10370
11894,1000000,17900
11895,1000000,27160
11896,1034113,1780
11897,1034113,6770
11898,1034113,1000
11899,1034113,2490
11900,1000000,17250
11901,1000000,59890
11902,1034113,1350
11903,1000000,19670
11904,1034113,1000
11905,1034113,1320
11906,1034113,3250
11907,1000000,52240
11908,1000000,61430
11909,1034113,1000
11910,1034113,7280
11911,1034113,11420
11912,1034113,1000
11913,1034113,5530
11914,1000000,41400
11915,1034113,2100
11916,1034113,1280
11917,1000000,27410
11918,1034113,1470
11919,1000000,33530
11920,1034113,2860
11921,1034113,1560
11922,1000000,93560
11923,1034113,2520
11924,1034113,6390
11925,1034113,6710
11926,1034113,3620
11927,1000000,23050
11928,1034113,1000
11929,1034113,1710
11930,1034113,1000
11931,1034113,14990
11932,1000000,47130
11933,1034113,12400
11934,1000000,29150
11935,1034113,14110
11936,1034113,2930
11937,1000000,22940
11938,1034113,1000
11939,1000000,20350
11940,1000000,48330
11941,1034113,6280
11942,1034113,12370
11943,1034113,5910
11944,1000000,16400
11945,1034113,13790
11946,1034113,2940
11947,1000000,16630
11948,1034113,5510
11949,1034113,1450
11950,1034113,12330
11951,1034113,5740
11952,1000000,21690
11953,1034113,5900
11954,1034113,1000
11955,1034113,9160
11956,1000000,15400
11957,1034113,1930
11958,1034113,5360
11959,1000000,18480
11960,1034113,1000
11961,1000000,36570
11962,1000000,20700
11963,1034113,3200
11964,1000000,97790
11965,1000000,51250
11966,1000000,47420
11967,1034113,2510
11968,1034113,11290
11969,1034113,1000
11970,1000000,17200
11971,1034113,4080
11972,1000000,52220
11973,1034113,4780
11974,1000000,50400
11975,1000000,141520
11976,1034113,7700
11977,1000000,42640
11978,1000000,52360
11979,1034113,1000
11980,1034113,9900
11981,1000000,48070
11982,1034113,2040
11983,1034113,3640
11984,1034113,1000
11985,1034113,4240
11986,1000000,42360
11987,1000000,44920
11988,1000000,17590
11989,1034113,3530
11990,1000000,18100
11991,1000000,83000
11992,1034113,9800
11993,1000000,147440
11994,1034113,1000
11995,1034113,1000
11996,1000000,17880
11997,1034113,13320
11998,1034113,1920
11999,1034113,11370
12000,1034113,1560
12001,1034113,9540
12002,1034113,10530
12003,1034113,7180
12004,1000000,22200
12005,1034113,9900
12006,1034113,1660
12007,1034113,2070
12008,1034113,8600
12009,1034113,12610
12010,1034113,11440
12011,1034113,10790
12012,1034113,4880
12013,1034113,2110
12014,1000000,37020
12015,1000000,21180
12016,1034113,2610
12017,1034113,3650
12018,1034113,8270
12019,1034113,4980
12020,1034113,2710
12021,1034113,1100
12022,1000000,27270
12023,1034113,14180
12024,1034113,8360
12025,1000000,33410
12026,1034113,1000
12027,1034113,2560
12028,1034113,1070
12029,1034113,5070
12030,1034113,1870
12031,1034113,8510
12032,1034113,14670
12033,1034113,2520
12034,1034113,6550
12035,1000000,120200
12036,1034113,8580
12037,1000000,17440
12038,1034113,1000
12039,1034113,1700
12040,1034113,4710
